Workbook

Sheet 안내
A1: 27SS 판정 백데이터 시트 — 운영 시트(27SS_생진테+소재DB)가 끌어다 쓰는 계산 전용 시트입니다.
A3: ■ 이 시트가 하는 일
A4: · 작지발행(일매·디자인담당 결재, EDW R열) / 사양확정(EDW U열) 판정을 SUMPRODUCT+LEN 방식으로 계산
A5: (IMPORTRANGE 빈 셀을 O로 오집계하던 COUNTIFS 버그 수정판)
A6: · LAB DIP CFM: 소재DB Merged Data AK열, Drop 제외 최근 컨펌일
A7: · EDW·소재DB가 갱신되면 이 시트도, 이 시트를 참조하는 운영 시트도 자동 갱신됩니다.
A9: ■ 최초 1회 설정 (액세스 허용 2번)
A10: 1) EDW_RAW 탭 A2 셀 선택 → '액세스 허용' 클릭
A11: 2) 소재DB_RAW 탭 A3 셀 선택 → '액세스 허용' 클릭
A13: ■ 운영 시트 연결 (Q5·AA5에 수식 1개씩 — 별도 안내 참조)
A14: · 운영 시트에서 최초 1회 이 시트에 대한 '액세스 허용' 필요
A16: ■ 주의: 판정 탭의 수식·품번은 수정하지 마세요. 품번 목록은 0808 원본 424 스타일 기준입니다.

Sheet 판정
A1: 품번 | B1: 작지발행(일매) | C1: 사양확정 | D1: LAB DIP CFM | E1: LAB DIP(텍스트) | G1: 검증 카운터 (자동)
A2: 8UJGX27101 | B2: =IF(COUNTIF(EDW_RAW!$A$2:$A$1500,$A2)=0,"",IF(SUMPRODUCT((EDW_RAW!$A$2:$A$1500=$A2)*(LEN(EDW_RAW!$R$2:$R$1500)>0))=COUNTIF(EDW_RAW!$A$2:$A$1500,$A2),"O",IF(SUMPRODUCT((EDW_RAW!$A$2:$A$1500=$A2)*(LEN(EDW_RAW!$R$2:$R$1500)>0))>0,"부분","X"))) | C2: =IF(COUNTIF(EDW_RAW!$A$2:$A$1500,$A2)=0,"",IF(SUMPRODUCT((EDW_RAW!$A$2:$A$1500=$A2)*(LEN(EDW_RAW!$U$2:$U$1500)>0))=COUNTIF(EDW_RAW!$A$2:$A$1500,$A2),"O",IF(SUMPRODUCT((EDW_RAW!$A$2:$A$1500=$A2)*(LEN(EDW_RAW!$U$2:$U$1500)>0))>0,"부분","X"))) | D2: =IFERROR(MAX(FILTER(소재DB_RAW!$AK$3:$AK$2000,(소재DB_RAW!$G$3:$G$2000=$A2)*ISERROR(SEARCH("drop",소재DB_RAW!$C$3:$C$2000))*(소재DB_RAW!$AK$3:$AK$2000<>""))),"") | E2: =IF($D2="","",TEXT($D2,"yyyy-mm-dd")) | G2: 작지 O | H2: =COUNTIF($B$2:$B$425,"O")
A3: 8UPNX27101 | B3: =IF(COUNTIF(EDW_RAW!$A$2:$A$1500,$A3)=0,"",IF(SUMPRODUCT((EDW_RAW!$A$2:$A$1500=$A3)*(LEN(EDW_RAW!$R$2:$R$1500)>0))=COUNTIF(EDW_RAW!$A$2:$A$1500,$A3),"O",IF(SUMPRODUCT((EDW_RAW!$A$2:$A$1500=$A3)*(LEN(EDW_RAW!$R$2:$R$1500)>0))>0,"부분","X"))) | C3: =IF(COUNTIF(EDW_RAW!$A$2:$A$1500,$A3)=0,"",IF(SUMPRODUCT((EDW_RAW!$A$2:$A$1500=$A3)*(LEN(EDW_RAW!$U$2:$U$1500)>0))=COUNTIF(EDW_RAW!$A$2:$A$1500,$A3),"O",IF(SUMPRODUCT((EDW_RAW!$A$2:$A$1500=$A3)*(LEN(EDW_RAW!$U$2:$U$1500)>0))>0,"부분","X"))) | D3: =IFERROR(MAX(FILTER(소재DB_RAW!$AK$3:$AK$2000,(소재DB_RAW!$G$3:$G$2000=$A3)*ISERROR(SEARCH("drop",소재DB_RAW!$C$3:$C$2000))*(소재DB_RAW!$AK$3:$AK$2000<>""))),"") | E3: =IF($D3="","",TEXT($D3,"yyyy-mm-dd")) | G3: 작지 부분 | H3: =COUNTIF($B$2:$B$425,"부분")
A4: 8UJJX27102 | B4: =IF(COUNTIF(EDW_RAW!$A$2:$A$1500,$A4)=0,"",IF(SUMPRODUCT((EDW_RAW!$A$2:$A$1500=$A4)*(LEN(EDW_RAW!$R$2:$R$1500)>0))=COUNTIF(EDW_RAW!$A$2:$A$1500,$A4),"O",IF(SUMPRODUCT((EDW_RAW!$A$2:$A$1500=$A4)*(LEN(EDW_RAW!$R$2:$R$1500)>0))>0,"부분","X"))) | C4: =IF(COUNTIF(EDW_RAW!$A$2:$A$1500,$A4)=0,"",IF(SUMPRODUCT((EDW_RAW!$A$2:$A$1500=$A4)*(LEN(EDW_RAW!$U$2:$U$1500)>0))=COUNTIF(EDW_RAW!$A$2:$A$1500,$A4),"O",IF(SUMPRODUCT((EDW_RAW!$A$2:$A$1500=$A4)*(LEN(EDW_RAW!$U$2:$U$1500)>0))>0,"부분","X"))) | D4: =IFERROR(MAX(FILTER(소재DB_RAW!$AK$3:$AK$2000,(소재DB_RAW!$G$3:$G$2000=$A4)*ISERROR(SEARCH("drop",소재DB_RAW!$C$3:$C$2000))*(소재DB_RAW!$AK$3:$AK$2000<>""))),"") | E4: =IF($D4="","",TEXT($D4,"yyyy-mm-dd")) | G4: 작지 X | H4: =COUNTIF($B$2:$B$425,"X")
A5: 8UJJX27101 | B5: =IF(COUNTIF(EDW_RAW!$A$2:$A$1500,$A5)=0,"",IF(SUMPRODUCT((EDW_RAW!$A$2:$A$1500=$A5)*(LEN(EDW_RAW!$R$2:$R$1500)>0))=COUNTIF(EDW_RAW!$A$2:$A$1500,$A5),"O",IF(SUMPRODUCT((EDW_RAW!$A$2:$A$1500=$A5)*(LEN(EDW_RAW!$R$2:$R$1500)>0))>0,"부분","X"))) | C5: =IF(COUNTIF(EDW_RAW!$A$2:$A$1500,$A5)=0,"",IF(SUMPRODUCT((EDW_RAW!$A$2:$A$1500=$A5)*(LEN(EDW_RAW!$U$2:$U$1500)>0))=COUNTIF(EDW_RAW!$A$2:$A$1500,$A5),"O",IF(SUMPRODUCT((EDW_RAW!$A$2:$A$1500=$A5)*(LEN(EDW_RAW!$U$2:$U$1500)>0))>0,"부분","X"))) | D5: =IFERROR(MAX(FILTER(소재DB_RAW!$AK$3:$AK$2000,(소재DB_RAW!$G$3:$G$2000=$A5)*ISERROR(SEARCH("drop",소재DB_RAW!$C$3:$C$2000))*(소재DB_RAW!$AK$3:$AK$2000<>""))),"") | E5: =IF($D5="","",TEXT($D5,"yyyy-mm-dd")) | G5: 작지 공란(EDW없음) | H5: =SUMPRODUCT(--(LEN($B$2:$B$425)=0))
A6: 8UPNX27102 | B6: =IF(COUNTIF(EDW_RAW!$A$2:$A$1500,$A6)=0,"",IF(SUMPRODUCT((EDW_RAW!$A$2:$A$1500=$A6)*(LEN(EDW_RAW!$R$2:$R$1500)>0))=COUNTIF(EDW_RAW!$A$2:$A$1500,$A6),"O",IF(SUMPRODUCT((EDW_RAW!$A$2:$A$1500=$A6)*(LEN(EDW_RAW!$R$2:$R$1500)>0))>0,"부분","X"))) | C6: =IF(COUNTIF(EDW_RAW!$A$2:$A$1500,$A6)=0,"",IF(SUMPRODUCT((EDW_RAW!$A$2:$A$1500=$A6)*(LEN(EDW_RAW!$U$2:$U$1500)>0))=COUNTIF(EDW_RAW!$A$2:$A$1500,$A6),"O",IF(SUMPRODUCT((EDW_RAW!$A$2:$A$1500=$A6)*(LEN(EDW_RAW!$U$2:$U$1500)>0))>0,"부분","X"))) | D6: =IFERROR(MAX(FILTER(소재DB_RAW!$AK$3:$AK$2000,(소재DB_RAW!$G$3:$G$2000=$A6)*ISERROR(SEARCH("drop",소재DB_RAW!$C$3:$C$2000))*(소재DB_RAW!$AK$3:$AK$2000<>""))),"") | E6: =IF($D6="","",TEXT($D6,"yyyy-mm-dd")) | G6: 사양 O | H6: =COUNTIF($C$2:$C$425,"O")
A7: 8UJJS27105 | B7: =IF(COUNTIF(EDW_RAW!$A$2:$A$1500,$A7)=0,"",IF(SUMPRODUCT((EDW_RAW!$A$2:$A$1500=$A7)*(LEN(EDW_RAW!$R$2:$R$1500)>0))=COUNTIF(EDW_RAW!$A$2:$A$1500,$A7),"O",IF(SUMPRODUCT((EDW_RAW!$A$2:$A$1500=$A7)*(LEN(EDW_RAW!$R$2:$R$1500)>0))>0,"부분","X"))) | C7: =IF(COUNTIF(EDW_RAW!$A$2:$A$1500,$A7)=0,"",IF(SUMPRODUCT((EDW_RAW!$A$2:$A$1500=$A7)*(LEN(EDW_RAW!$U$2:$U$1500)>0))=COUNTIF(EDW_RAW!$A$2:$A$1500,$A7),"O",IF(SUMPRODUCT((EDW_RAW!$A$2:$A$1500=$A7)*(LEN(EDW_RAW!$U$2:$U$1500)>0))>0,"부분","X"))) | D7: =IFERROR(MAX(FILTER(소재DB_RAW!$AK$3:$AK$2000,(소재DB_RAW!$G$3:$G$2000=$A7)*ISERROR(SEARCH("drop",소재DB_RAW!$C$3:$C$2000))*(소재DB_RAW!$AK$3:$AK$2000<>""))),"") | E7: =IF($D7="","",TEXT($D7,"yyyy-mm-dd")) | G7: 사양 부분 | H7: =COUNTIF($C$2:$C$425,"부분")
A8: 8UPNS27105 | B8: =IF(COUNTIF(EDW_RAW!$A$2:$A$1500,$A8)=0,"",IF(SUMPRODUCT((EDW_RAW!$A$2:$A$1500=$A8)*(LEN(EDW_RAW!$R$2:$R$1500)>0))=COUNTIF(EDW_RAW!$A$2:$A$1500,$A8),"O",IF(SUMPRODUCT((EDW_RAW!$A$2:$A$1500=$A8)*(LEN(EDW_RAW!$R$2:$R$1500)>0))>0,"부분","X"))) | C8: =IF(COUNTIF(EDW_RAW!$A$2:$A$1500,$A8)=0,"",IF(SUMPRODUCT((EDW_RAW!$A$2:$A$1500=$A8)*(LEN(EDW_RAW!$U$2:$U$1500)>0))=COUNTIF(EDW_RAW!$A$2:$A$1500,$A8),"O",IF(SUMPRODUCT((EDW_RAW!$A$2:$A$1500=$A8)*(LEN(EDW_RAW!$U$2:$U$1500)>0))>0,"부분","X"))) | D8: =IFERROR(MAX(FILTER(소재DB_RAW!$AK$3:$AK$2000,(소재DB_RAW!$G$3:$G$2000=$A8)*ISERROR(SEARCH("drop",소재DB_RAW!$C$3:$C$2000))*(소재DB_RAW!$AK$3:$AK$2000<>""))),"") | E8: =IF($D8="","",TEXT($D8,"yyyy-mm-dd")) | G8: 사양 X | H8: =COUNTIF($C$2:$C$425,"X")
A9: 8UJJS27101 | B9: =IF(COUNTIF(EDW_RAW!$A$2:$A$1500,$A9)=0,"",IF(SUMPRODUCT((EDW_RAW!$A$2:$A$1500=$A9)*(LEN(EDW_RAW!$R$2:$R$1500)>0))=COUNTIF(EDW_RAW!$A$2:$A$1500,$A9),"O",IF(SUMPRODUCT((EDW_RAW!$A$2:$A$1500=$A9)*(LEN(EDW_RAW!$R$2:$R$1500)>0))>0,"부분","X"))) | C9: =IF(COUNTIF(EDW_RAW!$A$2:$A$1500,$A9)=0,"",IF(SUMPRODUCT((EDW_RAW!$A$2:$A$1500=$A9)*(LEN(EDW_RAW!$U$2:$U$1500)>0))=COUNTIF(EDW_RAW!$A$2:$A$1500,$A9),"O",IF(SUMPRODUCT((EDW_RAW!$A$2:$A$1500=$A9)*(LEN(EDW_RAW!$U$2:$U$1500)>0))>0,"부분","X"))) | D9: =IFERROR(MAX(FILTER(소재DB_RAW!$AK$3:$AK$2000,(소재DB_RAW!$G$3:$G$2000=$A9)*ISERROR(SEARCH("drop",소재DB_RAW!$C$3:$C$2000))*(소재DB_RAW!$AK$3:$AK$2000<>""))),"") | E9: =IF($D9="","",TEXT($D9,"yyyy-mm-dd")) | G9: 사양 공란(EDW없음) | H9: =SUMPRODUCT(--(LEN($C$2:$C$425)=0))
A10: 8UPNS27102 | B10: =IF(COUNTIF(EDW_RAW!$A$2:$A$1500,$A10)=0,"",IF(SUMPRODUCT((EDW_RAW!$A$2:$A$1500=$A10)*(LEN(EDW_RAW!$R$2:$R$1500)>0))=COUNTIF(EDW_RAW!$A$2:$A$1500,$A10),"O",IF(SUMPRODUCT((EDW_RAW!$A$2:$A$1500=$A10)*(LEN(EDW_RAW!$R$2:$R$1500)>0))>0,"부분","X"))) | C10: =IF(COUNTIF(EDW_RAW!$A$2:$A$1500,$A10)=0,"",IF(SUMPRODUCT((EDW_RAW!$A$2:$A$1500=$A10)*(LEN(EDW_RAW!$U$2:$U$1500)>0))=COUNTIF(EDW_RAW!$A$2:$A$1500,$A10),"O",IF(SUMPRODUCT((EDW_RAW!$A$2:$A$1500=$A10)*(LEN(EDW_RAW!$U$2:$U$1500)>0))>0,"부분","X"))) | D10: =IFERROR(MAX(FILTER(소재DB_RAW!$AK$3:$AK$2000,(소재DB_RAW!$G$3:$G$2000=$A10)*ISERROR(SEARCH("drop",소재DB_RAW!$C$3:$C$2000))*(소재DB_RAW!$AK$3:$AK$2000<>""))),"") | E10: =IF($D10="","",TEXT($D10,"yyyy-mm-dd")) | G10: LAB DIP 보유 | H10: =COUNTIF($E$2:$E$425,"?*")
A11: 8UTBS27101 | B11: =IF(COUNTIF(EDW_RAW!$A$2:$A$1500,$A11)=0,"",IF(SUMPRODUCT((EDW_RAW!$A$2:$A$1500=$A11)*(LEN(EDW_RAW!$R$2:$R$1500)>0))=COUNTIF(EDW_RAW!$A$2:$A$1500,$A11),"O",IF(SUMPRODUCT((EDW_RAW!$A$2:$A$1500=$A11)*(LEN(EDW_RAW!$R$2:$R$1500)>0))>0,"부분","X"))) | C11: =IF(COUNTIF(EDW_RAW!$A$2:$A$1500,$A11)=0,"",IF(SUMPRODUCT((EDW_RAW!$A$2:$A$1500=$A11)*(LEN(EDW_RAW!$U$2:$U$1500)>0))=COUNTIF(EDW_RAW!$A$2:$A$1500,$A11),"O",IF(SUMPRODUCT((EDW_RAW!$A$2:$A$1500=$A11)*(LEN(EDW_RAW!$U$2:$U$1500)>0))>0,"부분","X"))) | D11: =IFERROR(MAX(FILTER(소재DB_RAW!$AK$3:$AK$2000,(소재DB_RAW!$G$3:$G$2000=$A11)*ISERROR(SEARCH("drop",소재DB_RAW!$C$3:$C$2000))*(소재DB_RAW!$AK$3:$AK$2000<>""))),"") | E11: =IF($D11="","",TEXT($D11,"yyyy-mm-dd")) | G11: 품번 수 | H11: =COUNTA($A$2:$A$425)
A12: 8UTBM27111 | B12: =IF(COUNTIF(EDW_RAW!$A$2:$A$1500,$A12)=0,"",IF(SUMPRODUCT((EDW_RAW!$A$2:$A$1500=$A12)*(LEN(EDW_RAW!$R$2:$R$1500)>0))=COUNTIF(EDW_RAW!$A$2:$A$1500,$A12),"O",IF(SUMPRODUCT((EDW_RAW!$A$2:$A$1500=$A12)*(LEN(EDW_RAW!$R$2:$R$1500)>0))>0,"부분","X"))) | C12: =IF(COUNTIF(EDW_RAW!$A$2:$A$1500,$A12)=0,"",IF(SUMPRODUCT((EDW_RAW!$A$2:$A$1500=$A12)*(LEN(EDW_RAW!$U$2:$U$1500)>0))=COUNTIF(EDW_RAW!$A$2:$A$1500,$A12),"O",IF(SUMPRODUCT((EDW_RAW!$A$2:$A$1500=$A12)*(LEN(EDW_RAW!$U$2:$U$1500)>0))>0,"부분","X"))) | D12: =IFERROR(MAX(FILTER(소재DB_RAW!$AK$3:$AK$2000,(소재DB_RAW!$G$3:$G$2000=$A12)*ISERROR(SEARCH("drop",소재DB_RAW!$C$3:$C$2000))*(소재DB_RAW!$AK$3:$AK$2000<>""))),"") | E12: =IF($D12="","",TEXT($D12,"yyyy-mm-dd"))
A13: 8UJJM27101 | B13: =IF(COUNTIF(EDW_RAW!$A$2:$A$1500,$A13)=0,"",IF(SUMPRODUCT((EDW_RAW!$A$2:$A$1500=$A13)*(LEN(EDW_RAW!$R$2:$R$1500)>0))=COUNTIF(EDW_RAW!$A$2:$A$1500,$A13),"O",IF(SUMPRODUCT((EDW_RAW!$A$2:$A$1500=$A13)*(LEN(EDW_RAW!$R$2:$R$1500)>0))>0,"부분","X"))) | C13: =IF(COUNTIF(EDW_RAW!$A$2:$A$1500,$A13)=0,"",IF(SUMPRODUCT((EDW_RAW!$A$2:$A$1500=$A13)*(LEN(EDW_RAW!$U$2:$U$1500)>0))=COUNTIF(EDW_RAW!$A$2:$A$1500,$A13),"O",IF(SUMPRODUCT((EDW_RAW!$A$2:$A$1500=$A13)*(LEN(EDW_RAW!$U$2:$U$1500)>0))>0,"부분","X"))) | D13: =IFERROR(MAX(FILTER(소재DB_RAW!$AK$3:$AK$2000,(소재DB_RAW!$G$3:$G$2000=$A13)*ISERROR(SEARCH("drop",소재DB_RAW!$C$3:$C$2000))*(소재DB_RAW!$AK$3:$AK$2000<>""))),"") | E13: =IF($D13="","",TEXT($D13,"yyyy-mm-dd"))
A14: 8UTCM27111 | B14: =IF(COUNTIF(EDW_RAW!$A$2:$A$1500,$A14)=0,"",IF(SUMPRODUCT((EDW_RAW!$A$2:$A$1500=$A14)*(LEN(EDW_RAW!$R$2:$R$1500)>0))=COUNTIF(EDW_RAW!$A$2:$A$1500,$A14),"O",IF(SUMPRODUCT((EDW_RAW!$A$2:$A$1500=$A14)*(LEN(EDW_RAW!$R$2:$R$1500)>0))>0,"부분","X"))) | C14: =IF(COUNTIF(EDW_RAW!$A$2:$A$1500,$A14)=0,"",IF(SUMPRODUCT((EDW_RAW!$A$2:$A$1500=$A14)*(LEN(EDW_RAW!$U$2:$U$1500)>0))=COUNTIF(EDW_RAW!$A$2:$A$1500,$A14),"O",IF(SUMPRODUCT((EDW_RAW!$A$2:$A$1500=$A14)*(LEN(EDW_RAW!$U$2:$U$1500)>0))>0,"부분","X"))) | D14: =IFERROR(MAX(FILTER(소재DB_RAW!$AK$3:$AK$2000,(소재DB_RAW!$G$3:$G$2000=$A14)*ISERROR(SEARCH("drop",소재DB_RAW!$C$3:$C$2000))*(소재DB_RAW!$AK$3:$AK$2000<>""))),"") | E14: =IF($D14="","",TEXT($D14,"yyyy-mm-dd"))
A15: 8UPOM27101 | B15: =IF(COUNTIF(EDW_RAW!$A$2:$A$1500,$A15)=0,"",IF(SUMPRODUCT((EDW_RAW!$A$2:$A$1500=$A15)*(LEN(EDW_RAW!$R$2:$R$1500)>0))=COUNTIF(EDW_RAW!$A$2:$A$1500,$A15),"O",IF(SUMPRODUCT((EDW_RAW!$A$2:$A$1500=$A15)*(LEN(EDW_RAW!$R$2:$R$1500)>0))>0,"부분","X"))) | C15: =IF(COUNTIF(EDW_RAW!$A$2:$A$1500,$A15)=0,"",IF(SUMPRODUCT((EDW_RAW!$A$2:$A$1500=$A15)*(LEN(EDW_RAW!$U$2:$U$1500)>0))=COUNTIF(EDW_RAW!$A$2:$A$1500,$A15),"O",IF(SUMPRODUCT((EDW_RAW!$A$2:$A$1500=$A15)*(LEN(EDW_RAW!$U$2:$U$1500)>0))>0,"부분","X"))) | D15: =IFERROR(MAX(FILTER(소재DB_RAW!$AK$3:$AK$2000,(소재DB_RAW!$G$3:$G$2000=$A15)*ISERROR(SEARCH("drop",소재DB_RAW!$C$3:$C$2000))*(소재DB_RAW!$AK$3:$AK$2000<>""))),"") | E15: =IF($D15="","",TEXT($D15,"yyyy-mm-dd"))
A16: 8GPFM27101 | B16: =IF(COUNTIF(EDW_RAW!$A$2:$A$1500,$A16)=0,"",IF(SUMPRODUCT((EDW_RAW!$A$2:$A$1500=$A16)*(LEN(EDW_RAW!$R$2:$R$1500)>0))=COUNTIF(EDW_RAW!$A$2:$A$1500,$A16),"O",IF(SUMPRODUCT((EDW_RAW!$A$2:$A$1500=$A16)*(LEN(EDW_RAW!$R$2:$R$1500)>0))>0,"부분","X"))) | C16: =IF(COUNTIF(EDW_RAW!$A$2:$A$1500,$A16)=0,"",IF(SUMPRODUCT((EDW_RAW!$A$2:$A$1500=$A16)*(LEN(EDW_RAW!$U$2:$U$1500)>0))=COUNTIF(EDW_RAW!$A$2:$A$1500,$A16),"O",IF(SUMPRODUCT((EDW_RAW!$A$2:$A$1500=$A16)*(LEN(EDW_RAW!$U$2:$U$1500)>0))>0,"부분","X"))) | D16: =IFERROR(MAX(FILTER(소재DB_RAW!$AK$3:$AK$2000,(소재DB_RAW!$G$3:$G$2000=$A16)*ISERROR(SEARCH("drop",소재DB_RAW!$C$3:$C$2000))*(소재DB_RAW!$AK$3:$AK$2000<>""))),"") | E16: =IF($D16="","",TEXT($D16,"yyyy-mm-dd"))
A17: 8GJJS27101 | B17: =IF(COUNTIF(EDW_RAW!$A$2:$A$1500,$A17)=0,"",IF(SUMPRODUCT((EDW_RAW!$A$2:$A$1500=$A17)*(LEN(EDW_RAW!$R$2:$R$1500)>0))=COUNTIF(EDW_RAW!$A$2:$A$1500,$A17),"O",IF(SUMPRODUCT((EDW_RAW!$A$2:$A$1500=$A17)*(LEN(EDW_RAW!$R$2:$R$1500)>0))>0,"부분","X"))) | C17: =IF(COUNTIF(EDW_RAW!$A$2:$A$1500,$A17)=0,"",IF(SUMPRODUCT((EDW_RAW!$A$2:$A$1500=$A17)*(LEN(EDW_RAW!$U$2:$U$1500)>0))=COUNTIF(EDW_RAW!$A$2:$A$1500,$A17),"O",IF(SUMPRODUCT((EDW_RAW!$A$2:$A$1500=$A17)*(LEN(EDW_RAW!$U$2:$U$1500)>0))>0,"부분","X"))) | D17: =IFERROR(MAX(FILTER(소재DB_RAW!$AK$3:$AK$2000,(소재DB_RAW!$G$3:$G$2000=$A17)*ISERROR(SEARCH("drop",소재DB_RAW!$C$3:$C$2000))*(소재DB_RAW!$AK$3:$AK$2000<>""))),"") | E17: =IF($D17="","",TEXT($D17,"yyyy-mm-dd"))
A18: 8GPNS27101 | B18: =IF(COUNTIF(EDW_RAW!$A$2:$A$1500,$A18)=0,"",IF(SUMPRODUCT((EDW_RAW!$A$2:$A$1500=$A18)*(LEN(EDW_RAW!$R$2:$R$1500)>0))=COUNTIF(EDW_RAW!$A$2:$A$1500,$A18),"O",IF(SUMPRODUCT((EDW_RAW!$A$2:$A$1500=$A18)*(LEN(EDW_RAW!$R$2:$R$1500)>0))>0,"부분","X"))) | C18: =IF(COUNTIF(EDW_RAW!$A$2:$A$1500,$A18)=0,"",IF(SUMPRODUCT((EDW_RAW!$A$2:$A$1500=$A18)*(LEN(EDW_RAW!$U$2:$U$1500)>0))=COUNTIF(EDW_RAW!$A$2:$A$1500,$A18),"O",IF(SUMPRODUCT((EDW_RAW!$A$2:$A$1500=$A18)*(LEN(EDW_RAW!$U$2:$U$1500)>0))>0,"부분","X"))) | D18: =IFERROR(MAX(FILTER(소재DB_RAW!$AK$3:$AK$2000,(소재DB_RAW!$G$3:$G$2000=$A18)*ISERROR(SEARCH("drop",소재DB_RAW!$C$3:$C$2000))*(소재DB_RAW!$AK$3:$AK$2000<>""))),"") | E18: =IF($D18="","",TEXT($D18,"yyyy-mm-dd"))
A19: 8HJJS27102 | B19: =IF(COUNTIF(EDW_RAW!$A$2:$A$1500,$A19)=0,"",IF(SUMPRODUCT((EDW_RAW!$A$2:$A$1500=$A19)*(LEN(EDW_RAW!$R$2:$R$1500)>0))=COUNTIF(EDW_RAW!$A$2:$A$1500,$A19),"O",IF(SUMPRODUCT((EDW_RAW!$A$2:$A$1500=$A19)*(LEN(EDW_RAW!$R$2:$R$1500)>0))>0,"부분","X"))) | C19: =IF(COUNTIF(EDW_RAW!$A$2:$A$1500,$A19)=0,"",IF(SUMPRODUCT((EDW_RAW!$A$2:$A$1500=$A19)*(LEN(EDW_RAW!$U$2:$U$1500)>0))=COUNTIF(EDW_RAW!$A$2:$A$1500,$A19),"O",IF(SUMPRODUCT((EDW_RAW!$A$2:$A$1500=$A19)*(LEN(EDW_RAW!$U$2:$U$1500)>0))>0,"부분","X"))) | D19: =IFERROR(MAX(FILTER(소재DB_RAW!$AK$3:$AK$2000,(소재DB_RAW!$G$3:$G$2000=$A19)*ISERROR(SEARCH("drop",소재DB_RAW!$C$3:$C$2000))*(소재DB_RAW!$AK$3:$AK$2000<>""))),"") | E19: =IF($D19="","",TEXT($D19,"yyyy-mm-dd"))
A20: 8HPNS27102 | B20: =IF(COUNTIF(EDW_RAW!$A$2:$A$1500,$A20)=0,"",IF(SUMPRODUCT((EDW_RAW!$A$2:$A$1500=$A20)*(LEN(EDW_RAW!$R$2:$R$1500)>0))=COUNTIF(EDW_RAW!$A$2:$A$1500,$A20),"O",IF(SUMPRODUCT((EDW_RAW!$A$2:$A$1500=$A20)*(LEN(EDW_RAW!$R$2:$R$1500)>0))>0,"부분","X"))) | C20: =IF(COUNTIF(EDW_RAW!$A$2:$A$1500,$A20)=0,"",IF(SUMPRODUCT((EDW_RAW!$A$2:$A$1500=$A20)*(LEN(EDW_RAW!$U$2:$U$1500)>0))=COUNTIF(EDW_RAW!$A$2:$A$1500,$A20),"O",IF(SUMPRODUCT((EDW_RAW!$A$2:$A$1500=$A20)*(LEN(EDW_RAW!$U$2:$U$1500)>0))>0,"부분","X"))) | D20: =IFERROR(MAX(FILTER(소재DB_RAW!$AK$3:$AK$2000,(소재DB_RAW!$G$3:$G$2000=$A20)*ISERROR(SEARCH("drop",소재DB_RAW!$C$3:$C$2000))*(소재DB_RAW!$AK$3:$AK$2000<>""))),"") | E20: =IF($D20="","",TEXT($D20,"yyyy-mm-dd"))
A21: 8UTBS27102 | B21: =IF(COUNTIF(EDW_RAW!$A$2:$A$1500,$A21)=0,"",IF(SUMPRODUCT((EDW_RAW!$A$2:$A$1500=$A21)*(LEN(EDW_RAW!$R$2:$R$1500)>0))=COUNTIF(EDW_RAW!$A$2:$A$1500,$A21),"O",IF(SUMPRODUCT((EDW_RAW!$A$2:$A$1500=$A21)*(LEN(EDW_RAW!$R$2:$R$1500)>0))>0,"부분","X"))) | C21: =IF(COUNTIF(EDW_RAW!$A$2:$A$1500,$A21)=0,"",IF(SUMPRODUCT((EDW_RAW!$A$2:$A$1500=$A21)*(LEN(EDW_RAW!$U$2:$U$1500)>0))=COUNTIF(EDW_RAW!$A$2:$A$1500,$A21),"O",IF(SUMPRODUCT((EDW_RAW!$A$2:$A$1500=$A21)*(LEN(EDW_RAW!$U$2:$U$1500)>0))>0,"부분","X"))) | D21: =IFERROR(MAX(FILTER(소재DB_RAW!$AK$3:$AK$2000,(소재DB_RAW!$G$3:$G$2000=$A21)*ISERROR(SEARCH("drop",소재DB_RAW!$C$3:$C$2000))*(소재DB_RAW!$AK$3:$AK$2000<>""))),"") | E21: =IF($D21="","",TEXT($D21,"yyyy-mm-dd"))
A22: 8UJJS27102 | B22: =IF(COUNTIF(EDW_RAW!$A$2:$A$1500,$A22)=0,"",IF(SUMPRODUCT((EDW_RAW!$A$2:$A$1500=$A22)*(LEN(EDW_RAW!$R$2:$R$1500)>0))=COUNTIF(EDW_RAW!$A$2:$A$1500,$A22),"O",IF(SUMPRODUCT((EDW_RAW!$A$2:$A$1500=$A22)*(LEN(EDW_RAW!$R$2:$R$1500)>0))>0,"부분","X"))) | C22: =IF(COUNTIF(EDW_RAW!$A$2:$A$1500,$A22)=0,"",IF(SUMPRODUCT((EDW_RAW!$A$2:$A$1500=$A22)*(LEN(EDW_RAW!$U$2:$U$1500)>0))=COUNTIF(EDW_RAW!$A$2:$A$1500,$A22),"O",IF(SUMPRODUCT((EDW_RAW!$A$2:$A$1500=$A22)*(LEN(EDW_RAW!$U$2:$U$1500)>0))>0,"부분","X"))) | D22: =IFERROR(MAX(FILTER(소재DB_RAW!$AK$3:$AK$2000,(소재DB_RAW!$G$3:$G$2000=$A22)*ISERROR(SEARCH("drop",소재DB_RAW!$C$3:$C$2000))*(소재DB_RAW!$AK$3:$AK$2000<>""))),"") | E22: =IF($D22="","",TEXT($D22,"yyyy-mm-dd"))
A23: 8UTCM27101 | B23: =IF(COUNTIF(EDW_RAW!$A$2:$A$1500,$A23)=0,"",IF(SUMPRODUCT((EDW_RAW!$A$2:$A$1500=$A23)*(LEN(EDW_RAW!$R$2:$R$1500)>0))=COUNTIF(EDW_RAW!$A$2:$A$1500,$A23),"O",IF(SUMPRODUCT((EDW_RAW!$A$2:$A$1500=$A23)*(LEN(EDW_RAW!$R$2:$R$1500)>0))>0,"부분","X"))) | C23: =IF(COUNTIF(EDW_RAW!$A$2:$A$1500,$A23)=0,"",IF(SUMPRODUCT((EDW_RAW!$A$2:$A$1500=$A23)*(LEN(EDW_RAW!$U$2:$U$1500)>0))=COUNTIF(EDW_RAW!$A$2:$A$1500,$A23),"O",IF(SUMPRODUCT((EDW_RAW!$A$2:$A$1500=$A23)*(LEN(EDW_RAW!$U$2:$U$1500)>0))>0,"부분","X"))) | D23: =IFERROR(MAX(FILTER(소재DB_RAW!$AK$3:$AK$2000,(소재DB_RAW!$G$3:$G$2000=$A23)*ISERROR(SEARCH("drop",소재DB_RAW!$C$3:$C$2000))*(소재DB_RAW!$AK$3:$AK$2000<>""))),"") | E23: =IF($D23="","",TEXT($D23,"yyyy-mm-dd"))
... A425: JWPOM27171 | B425: =IF(COUNTIF(EDW_RAW!$A$2:$A$1500,$A425)=0,"",IF(SUMPRODUCT((EDW_RAW!$A$2:$A$1500=$A425)*(LEN(EDW_RAW!$R$2:$R$1500)>0))=COUNTIF(EDW_RAW!$A$2:$A$1500,$A425),"O",IF(SUMPRODUCT((EDW_RAW!$A$2:$A$1500=$A425)*(LEN(EDW_RAW!$R$2:$R$1500)>0))>0,"부분","X"))) | C425: =IF(COUNTIF(EDW_RAW!$A$2:$A$1500,$A425)=0,"",IF(SUMPRODUCT((EDW_RAW!$A$2:$A$1500=$A425)*(LEN(EDW_RAW!$U$2:$U$1500)>0))=COUNTIF(EDW_RAW!$A$2:$A$1500,$A425),"O",IF(SUMPRODUCT((EDW_RAW!$A$2:$A$1500=$A425)*(LEN(EDW_RAW!$U$2:$U$1500)>0))>0,"부분","X"))) | D425: =IFERROR(MAX(FILTER(소재DB_RAW!$AK$3:$AK$2000,(소재DB_RAW!$G$3:$G$2000=$A425)*ISERROR(SEARCH("drop",소재DB_RAW!$C$3:$C$2000))*(소재DB_RAW!$AK$3:$AK$2000<>""))),"") | E425: =IF($D425="","",TEXT($D425,"yyyy-mm-dd"))

Sheet EDW_RAW
A1: 27SS 생산 프로세스 진척현황(자동화) > EDW_RAW 실시간 연동. 최초 1회 A2 셀에서 '액세스 허용' 클릭. 이 탭 수정 금지.
A2: =IMPORTRANGE("https://docs.google.com/spreadsheets/d/1iSDzZFUv3855k9Zh-tNZALH8z3gY7dTw9j8RlHpJETg","EDW_RAW!A2:U1500")

Sheet 소재DB_RAW
A1: 27SS_소재DB > Merged Data 실시간 연동. 최초 1회 A3 셀에서 '액세스 허용' 클릭. 이 탭 수정 금지.
A3: =IMPORTRANGE("https://docs.google.com/spreadsheets/d/1_LNPz9XGRmRAJ9Y4cqtFF8NtZTLSIld4vtzLJlOcka0","Merged Data!A3:AN2000")
