Workbook

Sheet 사용안내
B2: 27SS 소재일정 역산 트래커 — 출고일 기준, 설·춘절 보정 + 비수기 선정 + 금액 요약 (0808 원본)
B4: 정렬 순서
B5: ① S코드(봄) 전체 — 납기상 최우선 그룹
B6: ② 비수기 선정 스타일(봄 제외) — 봄코드 바로 아래 배치 (출고일과 무관하게 우선 조율 대상)
B7: ③ 나머지 M(여름) → X(사계절) — 각 그룹 안에서는 출고일 주차 순
B9: 계산 로직
B10: ① 출고예정일 = 출고일 주차를 날짜로 환산 (1주=1일, 2주=8일, 3주=15일, 4주=22일 / 9~12월은 전년도)
B11: ② 제품입고 시점 = 출고예정일 − 2주(14일). 입고시점이 한국 설 연휴(2/5~2/8)에 걸치면 연휴 전(2/4)으로 앞당김
B12: ③ 소재입고 마감일 = 제품입고 시점 − 90일 − 공장휴무 보정일 (중국·베트남 춘절 2/1~2/15, 한국 설 2/5~2/8)
B13: ④ 작지 미발행(X/부분) 또는 소재입고일 > 마감일 → S코드(봄) '★ 납기위험', M/X 시즌 '◆ 지연주의'
B14: ⑤ 소재입고 책임: CMT = 본사(소재팀) / 완사입·ODM = 생산처 (수/C/완 컬럼 기준 자동)
B15: ⑥ 원가합 = Σ(기획수량×입고원가), 소매가합 = Σ(기획수량×예상소매가) — 0808 원본 총원가/총공급가 컬럼 기준
... B40: · 8UTCM27101은 컬러별 출고일 상이(1월3주/4월2주) → 다수 값 적용, 확인 필요

Sheet 기준정보
B2: 기준정보 (노란색 = 조정 가능한 입력값)
B4: 기준일 (오늘) | C4: =TODAY() | D4: 판정 기준일. 파일 열 때 자동 갱신
B5: 입고 리드타임(일) | C5: 14 | D5: 출고예정일 − 2주 = 제품입고 시점
B6: 소재 리드타임(일) | C6: 90 | D6: 제품입고 시점 − 90일 = 소재입고 마감일
B7: 시즌 연도 | C7: 2027 | D7: 27SS 출고 연도. 9~12월 주차는 전년(2026)으로 환산
B8: 춘절 공장휴무 시작 | C8: 46419 | D8: 중국·베트남 공장 가동중단 가정 (전후 2주)
B9: 춘절 공장휴무 종료 | C9: 46433 | D9: 실제 공장별 휴무 확정 시 조정
B10: 한국 설 연휴 시작 | C10: 46423 | D10: 설날 2/6(토), 연휴 2/5(금)~2/7(일)
B11: 한국 설 연휴 종료 | C11: 46426 | D11: 대체공휴일 2/8(월) 포함
B13: 소재입고 책임 구분 (수/C/완 기준)
B14: C / CMT | C14: 본사(소재팀) 책임 — 소재 발주·입고 본사 컨트롤
B15: 완(완사입) / ODM | C15: 생산처 책임 — 생산처가 소재 수배·입고 컨트롤

Sheet 소재역산 트래커
A1: 27SS 소재일정 역산 트래커 — 정렬: S코드(봄) → 비수기 선정 → 나머지 (424 스타일)
A2: 기준일: | B2: =기준정보!$C$4 | C2: 리드타임: | D2: ="입고 "&기준정보!$C$5&"일 + 소재 "&기준정보!$C$6&"일 + 휴무보정" | G2: 노란색 = 입력 · ★ = S코드 작지 미발행/소재마감 초과 · 정렬: ①봄(S) ②비수기 선정 ③나머지 · 금액은 [금액 요약] 참조
A4: NO | B4: MD | C4: DS | D4: Style Code | E4: 품명 | F4: 컬러 구성 | G4: 시즌 | H4: 생산형태 (수/C/완) | I4: 출고차순 | J4: 출고일(주차) | K4: 출고예정일 | L4: 제품입고 시점 (출고-2주, 설연휴 보정) | M4: 공장휴무 보정 (일) | N4: 소재입고 마감일 (입고-90일-보정) | O4: 마감까지 D-day | P4: 비수기 선정 | Q4: 작지발행 | R4: 사양확정 (전산 실시간) | S4: 소재입고 예정/실제일 | T4: 소재입고 책임 | U4: 생산처 | V4: 생산처 (소재DB) | W4: 원산지 | X4: 원단처 (에이전시) | Y4: 겉감정보 (원단처+품명) | Z4: 안감정보 (원단처+품명) | AA4: 기획수량 | AB4: 원가합 (원) | AC4: 소매가합 (원) | AD4: 납기1차 (전산참고) | AE4: 리스크 사유 | AF4: 판정 | AG4: 조율상태 | AH4: 메모/조치사항
A5: 1 | B5: 최진민 | C5: 강기환 | D5: JKJGS27002 | E5: 히어로 여성 고어텍스 3L PRO 재킷 | F5: LPI-2, BLK(BLACK) | G5: =IF($D5="","",IF(MID($D5,5,1)="S","S(봄)",IF(MID($D5,5,1)="M","M(여름)",IF(MID($D5,5,1)="X","X(사계절)",MID($D5,5,1))))) | H5: 완사입 | I5: S1 | J5: 1월2주 | K5: =IF($J5="","",IFERROR(DATE(IF(VALUE(LEFT($J5,FIND("월",$J5)-1))>=9,기준정보!$C$7-1,기준정보!$C$7),VALUE(LEFT($J5,FIND("월",$J5)-1)),1+7*(VALUE(SUBSTITUTE(MID($J5,FIND("월",$J5)+1,5),"주",""))-1)),"")) | L5: =IF($K5="","",IF(AND($K5-기준정보!$C$5>=기준정보!$C$10,$K5-기준정보!$C$5<=기준정보!$C$11),기준정보!$C$10-1,$K5-기준정보!$C$5)) | M5: =IF($L5="","",IF(OR(ISNUMBER(SEARCH("중국",$W5)),ISNUMBER(SEARCH("베트남",$W5))),MAX(0,MIN($L5,기준정보!$C$9)-MAX($L5-기준정보!$C$6,기준정보!$C$8)+1),IF(ISNUMBER(SEARCH("한국",$W5)),MAX(0,MIN($L5,기준정보!$C$11)-MAX($L5-기준정보!$C$6,기준정보!$C$10)+1),0))) | N5: =IF($L5="","",$L5-기준정보!$C$6-$M5) | O5: =IF($N5="","",$N5-기준정보!$C$4) | Q5: O | R5: =IF(COUNTIF(EDW_RAW!$A$2:$A$1500,$D5)=0,"",IF(COUNTIFS(EDW_RAW!$A$2:$A$1500,$D5,EDW_RAW!$U$2:$U$1500,"<>~",EDW_RAW!$U$2:$U$1500,"<>")=COUNTIF(EDW_RAW!$A$2:$A$1500,$D5),"O",IF(COUNTIFS(EDW_RAW!$A$2:$A$1500,$D5,EDW_RAW!$U$2:$U$1500,"<>~",EDW_RAW!$U$2:$U$1500,"<>")>0,"부분","X"))) | T5: =IF($H5="","",IF(AND(ISNUMBER(SEARCH("CMT",$H5)),OR(ISNUMBER(SEARCH("완사입",$H5)),ISNUMBER(SEARCH("ODM",$H5)))),"본사/생산처 혼재",IF(ISNUMBER(SEARCH("CMT",$H5)),"본사(소재팀)","생산처"))) | U5: 포마트 | V5: =IFERROR(TEXTJOIN(" / ",TRUE,UNIQUE(FILTER(소재DB_RAW!$K$3:$K$2000,(소재DB_RAW!$G$3:$G$2000=$D5)*ISERROR(SEARCH("drop",소재DB_RAW!$C$3:$C$2000))))),"") | W5: 베트남 | X5: =IFERROR(TEXTJOIN(" / ",TRUE,UNIQUE(FILTER(소재DB_RAW!$N$3:$N$2000,(소재DB_RAW!$G$3:$G$2000=$D5)*ISERROR(SEARCH("drop",소재DB_RAW!$C$3:$C$2000))))),"") | Y5: =IFERROR(TEXTJOIN(CHAR(10),TRUE,UNIQUE(FILTER(소재DB_RAW!$N$3:$N$2000&") "&소재DB_RAW!$O$3:$O$2000,(소재DB_RAW!$G$3:$G$2000=$D5)*ISNUMBER(SEARCH("겉감",소재DB_RAW!$M$3:$M$2000))*ISERROR(SEARCH("drop",소재DB_RAW!$C$3:$C$2000))))),"") | Z5: =IFERROR(TEXTJOIN(CHAR(10),TRUE,UNIQUE(FILTER(소재DB_RAW!$N$3:$N$2000&") "&소재DB_RAW!$O$3:$O$2000,(소재DB_RAW!$G$3:$G$2000=$D5)*ISNUMBER(SEARCH("안감",소재DB_RAW!$M$3:$M$2000))*ISERROR(SEARCH("drop",소재DB_RAW!$C$3:$C$2000))))),"") | AA5: 190 | AB5: 47398730 | AC5: 188100000 | AE5: =IF($K5="","출고일 미정",IF($Q5="X","작지 미발행",IF($Q5="부분","작지 일부 미발행",IF(AND($S5<>"",$S5>$N5),"소재입고 마감("&TEXT($N5,"MM/DD")&") 초과",IF($Q5="","발행여부 확인 필요",IF($S5="","소재 입고일정 확인 필요","정상")))))) | AF5: =IF($K5="","",IF(OR(LEFT($AE5,2)="작지",LEFT($AE5,4)="소재입고"),IF(LEFT($G5,1)="S","★ 납기위험(S코드)","◆ 지연주의"),IF($AE5="정상","✓ 정상","? 확인필요")))
A6: 2 | B6: 최진민 | C6: 강기환 | D6: JKJJS27012 | E6: 히어로 여성 프리마로프트 HEAVY 인슐레이션 재킷 | F6: GRY(GRAY), BLK(BLACK) | G6: =IF($D6="","",IF(MID($D6,5,1)="S","S(봄)",IF(MID($D6,5,1)="M","M(여름)",IF(MID($D6,5,1)="X","X(사계절)",MID($D6,5,1))))) | H6: 완사입 | I6: S1 | J6: 1월2주 | K6: =IF($J6="","",IFERROR(DATE(IF(VALUE(LEFT($J6,FIND("월",$J6)-1))>=9,기준정보!$C$7-1,기준정보!$C$7),VALUE(LEFT($J6,FIND("월",$J6)-1)),1+7*(VALUE(SUBSTITUTE(MID($J6,FIND("월",$J6)+1,5),"주",""))-1)),"")) | L6: =IF($K6="","",IF(AND($K6-기준정보!$C$5>=기준정보!$C$10,$K6-기준정보!$C$5<=기준정보!$C$11),기준정보!$C$10-1,$K6-기준정보!$C$5)) | M6: =IF($L6="","",IF(OR(ISNUMBER(SEARCH("중국",$W6)),ISNUMBER(SEARCH("베트남",$W6))),MAX(0,MIN($L6,기준정보!$C$9)-MAX($L6-기준정보!$C$6,기준정보!$C$8)+1),IF(ISNUMBER(SEARCH("한국",$W6)),MAX(0,MIN($L6,기준정보!$C$11)-MAX($L6-기준정보!$C$6,기준정보!$C$10)+1),0))) | N6: =IF($L6="","",$L6-기준정보!$C$6-$M6) | O6: =IF($N6="","",$N6-기준정보!$C$4) | Q6: O | R6: =IF(COUNTIF(EDW_RAW!$A$2:$A$1500,$D6)=0,"",IF(COUNTIFS(EDW_RAW!$A$2:$A$1500,$D6,EDW_RAW!$U$2:$U$1500,"<>~",EDW_RAW!$U$2:$U$1500,"<>")=COUNTIF(EDW_RAW!$A$2:$A$1500,$D6),"O",IF(COUNTIFS(EDW_RAW!$A$2:$A$1500,$D6,EDW_RAW!$U$2:$U$1500,"<>~",EDW_RAW!$U$2:$U$1500,"<>")>0,"부분","X"))) | T6: =IF($H6="","",IF(AND(ISNUMBER(SEARCH("CMT",$H6)),OR(ISNUMBER(SEARCH("완사입",$H6)),ISNUMBER(SEARCH("ODM",$H6)))),"본사/생산처 혼재",IF(ISNUMBER(SEARCH("CMT",$H6)),"본사(소재팀)","생산처"))) | U6: 원전 | V6: =IFERROR(TEXTJOIN(" / ",TRUE,UNIQUE(FILTER(소재DB_RAW!$K$3:$K$2000,(소재DB_RAW!$G$3:$G$2000=$D6)*ISERROR(SEARCH("drop",소재DB_RAW!$C$3:$C$2000))))),"") | W6: 인도네시아 | X6: =IFERROR(TEXTJOIN(" / ",TRUE,UNIQUE(FILTER(소재DB_RAW!$N$3:$N$2000,(소재DB_RAW!$G$3:$G$2000=$D6)*ISERROR(SEARCH("drop",소재DB_RAW!$C$3:$C$2000))))),"") | Y6: =IFERROR(TEXTJOIN(CHAR(10),TRUE,UNIQUE(FILTER(소재DB_RAW!$N$3:$N$2000&") "&소재DB_RAW!$O$3:$O$2000,(소재DB_RAW!$G$3:$G$2000=$D6)*ISNUMBER(SEARCH("겉감",소재DB_RAW!$M$3:$M$2000))*ISERROR(SEARCH("drop",소재DB_RAW!$C$3:$C$2000))))),"") | Z6: =IFERROR(TEXTJOIN(CHAR(10),TRUE,UNIQUE(FILTER(소재DB_RAW!$N$3:$N$2000&") "&소재DB_RAW!$O$3:$O$2000,(소재DB_RAW!$G$3:$G$2000=$D6)*ISNUMBER(SEARCH("안감",소재DB_RAW!$M$3:$M$2000))*ISERROR(SEARCH("drop",소재DB_RAW!$C$3:$C$2000))))),"") | AA6: 550 | AB6: 46312750 | AC6: 214500000 | AE6: =IF($K6="","출고일 미정",IF($Q6="X","작지 미발행",IF($Q6="부분","작지 일부 미발행",IF(AND($S6<>"",$S6>$N6),"소재입고 마감("&TEXT($N6,"MM/DD")&") 초과",IF($Q6="","발행여부 확인 필요",IF($S6="","소재 입고일정 확인 필요","정상")))))) | AF6: =IF($K6="","",IF(OR(LEFT($AE6,2)="작지",LEFT($AE6,4)="소재입고"),IF(LEFT($G6,1)="S","★ 납기위험(S코드)","◆ 지연주의"),IF($AE6="정상","✓ 정상","? 확인필요")))
A7: 3 | B7: 최진민 | C7: 강기환 | D7: JKJJS27016 | E7: 히어로 여성 프리마로프트 LIGHT 인슐레이션 재킷 | F7: LPI-2, BLK(BLACK) | G7: =IF($D7="","",IF(MID($D7,5,1)="S","S(봄)",IF(MID($D7,5,1)="M","M(여름)",IF(MID($D7,5,1)="X","X(사계절)",MID($D7,5,1))))) | H7: 완사입 | I7: S1 | J7: 1월2주 | K7: =IF($J7="","",IFERROR(DATE(IF(VALUE(LEFT($J7,FIND("월",$J7)-1))>=9,기준정보!$C$7-1,기준정보!$C$7),VALUE(LEFT($J7,FIND("월",$J7)-1)),1+7*(VALUE(SUBSTITUTE(MID($J7,FIND("월",$J7)+1,5),"주",""))-1)),"")) | L7: =IF($K7="","",IF(AND($K7-기준정보!$C$5>=기준정보!$C$10,$K7-기준정보!$C$5<=기준정보!$C$11),기준정보!$C$10-1,$K7-기준정보!$C$5)) | M7: =IF($L7="","",IF(OR(ISNUMBER(SEARCH("중국",$W7)),ISNUMBER(SEARCH("베트남",$W7))),MAX(0,MIN($L7,기준정보!$C$9)-MAX($L7-기준정보!$C$6,기준정보!$C$8)+1),IF(ISNUMBER(SEARCH("한국",$W7)),MAX(0,MIN($L7,기준정보!$C$11)-MAX($L7-기준정보!$C$6,기준정보!$C$10)+1),0))) | N7: =IF($L7="","",$L7-기준정보!$C$6-$M7) | O7: =IF($N7="","",$N7-기준정보!$C$4) | Q7: O | R7: =IF(COUNTIF(EDW_RAW!$A$2:$A$1500,$D7)=0,"",IF(COUNTIFS(EDW_RAW!$A$2:$A$1500,$D7,EDW_RAW!$U$2:$U$1500,"<>~",EDW_RAW!$U$2:$U$1500,"<>")=COUNTIF(EDW_RAW!$A$2:$A$1500,$D7),"O",IF(COUNTIFS(EDW_RAW!$A$2:$A$1500,$D7,EDW_RAW!$U$2:$U$1500,"<>~",EDW_RAW!$U$2:$U$1500,"<>")>0,"부분","X"))) | T7: =IF($H7="","",IF(AND(ISNUMBER(SEARCH("CMT",$H7)),OR(ISNUMBER(SEARCH("완사입",$H7)),ISNUMBER(SEARCH("ODM",$H7)))),"본사/생산처 혼재",IF(ISNUMBER(SEARCH("CMT",$H7)),"본사(소재팀)","생산처"))) | U7: 원전 | V7: =IFERROR(TEXTJOIN(" / ",TRUE,UNIQUE(FILTER(소재DB_RAW!$K$3:$K$2000,(소재DB_RAW!$G$3:$G$2000=$D7)*ISERROR(SEARCH("drop",소재DB_RAW!$C$3:$C$2000))))),"") | W7: 인도네시아 | X7: =IFERROR(TEXTJOIN(" / ",TRUE,UNIQUE(FILTER(소재DB_RAW!$N$3:$N$2000,(소재DB_RAW!$G$3:$G$2000=$D7)*ISERROR(SEARCH("drop",소재DB_RAW!$C$3:$C$2000))))),"") | Y7: =IFERROR(TEXTJOIN(CHAR(10),TRUE,UNIQUE(FILTER(소재DB_RAW!$N$3:$N$2000&") "&소재DB_RAW!$O$3:$O$2000,(소재DB_RAW!$G$3:$G$2000=$D7)*ISNUMBER(SEARCH("겉감",소재DB_RAW!$M$3:$M$2000))*ISERROR(SEARCH("drop",소재DB_RAW!$C$3:$C$2000))))),"") | Z7: =IFERROR(TEXTJOIN(CHAR(10),TRUE,UNIQUE(FILTER(소재DB_RAW!$N$3:$N$2000&") "&소재DB_RAW!$O$3:$O$2000,(소재DB_RAW!$G$3:$G$2000=$D7)*ISNUMBER(SEARCH("안감",소재DB_RAW!$M$3:$M$2000))*ISERROR(SEARCH("drop",소재DB_RAW!$C$3:$C$2000))))),"") | AA7: 600 | AB7: 46083000 | AC7: 210000000 | AE7: =IF($K7="","출고일 미정",IF($Q7="X","작지 미발행",IF($Q7="부분","작지 일부 미발행",IF(AND($S7<>"",$S7>$N7),"소재입고 마감("&TEXT($N7,"MM/DD")&") 초과",IF($Q7="","발행여부 확인 필요",IF($S7="","소재 입고일정 확인 필요","정상")))))) | AF7: =IF($K7="","",IF(OR(LEFT($AE7,2)="작지",LEFT($AE7,4)="소재입고"),IF(LEFT($G7,1)="S","★ 납기위험(S코드)","◆ 지연주의"),IF($AE7="정상","✓ 정상","? 확인필요")))
A8: 4 | B8: 최진민 | C8: 김지원 | D8: JKJJS27022 | E8: 히어로 여성 스톰플리스 프로 LIGHT 소프트쉘 재킷 | F8: LGY(L/GRAY), BLK(BLACK) | G8: =IF($D8="","",IF(MID($D8,5,1)="S","S(봄)",IF(MID($D8,5,1)="M","M(여름)",IF(MID($D8,5,1)="X","X(사계절)",MID($D8,5,1))))) | H8: 완사입 | I8: S1 | J8: 1월2주 | K8: =IF($J8="","",IFERROR(DATE(IF(VALUE(LEFT($J8,FIND("월",$J8)-1))>=9,기준정보!$C$7-1,기준정보!$C$7),VALUE(LEFT($J8,FIND("월",$J8)-1)),1+7*(VALUE(SUBSTITUTE(MID($J8,FIND("월",$J8)+1,5),"주",""))-1)),"")) | L8: =IF($K8="","",IF(AND($K8-기준정보!$C$5>=기준정보!$C$10,$K8-기준정보!$C$5<=기준정보!$C$11),기준정보!$C$10-1,$K8-기준정보!$C$5)) | M8: =IF($L8="","",IF(OR(ISNUMBER(SEARCH("중국",$W8)),ISNUMBER(SEARCH("베트남",$W8))),MAX(0,MIN($L8,기준정보!$C$9)-MAX($L8-기준정보!$C$6,기준정보!$C$8)+1),IF(ISNUMBER(SEARCH("한국",$W8)),MAX(0,MIN($L8,기준정보!$C$11)-MAX($L8-기준정보!$C$6,기준정보!$C$10)+1),0))) | N8: =IF($L8="","",$L8-기준정보!$C$6-$M8) | O8: =IF($N8="","",$N8-기준정보!$C$4) | Q8: O | R8: =IF(COUNTIF(EDW_RAW!$A$2:$A$1500,$D8)=0,"",IF(COUNTIFS(EDW_RAW!$A$2:$A$1500,$D8,EDW_RAW!$U$2:$U$1500,"<>~",EDW_RAW!$U$2:$U$1500,"<>")=COUNTIF(EDW_RAW!$A$2:$A$1500,$D8),"O",IF(COUNTIFS(EDW_RAW!$A$2:$A$1500,$D8,EDW_RAW!$U$2:$U$1500,"<>~",EDW_RAW!$U$2:$U$1500,"<>")>0,"부분","X"))) | T8: =IF($H8="","",IF(AND(ISNUMBER(SEARCH("CMT",$H8)),OR(ISNUMBER(SEARCH("완사입",$H8)),ISNUMBER(SEARCH("ODM",$H8)))),"본사/생산처 혼재",IF(ISNUMBER(SEARCH("CMT",$H8)),"본사(소재팀)","생산처"))) | U8: 원전 | V8: =IFERROR(TEXTJOIN(" / ",TRUE,UNIQUE(FILTER(소재DB_RAW!$K$3:$K$2000,(소재DB_RAW!$G$3:$G$2000=$D8)*ISERROR(SEARCH("drop",소재DB_RAW!$C$3:$C$2000))))),"") | W8: 인도네시아 | X8: =IFERROR(TEXTJOIN(" / ",TRUE,UNIQUE(FILTER(소재DB_RAW!$N$3:$N$2000,(소재DB_RAW!$G$3:$G$2000=$D8)*ISERROR(SEARCH("drop",소재DB_RAW!$C$3:$C$2000))))),"") | Y8: =IFERROR(TEXTJOIN(CHAR(10),TRUE,UNIQUE(FILTER(소재DB_RAW!$N$3:$N$2000&") "&소재DB_RAW!$O$3:$O$2000,(소재DB_RAW!$G$3:$G$2000=$D8)*ISNUMBER(SEARCH("겉감",소재DB_RAW!$M$3:$M$2000))*ISERROR(SEARCH("drop",소재DB_RAW!$C$3:$C$2000))))),"") | Z8: =IFERROR(TEXTJOIN(CHAR(10),TRUE,UNIQUE(FILTER(소재DB_RAW!$N$3:$N$2000&") "&소재DB_RAW!$O$3:$O$2000,(소재DB_RAW!$G$3:$G$2000=$D8)*ISNUMBER(SEARCH("안감",소재DB_RAW!$M$3:$M$2000))*ISERROR(SEARCH("drop",소재DB_RAW!$C$3:$C$2000))))),"") | AA8: 400 | AB8: 24726400 | AC8: 128000000 | AE8: =IF($K8="","출고일 미정",IF($Q8="X","작지 미발행",IF($Q8="부분","작지 일부 미발행",IF(AND($S8<>"",$S8>$N8),"소재입고 마감("&TEXT($N8,"MM/DD")&") 초과",IF($Q8="","발행여부 확인 필요",IF($S8="","소재 입고일정 확인 필요","정상")))))) | AF8: =IF($K8="","",IF(OR(LEFT($AE8,2)="작지",LEFT($AE8,4)="소재입고"),IF(LEFT($G8,1)="S","★ 납기위험(S코드)","◆ 지연주의"),IF($AE8="정상","✓ 정상","? 확인필요")))
A9: 5 | B9: 최진민 | C9: 김지원 | D9: JKPNS27062 | E9: 히어로 여성 스톰플리스 프로 LIGHT 소프트쉘 팬츠 | F9: GRY(GRAY), BLK(BLACK) | G9: =IF($D9="","",IF(MID($D9,5,1)="S","S(봄)",IF(MID($D9,5,1)="M","M(여름)",IF(MID($D9,5,1)="X","X(사계절)",MID($D9,5,1))))) | H9: 완사입 | I9: S1 | J9: 1월2주 | K9: =IF($J9="","",IFERROR(DATE(IF(VALUE(LEFT($J9,FIND("월",$J9)-1))>=9,기준정보!$C$7-1,기준정보!$C$7),VALUE(LEFT($J9,FIND("월",$J9)-1)),1+7*(VALUE(SUBSTITUTE(MID($J9,FIND("월",$J9)+1,5),"주",""))-1)),"")) | L9: =IF($K9="","",IF(AND($K9-기준정보!$C$5>=기준정보!$C$10,$K9-기준정보!$C$5<=기준정보!$C$11),기준정보!$C$10-1,$K9-기준정보!$C$5)) | M9: =IF($L9="","",IF(OR(ISNUMBER(SEARCH("중국",$W9)),ISNUMBER(SEARCH("베트남",$W9))),MAX(0,MIN($L9,기준정보!$C$9)-MAX($L9-기준정보!$C$6,기준정보!$C$8)+1),IF(ISNUMBER(SEARCH("한국",$W9)),MAX(0,MIN($L9,기준정보!$C$11)-MAX($L9-기준정보!$C$6,기준정보!$C$10)+1),0))) | N9: =IF($L9="","",$L9-기준정보!$C$6-$M9) | O9: =IF($N9="","",$N9-기준정보!$C$4) | Q9: O | R9: =IF(COUNTIF(EDW_RAW!$A$2:$A$1500,$D9)=0,"",IF(COUNTIFS(EDW_RAW!$A$2:$A$1500,$D9,EDW_RAW!$U$2:$U$1500,"<>~",EDW_RAW!$U$2:$U$1500,"<>")=COUNTIF(EDW_RAW!$A$2:$A$1500,$D9),"O",IF(COUNTIFS(EDW_RAW!$A$2:$A$1500,$D9,EDW_RAW!$U$2:$U$1500,"<>~",EDW_RAW!$U$2:$U$1500,"<>")>0,"부분","X"))) | T9: =IF($H9="","",IF(AND(ISNUMBER(SEARCH("CMT",$H9)),OR(ISNUMBER(SEARCH("완사입",$H9)),ISNUMBER(SEARCH("ODM",$H9)))),"본사/생산처 혼재",IF(ISNUMBER(SEARCH("CMT",$H9)),"본사(소재팀)","생산처"))) | U9: 거림 | V9: =IFERROR(TEXTJOIN(" / ",TRUE,UNIQUE(FILTER(소재DB_RAW!$K$3:$K$2000,(소재DB_RAW!$G$3:$G$2000=$D9)*ISERROR(SEARCH("drop",소재DB_RAW!$C$3:$C$2000))))),"") | W9: 베트남 | X9: =IFERROR(TEXTJOIN(" / ",TRUE,UNIQUE(FILTER(소재DB_RAW!$N$3:$N$2000,(소재DB_RAW!$G$3:$G$2000=$D9)*ISERROR(SEARCH("drop",소재DB_RAW!$C$3:$C$2000))))),"") | Y9: =IFERROR(TEXTJOIN(CHAR(10),TRUE,UNIQUE(FILTER(소재DB_RAW!$N$3:$N$2000&") "&소재DB_RAW!$O$3:$O$2000,(소재DB_RAW!$G$3:$G$2000=$D9)*ISNUMBER(SEARCH("겉감",소재DB_RAW!$M$3:$M$2000))*ISERROR(SEARCH("drop",소재DB_RAW!$C$3:$C$2000))))),"") | Z9: =IFERROR(TEXTJOIN(CHAR(10),TRUE,UNIQUE(FILTER(소재DB_RAW!$N$3:$N$2000&") "&소재DB_RAW!$O$3:$O$2000,(소재DB_RAW!$G$3:$G$2000=$D9)*ISNUMBER(SEARCH("안감",소재DB_RAW!$M$3:$M$2000))*ISERROR(SEARCH("drop",소재DB_RAW!$C$3:$C$2000))))),"") | AA9: 350 | AB9: 20101900 | AC9: 94500000 | AE9: =IF($K9="","출고일 미정",IF($Q9="X","작지 미발행",IF($Q9="부분","작지 일부 미발행",IF(AND($S9<>"",$S9>$N9),"소재입고 마감("&TEXT($N9,"MM/DD")&") 초과",IF($Q9="","발행여부 확인 필요",IF($S9="","소재 입고일정 확인 필요","정상")))))) | AF9: =IF($K9="","",IF(OR(LEFT($AE9,2)="작지",LEFT($AE9,4)="소재입고"),IF(LEFT($G9,1)="S","★ 납기위험(S코드)","◆ 지연주의"),IF($AE9="정상","✓ 정상","? 확인필요")))
A10: 6 | B10: 최진민 | C10: 김지원 | D10: JKPNS27072 | E10: 히어로 여성 클라이밍 팬츠 | F10: GRY-1, BLK(BLACK) | G10: =IF($D10="","",IF(MID($D10,5,1)="S","S(봄)",IF(MID($D10,5,1)="M","M(여름)",IF(MID($D10,5,1)="X","X(사계절)",MID($D10,5,1))))) | H10: 완사입 | I10: S1 | J10: 1월2주 | K10: =IF($J10="","",IFERROR(DATE(IF(VALUE(LEFT($J10,FIND("월",$J10)-1))>=9,기준정보!$C$7-1,기준정보!$C$7),VALUE(LEFT($J10,FIND("월",$J10)-1)),1+7*(VALUE(SUBSTITUTE(MID($J10,FIND("월",$J10)+1,5),"주",""))-1)),"")) | L10: =IF($K10="","",IF(AND($K10-기준정보!$C$5>=기준정보!$C$10,$K10-기준정보!$C$5<=기준정보!$C$11),기준정보!$C$10-1,$K10-기준정보!$C$5)) | M10: =IF($L10="","",IF(OR(ISNUMBER(SEARCH("중국",$W10)),ISNUMBER(SEARCH("베트남",$W10))),MAX(0,MIN($L10,기준정보!$C$9)-MAX($L10-기준정보!$C$6,기준정보!$C$8)+1),IF(ISNUMBER(SEARCH("한국",$W10)),MAX(0,MIN($L10,기준정보!$C$11)-MAX($L10-기준정보!$C$6,기준정보!$C$10)+1),0))) | N10: =IF($L10="","",$L10-기준정보!$C$6-$M10) | O10: =IF($N10="","",$N10-기준정보!$C$4) | Q10: O | R10: =IF(COUNTIF(EDW_RAW!$A$2:$A$1500,$D10)=0,"",IF(COUNTIFS(EDW_RAW!$A$2:$A$1500,$D10,EDW_RAW!$U$2:$U$1500,"<>~",EDW_RAW!$U$2:$U$1500,"<>")=COUNTIF(EDW_RAW!$A$2:$A$1500,$D10),"O",IF(COUNTIFS(EDW_RAW!$A$2:$A$1500,$D10,EDW_RAW!$U$2:$U$1500,"<>~",EDW_RAW!$U$2:$U$1500,"<>")>0,"부분","X"))) | T10: =IF($H10="","",IF(AND(ISNUMBER(SEARCH("CMT",$H10)),OR(ISNUMBER(SEARCH("완사입",$H10)),ISNUMBER(SEARCH("ODM",$H10)))),"본사/생산처 혼재",IF(ISNUMBER(SEARCH("CMT",$H10)),"본사(소재팀)","생산처"))) | U10: 거림 | V10: =IFERROR(TEXTJOIN(" / ",TRUE,UNIQUE(FILTER(소재DB_RAW!$K$3:$K$2000,(소재DB_RAW!$G$3:$G$2000=$D10)*ISERROR(SEARCH("drop",소재DB_RAW!$C$3:$C$2000))))),"") | W10: 베트남 | X10: =IFERROR(TEXTJOIN(" / ",TRUE,UNIQUE(FILTER(소재DB_RAW!$N$3:$N$2000,(소재DB_RAW!$G$3:$G$2000=$D10)*ISERROR(SEARCH("drop",소재DB_RAW!$C$3:$C$2000))))),"") | Y10: =IFERROR(TEXTJOIN(CHAR(10),TRUE,UNIQUE(FILTER(소재DB_RAW!$N$3:$N$2000&") "&소재DB_RAW!$O$3:$O$2000,(소재DB_RAW!$G$3:$G$2000=$D10)*ISNUMBER(SEARCH("겉감",소재DB_RAW!$M$3:$M$2000))*ISERROR(SEARCH("drop",소재DB_RAW!$C$3:$C$2000))))),"") | Z10: =IFERROR(TEXTJOIN(CHAR(10),TRUE,UNIQUE(FILTER(소재DB_RAW!$N$3:$N$2000&") "&소재DB_RAW!$O$3:$O$2000,(소재DB_RAW!$G$3:$G$2000=$D10)*ISNUMBER(SEARCH("안감",소재DB_RAW!$M$3:$M$2000))*ISERROR(SEARCH("drop",소재DB_RAW!$C$3:$C$2000))))),"") | AA10: 200 | AB10: 16675200 | AC10: 64000000 | AE10: =IF($K10="","출고일 미정",IF($Q10="X","작지 미발행",IF($Q10="부분","작지 일부 미발행",IF(AND($S10<>"",$S10>$N10),"소재입고 마감("&TEXT($N10,"MM/DD")&") 초과",IF($Q10="","발행여부 확인 필요",IF($S10="","소재 입고일정 확인 필요","정상")))))) | AF10: =IF($K10="","",IF(OR(LEFT($AE10,2)="작지",LEFT($AE10,4)="소재입고"),IF(LEFT($G10,1)="S","★ 납기위험(S코드)","◆ 지연주의"),IF($AE10="정상","✓ 정상","? 확인필요")))
A11: 7 | B11: 최진민 | C11: 김지원 | D11: JKTBS27058 | E11: 히어로 여성 니트도트 긴팔 라운드티 | F11: DGY-1, BLK(BLACK) | G11: =IF($D11="","",IF(MID($D11,5,1)="S","S(봄)",IF(MID($D11,5,1)="M","M(여름)",IF(MID($D11,5,1)="X","X(사계절)",MID($D11,5,1))))) | H11: 완사입 | I11: S1 | J11: 1월2주 | K11: =IF($J11="","",IFERROR(DATE(IF(VALUE(LEFT($J11,FIND("월",$J11)-1))>=9,기준정보!$C$7-1,기준정보!$C$7),VALUE(LEFT($J11,FIND("월",$J11)-1)),1+7*(VALUE(SUBSTITUTE(MID($J11,FIND("월",$J11)+1,5),"주",""))-1)),"")) | L11: =IF($K11="","",IF(AND($K11-기준정보!$C$5>=기준정보!$C$10,$K11-기준정보!$C$5<=기준정보!$C$11),기준정보!$C$10-1,$K11-기준정보!$C$5)) | M11: =IF($L11="","",IF(OR(ISNUMBER(SEARCH("중국",$W11)),ISNUMBER(SEARCH("베트남",$W11))),MAX(0,MIN($L11,기준정보!$C$9)-MAX($L11-기준정보!$C$6,기준정보!$C$8)+1),IF(ISNUMBER(SEARCH("한국",$W11)),MAX(0,MIN($L11,기준정보!$C$11)-MAX($L11-기준정보!$C$6,기준정보!$C$10)+1),0))) | N11: =IF($L11="","",$L11-기준정보!$C$6-$M11) | O11: =IF($N11="","",$N11-기준정보!$C$4) | Q11: O | R11: =IF(COUNTIF(EDW_RAW!$A$2:$A$1500,$D11)=0,"",IF(COUNTIFS(EDW_RAW!$A$2:$A$1500,$D11,EDW_RAW!$U$2:$U$1500,"<>~",EDW_RAW!$U$2:$U$1500,"<>")=COUNTIF(EDW_RAW!$A$2:$A$1500,$D11),"O",IF(COUNTIFS(EDW_RAW!$A$2:$A$1500,$D11,EDW_RAW!$U$2:$U$1500,"<>~",EDW_RAW!$U$2:$U$1500,"<>")>0,"부분","X"))) | T11: =IF($H11="","",IF(AND(ISNUMBER(SEARCH("CMT",$H11)),OR(ISNUMBER(SEARCH("완사입",$H11)),ISNUMBER(SEARCH("ODM",$H11)))),"본사/생산처 혼재",IF(ISNUMBER(SEARCH("CMT",$H11)),"본사(소재팀)","생산처"))) | U11: 태화 | V11: =IFERROR(TEXTJOIN(" / ",TRUE,UNIQUE(FILTER(소재DB_RAW!$K$3:$K$2000,(소재DB_RAW!$G$3:$G$2000=$D11)*ISERROR(SEARCH("drop",소재DB_RAW!$C$3:$C$2000))))),"") | W11: 베트남 | X11: =IFERROR(TEXTJOIN(" / ",TRUE,UNIQUE(FILTER(소재DB_RAW!$N$3:$N$2000,(소재DB_RAW!$G$3:$G$2000=$D11)*ISERROR(SEARCH("drop",소재DB_RAW!$C$3:$C$2000))))),"") | Y11: =IFERROR(TEXTJOIN(CHAR(10),TRUE,UNIQUE(FILTER(소재DB_RAW!$N$3:$N$2000&") "&소재DB_RAW!$O$3:$O$2000,(소재DB_RAW!$G$3:$G$2000=$D11)*ISNUMBER(SEARCH("겉감",소재DB_RAW!$M$3:$M$2000))*ISERROR(SEARCH("drop",소재DB_RAW!$C$3:$C$2000))))),"") | Z11: =IFERROR(TEXTJOIN(CHAR(10),TRUE,UNIQUE(FILTER(소재DB_RAW!$N$3:$N$2000&") "&소재DB_RAW!$O$3:$O$2000,(소재DB_RAW!$G$3:$G$2000=$D11)*ISNUMBER(SEARCH("안감",소재DB_RAW!$M$3:$M$2000))*ISERROR(SEARCH("drop",소재DB_RAW!$C$3:$C$2000))))),"") | AA11: 180 | AB11: 4716720 | AC11: 24840000 | AE11: =IF($K11="","출고일 미정",IF($Q11="X","작지 미발행",IF($Q11="부분","작지 일부 미발행",IF(AND($S11<>"",$S11>$N11),"소재입고 마감("&TEXT($N11,"MM/DD")&") 초과",IF($Q11="","발행여부 확인 필요",IF($S11="","소재 입고일정 확인 필요","정상")))))) | AF11: =IF($K11="","",IF(OR(LEFT($AE11,2)="작지",LEFT($AE11,4)="소재입고"),IF(LEFT($G11,1)="S","★ 납기위험(S코드)","◆ 지연주의"),IF($AE11="정상","✓ 정상","? 확인필요")))
A12: 8 | B12: 최진민 | C12: 강기환 | D12: JWJGS27001 | E12: 히어로 남성 고어텍스 3L PRO 재킷 | F12: GBU(G/BLUE), DGY-1 | G12: =IF($D12="","",IF(MID($D12,5,1)="S","S(봄)",IF(MID($D12,5,1)="M","M(여름)",IF(MID($D12,5,1)="X","X(사계절)",MID($D12,5,1))))) | H12: 완사입 | I12: S1 | J12: 1월2주 | K12: =IF($J12="","",IFERROR(DATE(IF(VALUE(LEFT($J12,FIND("월",$J12)-1))>=9,기준정보!$C$7-1,기준정보!$C$7),VALUE(LEFT($J12,FIND("월",$J12)-1)),1+7*(VALUE(SUBSTITUTE(MID($J12,FIND("월",$J12)+1,5),"주",""))-1)),"")) | L12: =IF($K12="","",IF(AND($K12-기준정보!$C$5>=기준정보!$C$10,$K12-기준정보!$C$5<=기준정보!$C$11),기준정보!$C$10-1,$K12-기준정보!$C$5)) | M12: =IF($L12="","",IF(OR(ISNUMBER(SEARCH("중국",$W12)),ISNUMBER(SEARCH("베트남",$W12))),MAX(0,MIN($L12,기준정보!$C$9)-MAX($L12-기준정보!$C$6,기준정보!$C$8)+1),IF(ISNUMBER(SEARCH("한국",$W12)),MAX(0,MIN($L12,기준정보!$C$11)-MAX($L12-기준정보!$C$6,기준정보!$C$10)+1),0))) | N12: =IF($L12="","",$L12-기준정보!$C$6-$M12) | O12: =IF($N12="","",$N12-기준정보!$C$4) | Q12: O | R12: =IF(COUNTIF(EDW_RAW!$A$2:$A$1500,$D12)=0,"",IF(COUNTIFS(EDW_RAW!$A$2:$A$1500,$D12,EDW_RAW!$U$2:$U$1500,"<>~",EDW_RAW!$U$2:$U$1500,"<>")=COUNTIF(EDW_RAW!$A$2:$A$1500,$D12),"O",IF(COUNTIFS(EDW_RAW!$A$2:$A$1500,$D12,EDW_RAW!$U$2:$U$1500,"<>~",EDW_RAW!$U$2:$U$1500,"<>")>0,"부분","X"))) | T12: =IF($H12="","",IF(AND(ISNUMBER(SEARCH("CMT",$H12)),OR(ISNUMBER(SEARCH("완사입",$H12)),ISNUMBER(SEARCH("ODM",$H12)))),"본사/생산처 혼재",IF(ISNUMBER(SEARCH("CMT",$H12)),"본사(소재팀)","생산처"))) | U12: 포마트 | V12: =IFERROR(TEXTJOIN(" / ",TRUE,UNIQUE(FILTER(소재DB_RAW!$K$3:$K$2000,(소재DB_RAW!$G$3:$G$2000=$D12)*ISERROR(SEARCH("drop",소재DB_RAW!$C$3:$C$2000))))),"") | W12: 베트남 | X12: =IFERROR(TEXTJOIN(" / ",TRUE,UNIQUE(FILTER(소재DB_RAW!$N$3:$N$2000,(소재DB_RAW!$G$3:$G$2000=$D12)*ISERROR(SEARCH("drop",소재DB_RAW!$C$3:$C$2000))))),"") | Y12: =IFERROR(TEXTJOIN(CHAR(10),TRUE,UNIQUE(FILTER(소재DB_RAW!$N$3:$N$2000&") "&소재DB_RAW!$O$3:$O$2000,(소재DB_RAW!$G$3:$G$2000=$D12)*ISNUMBER(SEARCH("겉감",소재DB_RAW!$M$3:$M$2000))*ISERROR(SEARCH("drop",소재DB_RAW!$C$3:$C$2000))))),"") | Z12: =IFERROR(TEXTJOIN(CHAR(10),TRUE,UNIQUE(FILTER(소재DB_RAW!$N$3:$N$2000&") "&소재DB_RAW!$O$3:$O$2000,(소재DB_RAW!$G$3:$G$2000=$D12)*ISNUMBER(SEARCH("안감",소재DB_RAW!$M$3:$M$2000))*ISERROR(SEARCH("drop",소재DB_RAW!$C$3:$C$2000))))),"") | AA12: 250 | AB12: 68675250 | AC12: 247500000 | AE12: =IF($K12="","출고일 미정",IF($Q12="X","작지 미발행",IF($Q12="부분","작지 일부 미발행",IF(AND($S12<>"",$S12>$N12),"소재입고 마감("&TEXT($N12,"MM/DD")&") 초과",IF($Q12="","발행여부 확인 필요",IF($S12="","소재 입고일정 확인 필요","정상")))))) | AF12: =IF($K12="","",IF(OR(LEFT($AE12,2)="작지",LEFT($AE12,4)="소재입고"),IF(LEFT($G12,1)="S","★ 납기위험(S코드)","◆ 지연주의"),IF($AE12="정상","✓ 정상","? 확인필요")))
A13: 9 | B13: 최진민 | C13: 강기환 | D13: JWJJS27011 | E13: 히어로 남성 프리마로프트 HEAVY 인슐레이션 재킷 | F13: GRY-1, BLK(BLACK) | G13: =IF($D13="","",IF(MID($D13,5,1)="S","S(봄)",IF(MID($D13,5,1)="M","M(여름)",IF(MID($D13,5,1)="X","X(사계절)",MID($D13,5,1))))) | H13: 완사입 | I13: S1 | J13: 1월2주 | K13: =IF($J13="","",IFERROR(DATE(IF(VALUE(LEFT($J13,FIND("월",$J13)-1))>=9,기준정보!$C$7-1,기준정보!$C$7),VALUE(LEFT($J13,FIND("월",$J13)-1)),1+7*(VALUE(SUBSTITUTE(MID($J13,FIND("월",$J13)+1,5),"주",""))-1)),"")) | L13: =IF($K13="","",IF(AND($K13-기준정보!$C$5>=기준정보!$C$10,$K13-기준정보!$C$5<=기준정보!$C$11),기준정보!$C$10-1,$K13-기준정보!$C$5)) | M13: =IF($L13="","",IF(OR(ISNUMBER(SEARCH("중국",$W13)),ISNUMBER(SEARCH("베트남",$W13))),MAX(0,MIN($L13,기준정보!$C$9)-MAX($L13-기준정보!$C$6,기준정보!$C$8)+1),IF(ISNUMBER(SEARCH("한국",$W13)),MAX(0,MIN($L13,기준정보!$C$11)-MAX($L13-기준정보!$C$6,기준정보!$C$10)+1),0))) | N13: =IF($L13="","",$L13-기준정보!$C$6-$M13) | O13: =IF($N13="","",$N13-기준정보!$C$4) | Q13: O | R13: =IF(COUNTIF(EDW_RAW!$A$2:$A$1500,$D13)=0,"",IF(COUNTIFS(EDW_RAW!$A$2:$A$1500,$D13,EDW_RAW!$U$2:$U$1500,"<>~",EDW_RAW!$U$2:$U$1500,"<>")=COUNTIF(EDW_RAW!$A$2:$A$1500,$D13),"O",IF(COUNTIFS(EDW_RAW!$A$2:$A$1500,$D13,EDW_RAW!$U$2:$U$1500,"<>~",EDW_RAW!$U$2:$U$1500,"<>")>0,"부분","X"))) | T13: =IF($H13="","",IF(AND(ISNUMBER(SEARCH("CMT",$H13)),OR(ISNUMBER(SEARCH("완사입",$H13)),ISNUMBER(SEARCH("ODM",$H13)))),"본사/생산처 혼재",IF(ISNUMBER(SEARCH("CMT",$H13)),"본사(소재팀)","생산처"))) | U13: 원전 | V13: =IFERROR(TEXTJOIN(" / ",TRUE,UNIQUE(FILTER(소재DB_RAW!$K$3:$K$2000,(소재DB_RAW!$G$3:$G$2000=$D13)*ISERROR(SEARCH("drop",소재DB_RAW!$C$3:$C$2000))))),"") | W13: 인도네시아 | X13: =IFERROR(TEXTJOIN(" / ",TRUE,UNIQUE(FILTER(소재DB_RAW!$N$3:$N$2000,(소재DB_RAW!$G$3:$G$2000=$D13)*ISERROR(SEARCH("drop",소재DB_RAW!$C$3:$C$2000))))),"") | Y13: =IFERROR(TEXTJOIN(CHAR(10),TRUE,UNIQUE(FILTER(소재DB_RAW!$N$3:$N$2000&") "&소재DB_RAW!$O$3:$O$2000,(소재DB_RAW!$G$3:$G$2000=$D13)*ISNUMBER(SEARCH("겉감",소재DB_RAW!$M$3:$M$2000))*ISERROR(SEARCH("drop",소재DB_RAW!$C$3:$C$2000))))),"") | Z13: =IFERROR(TEXTJOIN(CHAR(10),TRUE,UNIQUE(FILTER(소재DB_RAW!$N$3:$N$2000&") "&소재DB_RAW!$O$3:$O$2000,(소재DB_RAW!$G$3:$G$2000=$D13)*ISNUMBER(SEARCH("안감",소재DB_RAW!$M$3:$M$2000))*ISERROR(SEARCH("drop",소재DB_RAW!$C$3:$C$2000))))),"") | AA13: 2350 | AB13: 215013250 | AC13: 916500000 | AE13: =IF($K13="","출고일 미정",IF($Q13="X","작지 미발행",IF($Q13="부분","작지 일부 미발행",IF(AND($S13<>"",$S13>$N13),"소재입고 마감("&TEXT($N13,"MM/DD")&") 초과",IF($Q13="","발행여부 확인 필요",IF($S13="","소재 입고일정 확인 필요","정상")))))) | AF13: =IF($K13="","",IF(OR(LEFT($AE13,2)="작지",LEFT($AE13,4)="소재입고"),IF(LEFT($G13,1)="S","★ 납기위험(S코드)","◆ 지연주의"),IF($AE13="정상","✓ 정상","? 확인필요")))
A14: 10 | B14: 최진민 | C14: 강기환 | D14: JWJJS27015 | E14: 히어로 남성 프리마로프트 LIGHT 인슐레이션 재킷 | F14: DBU(D/BLUE), BLK(BLACK) | G14: =IF($D14="","",IF(MID($D14,5,1)="S","S(봄)",IF(MID($D14,5,1)="M","M(여름)",IF(MID($D14,5,1)="X","X(사계절)",MID($D14,5,1))))) | H14: 완사입 | I14: S1 | J14: 1월2주 | K14: =IF($J14="","",IFERROR(DATE(IF(VALUE(LEFT($J14,FIND("월",$J14)-1))>=9,기준정보!$C$7-1,기준정보!$C$7),VALUE(LEFT($J14,FIND("월",$J14)-1)),1+7*(VALUE(SUBSTITUTE(MID($J14,FIND("월",$J14)+1,5),"주",""))-1)),"")) | L14: =IF($K14="","",IF(AND($K14-기준정보!$C$5>=기준정보!$C$10,$K14-기준정보!$C$5<=기준정보!$C$11),기준정보!$C$10-1,$K14-기준정보!$C$5)) | M14: =IF($L14="","",IF(OR(ISNUMBER(SEARCH("중국",$W14)),ISNUMBER(SEARCH("베트남",$W14))),MAX(0,MIN($L14,기준정보!$C$9)-MAX($L14-기준정보!$C$6,기준정보!$C$8)+1),IF(ISNUMBER(SEARCH("한국",$W14)),MAX(0,MIN($L14,기준정보!$C$11)-MAX($L14-기준정보!$C$6,기준정보!$C$10)+1),0))) | N14: =IF($L14="","",$L14-기준정보!$C$6-$M14) | O14: =IF($N14="","",$N14-기준정보!$C$4) | Q14: O | R14: =IF(COUNTIF(EDW_RAW!$A$2:$A$1500,$D14)=0,"",IF(COUNTIFS(EDW_RAW!$A$2:$A$1500,$D14,EDW_RAW!$U$2:$U$1500,"<>~",EDW_RAW!$U$2:$U$1500,"<>")=COUNTIF(EDW_RAW!$A$2:$A$1500,$D14),"O",IF(COUNTIFS(EDW_RAW!$A$2:$A$1500,$D14,EDW_RAW!$U$2:$U$1500,"<>~",EDW_RAW!$U$2:$U$1500,"<>")>0,"부분","X"))) | T14: =IF($H14="","",IF(AND(ISNUMBER(SEARCH("CMT",$H14)),OR(ISNUMBER(SEARCH("완사입",$H14)),ISNUMBER(SEARCH("ODM",$H14)))),"본사/생산처 혼재",IF(ISNUMBER(SEARCH("CMT",$H14)),"본사(소재팀)","생산처"))) | U14: 원전 | V14: =IFERROR(TEXTJOIN(" / ",TRUE,UNIQUE(FILTER(소재DB_RAW!$K$3:$K$2000,(소재DB_RAW!$G$3:$G$2000=$D14)*ISERROR(SEARCH("drop",소재DB_RAW!$C$3:$C$2000))))),"") | W14: 인도네시아 | X14: =IFERROR(TEXTJOIN(" / ",TRUE,UNIQUE(FILTER(소재DB_RAW!$N$3:$N$2000,(소재DB_RAW!$G$3:$G$2000=$D14)*ISERROR(SEARCH("drop",소재DB_RAW!$C$3:$C$2000))))),"") | Y14: =IFERROR(TEXTJOIN(CHAR(10),TRUE,UNIQUE(FILTER(소재DB_RAW!$N$3:$N$2000&") "&소재DB_RAW!$O$3:$O$2000,(소재DB_RAW!$G$3:$G$2000=$D14)*ISNUMBER(SEARCH("겉감",소재DB_RAW!$M$3:$M$2000))*ISERROR(SEARCH("drop",소재DB_RAW!$C$3:$C$2000))))),"") | Z14: =IFERROR(TEXTJOIN(CHAR(10),TRUE,UNIQUE(FILTER(소재DB_RAW!$N$3:$N$2000&") "&소재DB_RAW!$O$3:$O$2000,(소재DB_RAW!$G$3:$G$2000=$D14)*ISNUMBER(SEARCH("안감",소재DB_RAW!$M$3:$M$2000))*ISERROR(SEARCH("drop",소재DB_RAW!$C$3:$C$2000))))),"") | AA14: 2250 | AB14: 186752250 | AC14: 787500000 | AE14: =IF($K14="","출고일 미정",IF($Q14="X","작지 미발행",IF($Q14="부분","작지 일부 미발행",IF(AND($S14<>"",$S14>$N14),"소재입고 마감("&TEXT($N14,"MM/DD")&") 초과",IF($Q14="","발행여부 확인 필요",IF($S14="","소재 입고일정 확인 필요","정상")))))) | AF14: =IF($K14="","",IF(OR(LEFT($AE14,2)="작지",LEFT($AE14,4)="소재입고"),IF(LEFT($G14,1)="S","★ 납기위험(S코드)","◆ 지연주의"),IF($AE14="정상","✓ 정상","? 확인필요")))
A15: 11 | B15: 최진민 | C15: 김지원 | D15: JWJJS27021 | E15: 히어로 남성 스톰플리스 프로 LIGHT 소프트쉘 재킷 | F15: DBU(D/BLUE), BLK(BLACK) | G15: =IF($D15="","",IF(MID($D15,5,1)="S","S(봄)",IF(MID($D15,5,1)="M","M(여름)",IF(MID($D15,5,1)="X","X(사계절)",MID($D15,5,1))))) | H15: 완사입 | I15: S1 | J15: 1월2주 | K15: =IF($J15="","",IFERROR(DATE(IF(VALUE(LEFT($J15,FIND("월",$J15)-1))>=9,기준정보!$C$7-1,기준정보!$C$7),VALUE(LEFT($J15,FIND("월",$J15)-1)),1+7*(VALUE(SUBSTITUTE(MID($J15,FIND("월",$J15)+1,5),"주",""))-1)),"")) | L15: =IF($K15="","",IF(AND($K15-기준정보!$C$5>=기준정보!$C$10,$K15-기준정보!$C$5<=기준정보!$C$11),기준정보!$C$10-1,$K15-기준정보!$C$5)) | M15: =IF($L15="","",IF(OR(ISNUMBER(SEARCH("중국",$W15)),ISNUMBER(SEARCH("베트남",$W15))),MAX(0,MIN($L15,기준정보!$C$9)-MAX($L15-기준정보!$C$6,기준정보!$C$8)+1),IF(ISNUMBER(SEARCH("한국",$W15)),MAX(0,MIN($L15,기준정보!$C$11)-MAX($L15-기준정보!$C$6,기준정보!$C$10)+1),0))) | N15: =IF($L15="","",$L15-기준정보!$C$6-$M15) | O15: =IF($N15="","",$N15-기준정보!$C$4) | Q15: O | R15: =IF(COUNTIF(EDW_RAW!$A$2:$A$1500,$D15)=0,"",IF(COUNTIFS(EDW_RAW!$A$2:$A$1500,$D15,EDW_RAW!$U$2:$U$1500,"<>~",EDW_RAW!$U$2:$U$1500,"<>")=COUNTIF(EDW_RAW!$A$2:$A$1500,$D15),"O",IF(COUNTIFS(EDW_RAW!$A$2:$A$1500,$D15,EDW_RAW!$U$2:$U$1500,"<>~",EDW_RAW!$U$2:$U$1500,"<>")>0,"부분","X"))) | T15: =IF($H15="","",IF(AND(ISNUMBER(SEARCH("CMT",$H15)),OR(ISNUMBER(SEARCH("완사입",$H15)),ISNUMBER(SEARCH("ODM",$H15)))),"본사/생산처 혼재",IF(ISNUMBER(SEARCH("CMT",$H15)),"본사(소재팀)","생산처"))) | U15: 원전 | V15: =IFERROR(TEXTJOIN(" / ",TRUE,UNIQUE(FILTER(소재DB_RAW!$K$3:$K$2000,(소재DB_RAW!$G$3:$G$2000=$D15)*ISERROR(SEARCH("drop",소재DB_RAW!$C$3:$C$2000))))),"") | W15: 인도네시아 | X15: =IFERROR(TEXTJOIN(" / ",TRUE,UNIQUE(FILTER(소재DB_RAW!$N$3:$N$2000,(소재DB_RAW!$G$3:$G$2000=$D15)*ISERROR(SEARCH("drop",소재DB_RAW!$C$3:$C$2000))))),"") | Y15: =IFERROR(TEXTJOIN(CHAR(10),TRUE,UNIQUE(FILTER(소재DB_RAW!$N$3:$N$2000&") "&소재DB_RAW!$O$3:$O$2000,(소재DB_RAW!$G$3:$G$2000=$D15)*ISNUMBER(SEARCH("겉감",소재DB_RAW!$M$3:$M$2000))*ISERROR(SEARCH("drop",소재DB_RAW!$C$3:$C$2000))))),"") | Z15: =IFERROR(TEXTJOIN(CHAR(10),TRUE,UNIQUE(FILTER(소재DB_RAW!$N$3:$N$2000&") "&소재DB_RAW!$O$3:$O$2000,(소재DB_RAW!$G$3:$G$2000=$D15)*ISNUMBER(SEARCH("안감",소재DB_RAW!$M$3:$M$2000))*ISERROR(SEARCH("drop",소재DB_RAW!$C$3:$C$2000))))),"") | AA15: 3000 | AB15: 199377000 | AC15: 960000000 | AE15: =IF($K15="","출고일 미정",IF($Q15="X","작지 미발행",IF($Q15="부분","작지 일부 미발행",IF(AND($S15<>"",$S15>$N15),"소재입고 마감("&TEXT($N15,"MM/DD")&") 초과",IF($Q15="","발행여부 확인 필요",IF($S15="","소재 입고일정 확인 필요","정상")))))) | AF15: =IF($K15="","",IF(OR(LEFT($AE15,2)="작지",LEFT($AE15,4)="소재입고"),IF(LEFT($G15,1)="S","★ 납기위험(S코드)","◆ 지연주의"),IF($AE15="정상","✓ 정상","? 확인필요")))
A16: 12 | B16: 최진민 | C16: 김지원 | D16: JWPNS27061 | E16: 히어로 남성 스톰플리스 프로 LIGHT 소프트쉘 팬츠 | F16: GBU(G/BLUE), BLK(BLACK) | G16: =IF($D16="","",IF(MID($D16,5,1)="S","S(봄)",IF(MID($D16,5,1)="M","M(여름)",IF(MID($D16,5,1)="X","X(사계절)",MID($D16,5,1))))) | H16: 완사입 | I16: S1 | J16: 1월2주 | K16: =IF($J16="","",IFERROR(DATE(IF(VALUE(LEFT($J16,FIND("월",$J16)-1))>=9,기준정보!$C$7-1,기준정보!$C$7),VALUE(LEFT($J16,FIND("월",$J16)-1)),1+7*(VALUE(SUBSTITUTE(MID($J16,FIND("월",$J16)+1,5),"주",""))-1)),"")) | L16: =IF($K16="","",IF(AND($K16-기준정보!$C$5>=기준정보!$C$10,$K16-기준정보!$C$5<=기준정보!$C$11),기준정보!$C$10-1,$K16-기준정보!$C$5)) | M16: =IF($L16="","",IF(OR(ISNUMBER(SEARCH("중국",$W16)),ISNUMBER(SEARCH("베트남",$W16))),MAX(0,MIN($L16,기준정보!$C$9)-MAX($L16-기준정보!$C$6,기준정보!$C$8)+1),IF(ISNUMBER(SEARCH("한국",$W16)),MAX(0,MIN($L16,기준정보!$C$11)-MAX($L16-기준정보!$C$6,기준정보!$C$10)+1),0))) | N16: =IF($L16="","",$L16-기준정보!$C$6-$M16) | O16: =IF($N16="","",$N16-기준정보!$C$4) | Q16: O | R16: =IF(COUNTIF(EDW_RAW!$A$2:$A$1500,$D16)=0,"",IF(COUNTIFS(EDW_RAW!$A$2:$A$1500,$D16,EDW_RAW!$U$2:$U$1500,"<>~",EDW_RAW!$U$2:$U$1500,"<>")=COUNTIF(EDW_RAW!$A$2:$A$1500,$D16),"O",IF(COUNTIFS(EDW_RAW!$A$2:$A$1500,$D16,EDW_RAW!$U$2:$U$1500,"<>~",EDW_RAW!$U$2:$U$1500,"<>")>0,"부분","X"))) | T16: =IF($H16="","",IF(AND(ISNUMBER(SEARCH("CMT",$H16)),OR(ISNUMBER(SEARCH("완사입",$H16)),ISNUMBER(SEARCH("ODM",$H16)))),"본사/생산처 혼재",IF(ISNUMBER(SEARCH("CMT",$H16)),"본사(소재팀)","생산처"))) | U16: 거림 | V16: =IFERROR(TEXTJOIN(" / ",TRUE,UNIQUE(FILTER(소재DB_RAW!$K$3:$K$2000,(소재DB_RAW!$G$3:$G$2000=$D16)*ISERROR(SEARCH("drop",소재DB_RAW!$C$3:$C$2000))))),"") | W16: 베트남 | X16: =IFERROR(TEXTJOIN(" / ",TRUE,UNIQUE(FILTER(소재DB_RAW!$N$3:$N$2000,(소재DB_RAW!$G$3:$G$2000=$D16)*ISERROR(SEARCH("drop",소재DB_RAW!$C$3:$C$2000))))),"") | Y16: =IFERROR(TEXTJOIN(CHAR(10),TRUE,UNIQUE(FILTER(소재DB_RAW!$N$3:$N$2000&") "&소재DB_RAW!$O$3:$O$2000,(소재DB_RAW!$G$3:$G$2000=$D16)*ISNUMBER(SEARCH("겉감",소재DB_RAW!$M$3:$M$2000))*ISERROR(SEARCH("drop",소재DB_RAW!$C$3:$C$2000))))),"") | Z16: =IFERROR(TEXTJOIN(CHAR(10),TRUE,UNIQUE(FILTER(소재DB_RAW!$N$3:$N$2000&") "&소재DB_RAW!$O$3:$O$2000,(소재DB_RAW!$G$3:$G$2000=$D16)*ISNUMBER(SEARCH("안감",소재DB_RAW!$M$3:$M$2000))*ISERROR(SEARCH("drop",소재DB_RAW!$C$3:$C$2000))))),"") | AA16: 1100 | AB16: 61816700 | AC16: 297000000 | AE16: =IF($K16="","출고일 미정",IF($Q16="X","작지 미발행",IF($Q16="부분","작지 일부 미발행",IF(AND($S16<>"",$S16>$N16),"소재입고 마감("&TEXT($N16,"MM/DD")&") 초과",IF($Q16="","발행여부 확인 필요",IF($S16="","소재 입고일정 확인 필요","정상")))))) | AF16: =IF($K16="","",IF(OR(LEFT($AE16,2)="작지",LEFT($AE16,4)="소재입고"),IF(LEFT($G16,1)="S","★ 납기위험(S코드)","◆ 지연주의"),IF($AE16="정상","✓ 정상","? 확인필요")))
... A18: 14 | B18: 최진민 | C18: 김지원 | D18: JWTBS27057 | E18: 히어로 남성 니트도트 긴팔 라운드티 | F18: DBU(D/BLUE), BLK(BLACK) | G18: =IF($D18="","",IF(MID($D18,5,1)="S","S(봄)",IF(MID($D18,5,1)="M","M(여름)",IF(MID($D18,5,1)="X","X(사계절)",MID($D18,5,1))))) | H18: 완사입 | I18: S1 | J18: 1월2주 | K18: =IF($J18="","",IFERROR(DATE(IF(VALUE(LEFT($J18,FIND("월",$J18)-1))>=9,기준정보!$C$7-1,기준정보!$C$7),VALUE(LEFT($J18,FIND("월",$J18)-1)),1+7*(VALUE(SUBSTITUTE(MID($J18,FIND("월",$J18)+1,5),"주",""))-1)),"")) | L18: =IF($K18="","",IF(AND($K18-기준정보!$C$5>=기준정보!$C$10,$K18-기준정보!$C$5<=기준정보!$C$11),기준정보!$C$10-1,$K18-기준정보!$C$5)) | M18: =IF($L18="","",IF(OR(ISNUMBER(SEARCH("중국",$W18)),ISNUMBER(SEARCH("베트남",$W18))),MAX(0,MIN($L18,기준정보!$C$9)-MAX($L18-기준정보!$C$6,기준정보!$C$8)+1),IF(ISNUMBER(SEARCH("한국",$W18)),MAX(0,MIN($L18,기준정보!$C$11)-MAX($L18-기준정보!$C$6,기준정보!$C$10)+1),0))) | N18: =IF($L18="","",$L18-기준정보!$C$6-$M18) | O18: =IF($N18="","",$N18-기준정보!$C$4) | Q18: O | R18: =IF(COUNTIF(EDW_RAW!$A$2:$A$1500,$D18)=0,"",IF(COUNTIFS(EDW_RAW!$A$2:$A$1500,$D18,EDW_RAW!$U$2:$U$1500,"<>~",EDW_RAW!$U$2:$U$1500,"<>")=COUNTIF(EDW_RAW!$A$2:$A$1500,$D18),"O",IF(COUNTIFS(EDW_RAW!$A$2:$A$1500,$D18,EDW_RAW!$U$2:$U$1500,"<>~",EDW_RAW!$U$2:$U$1500,"<>")>0,"부분","X"))) | T18: =IF($H18="","",IF(AND(ISNUMBER(SEARCH("CMT",$H18)),OR(ISNUMBER(SEARCH("완사입",$H18)),ISNUMBER(SEARCH("ODM",$H18)))),"본사/생산처 혼재",IF(ISNUMBER(SEARCH("CMT",$H18)),"본사(소재팀)","생산처"))) | U18: 태화 | V18: =IFERROR(TEXTJOIN(" / ",TRUE,UNIQUE(FILTER(소재DB_RAW!$K$3:$K$2000,(소재DB_RAW!$G$3:$G$2000=$D18)*ISERROR(SEARCH("drop",소재DB_RAW!$C$3:$C$2000))))),"") | W18: 베트남 | X18: =IFERROR(TEXTJOIN(" / ",TRUE,UNIQUE(FILTER(소재DB_RAW!$N$3:$N$2000,(소재DB_RAW!$G$3:$G$2000=$D18)*ISERROR(SEARCH("drop",소재DB_RAW!$C$3:$C$2000))))),"") | Y18: =IFERROR(TEXTJOIN(CHAR(10),TRUE,UNIQUE(FILTER(소재DB_RAW!$N$3:$N$2000&") "&소재DB_RAW!$O$3:$O$2000,(소재DB_RAW!$G$3:$G$2000=$D18)*ISNUMBER(SEARCH("겉감",소재DB_RAW!$M$3:$M$2000))*ISERROR(SEARCH("drop",소재DB_RAW!$C$3:$C$2000))))),"") | Z18: =IFERROR(TEXTJOIN(CHAR(10),TRUE,UNIQUE(FILTER(소재DB_RAW!$N$3:$N$2000&") "&소재DB_RAW!$O$3:$O$2000,(소재DB_RAW!$G$3:$G$2000=$D18)*ISNUMBER(SEARCH("안감",소재DB_RAW!$M$3:$M$2000))*ISERROR(SEARCH("drop",소재DB_RAW!$C$3:$C$2000))))),"") | AA18: 300 | AB18: 8055900 | AC18: 41400000 | AE18: =IF($K18="","출고일 미정",IF($Q18="X","작지 미발행",IF($Q18="부분","작지 일부 미발행",IF(AND($S18<>"",$S18>$N18),"소재입고 마감("&TEXT($N18,"MM/DD")&") 초과",IF($Q18="","발행여부 확인 필요",IF($S18="","소재 입고일정 확인 필요","정상")))))) | AF18: =IF($K18="","",IF(OR(LEFT($AE18,2)="작지",LEFT($AE18,4)="소재입고"),IF(LEFT($G18,1)="S","★ 납기위험(S코드)","◆ 지연주의"),IF($AE18="정상","✓ 정상","? 확인필요")))
A19: 15 | B19: 김준래 | C19: 권혁일 | D19: TLTBS27511 | E19: 남성 베이직 폴로 긴팔 티셔츠 | F19: LLA-1, CIN(CINDER), DGY-3 | G19: =IF($D19="","",IF(MID($D19,5,1)="S","S(봄)",IF(MID($D19,5,1)="M","M(여름)",IF(MID($D19,5,1)="X","X(사계절)",MID($D19,5,1))))) | H19: ODM | J19: 1월2주 | K19: =IF($J19="","",IFERROR(DATE(IF(VALUE(LEFT($J19,FIND("월",$J19)-1))>=9,기준정보!$C$7-1,기준정보!$C$7),VALUE(LEFT($J19,FIND("월",$J19)-1)),1+7*(VALUE(SUBSTITUTE(MID($J19,FIND("월",$J19)+1,5),"주",""))-1)),"")) | L19: =IF($K19="","",IF(AND($K19-기준정보!$C$5>=기준정보!$C$10,$K19-기준정보!$C$5<=기준정보!$C$11),기준정보!$C$10-1,$K19-기준정보!$C$5)) | M19: =IF($L19="","",IF(OR(ISNUMBER(SEARCH("중국",$W19)),ISNUMBER(SEARCH("베트남",$W19))),MAX(0,MIN($L19,기준정보!$C$9)-MAX($L19-기준정보!$C$6,기준정보!$C$8)+1),IF(ISNUMBER(SEARCH("한국",$W19)),MAX(0,MIN($L19,기준정보!$C$11)-MAX($L19-기준정보!$C$6,기준정보!$C$10)+1),0))) | N19: =IF($L19="","",$L19-기준정보!$C$6-$M19) | O19: =IF($N19="","",$N19-기준정보!$C$4) | Q19: O | R19: =IF(COUNTIF(EDW_RAW!$A$2:$A$1500,$D19)=0,"",IF(COUNTIFS(EDW_RAW!$A$2:$A$1500,$D19,EDW_RAW!$U$2:$U$1500,"<>~",EDW_RAW!$U$2:$U$1500,"<>")=COUNTIF(EDW_RAW!$A$2:$A$1500,$D19),"O",IF(COUNTIFS(EDW_RAW!$A$2:$A$1500,$D19,EDW_RAW!$U$2:$U$1500,"<>~",EDW_RAW!$U$2:$U$1500,"<>")>0,"부분","X"))) | T19: =IF($H19="","",IF(AND(ISNUMBER(SEARCH("CMT",$H19)),OR(ISNUMBER(SEARCH("완사입",$H19)),ISNUMBER(SEARCH("ODM",$H19)))),"본사/생산처 혼재",IF(ISNUMBER(SEARCH("CMT",$H19)),"본사(소재팀)","생산처"))) | U19: TESSELLATION | V19: =IFERROR(TEXTJOIN(" / ",TRUE,UNIQUE(FILTER(소재DB_RAW!$K$3:$K$2000,(소재DB_RAW!$G$3:$G$2000=$D19)*ISERROR(SEARCH("drop",소재DB_RAW!$C$3:$C$2000))))),"") | W19: 중국 | X19: =IFERROR(TEXTJOIN(" / ",TRUE,UNIQUE(FILTER(소재DB_RAW!$N$3:$N$2000,(소재DB_RAW!$G$3:$G$2000=$D19)*ISERROR(SEARCH("drop",소재DB_RAW!$C$3:$C$2000))))),"") | Y19: =IFERROR(TEXTJOIN(CHAR(10),TRUE,UNIQUE(FILTER(소재DB_RAW!$N$3:$N$2000&") "&소재DB_RAW!$O$3:$O$2000,(소재DB_RAW!$G$3:$G$2000=$D19)*ISNUMBER(SEARCH("겉감",소재DB_RAW!$M$3:$M$2000))*ISERROR(SEARCH("drop",소재DB_RAW!$C$3:$C$2000))))),"") | Z19: =IFERROR(TEXTJOIN(CHAR(10),TRUE,UNIQUE(FILTER(소재DB_RAW!$N$3:$N$2000&") "&소재DB_RAW!$O$3:$O$2000,(소재DB_RAW!$G$3:$G$2000=$D19)*ISNUMBER(SEARCH("안감",소재DB_RAW!$M$3:$M$2000))*ISERROR(SEARCH("drop",소재DB_RAW!$C$3:$C$2000))))),"") | AA19: 8000 | AB19: 188464000 | AC19: 1024000000 | AE19: =IF($K19="","출고일 미정",IF($Q19="X","작지 미발행",IF($Q19="부분","작지 일부 미발행",IF(AND($S19<>"",$S19>$N19),"소재입고 마감("&TEXT($N19,"MM/DD")&") 초과",IF($Q19="","발행여부 확인 필요",IF($S19="","소재 입고일정 확인 필요","정상")))))) | AF19: =IF($K19="","",IF(OR(LEFT($AE19,2)="작지",LEFT($AE19,4)="소재입고"),IF(LEFT($G19,1)="S","★ 납기위험(S코드)","◆ 지연주의"),IF($AE19="정상","✓ 정상","? 확인필요")))
A20: 16 | B20: 김준래 | C20: 권혁일 | D20: TLTBS27571 | E20: 춘절 남성 니트 폴로 긴팔 티셔츠 | F20: BLK(BLACK), LAK(LAKE) | G20: =IF($D20="","",IF(MID($D20,5,1)="S","S(봄)",IF(MID($D20,5,1)="M","M(여름)",IF(MID($D20,5,1)="X","X(사계절)",MID($D20,5,1))))) | H20: 완사입 | J20: 1월2주 | K20: =IF($J20="","",IFERROR(DATE(IF(VALUE(LEFT($J20,FIND("월",$J20)-1))>=9,기준정보!$C$7-1,기준정보!$C$7),VALUE(LEFT($J20,FIND("월",$J20)-1)),1+7*(VALUE(SUBSTITUTE(MID($J20,FIND("월",$J20)+1,5),"주",""))-1)),"")) | L20: =IF($K20="","",IF(AND($K20-기준정보!$C$5>=기준정보!$C$10,$K20-기준정보!$C$5<=기준정보!$C$11),기준정보!$C$10-1,$K20-기준정보!$C$5)) | M20: =IF($L20="","",IF(OR(ISNUMBER(SEARCH("중국",$W20)),ISNUMBER(SEARCH("베트남",$W20))),MAX(0,MIN($L20,기준정보!$C$9)-MAX($L20-기준정보!$C$6,기준정보!$C$8)+1),IF(ISNUMBER(SEARCH("한국",$W20)),MAX(0,MIN($L20,기준정보!$C$11)-MAX($L20-기준정보!$C$6,기준정보!$C$10)+1),0))) | N20: =IF($L20="","",$L20-기준정보!$C$6-$M20) | O20: =IF($N20="","",$N20-기준정보!$C$4) | Q20: O | R20: =IF(COUNTIF(EDW_RAW!$A$2:$A$1500,$D20)=0,"",IF(COUNTIFS(EDW_RAW!$A$2:$A$1500,$D20,EDW_RAW!$U$2:$U$1500,"<>~",EDW_RAW!$U$2:$U$1500,"<>")=COUNTIF(EDW_RAW!$A$2:$A$1500,$D20),"O",IF(COUNTIFS(EDW_RAW!$A$2:$A$1500,$D20,EDW_RAW!$U$2:$U$1500,"<>~",EDW_RAW!$U$2:$U$1500,"<>")>0,"부분","X"))) | T20: =IF($H20="","",IF(AND(ISNUMBER(SEARCH("CMT",$H20)),OR(ISNUMBER(SEARCH("완사입",$H20)),ISNUMBER(SEARCH("ODM",$H20)))),"본사/생산처 혼재",IF(ISNUMBER(SEARCH("CMT",$H20)),"본사(소재팀)","생산처"))) | U20: 어필코리아 | V20: =IFERROR(TEXTJOIN(" / ",TRUE,UNIQUE(FILTER(소재DB_RAW!$K$3:$K$2000,(소재DB_RAW!$G$3:$G$2000=$D20)*ISERROR(SEARCH("drop",소재DB_RAW!$C$3:$C$2000))))),"") | W20: 베트남 | X20: =IFERROR(TEXTJOIN(" / ",TRUE,UNIQUE(FILTER(소재DB_RAW!$N$3:$N$2000,(소재DB_RAW!$G$3:$G$2000=$D20)*ISERROR(SEARCH("drop",소재DB_RAW!$C$3:$C$2000))))),"") | Y20: =IFERROR(TEXTJOIN(CHAR(10),TRUE,UNIQUE(FILTER(소재DB_RAW!$N$3:$N$2000&") "&소재DB_RAW!$O$3:$O$2000,(소재DB_RAW!$G$3:$G$2000=$D20)*ISNUMBER(SEARCH("겉감",소재DB_RAW!$M$3:$M$2000))*ISERROR(SEARCH("drop",소재DB_RAW!$C$3:$C$2000))))),"") | Z20: =IFERROR(TEXTJOIN(CHAR(10),TRUE,UNIQUE(FILTER(소재DB_RAW!$N$3:$N$2000&") "&소재DB_RAW!$O$3:$O$2000,(소재DB_RAW!$G$3:$G$2000=$D20)*ISNUMBER(SEARCH("안감",소재DB_RAW!$M$3:$M$2000))*ISERROR(SEARCH("drop",소재DB_RAW!$C$3:$C$2000))))),"") | AA20: 2000 | AB20: 106628000 | AC20: 440000000 | AD20: 1월2주 | AE20: =IF($K20="","출고일 미정",IF($Q20="X","작지 미발행",IF($Q20="부분","작지 일부 미발행",IF(AND($S20<>"",$S20>$N20),"소재입고 마감("&TEXT($N20,"MM/DD")&") 초과",IF($Q20="","발행여부 확인 필요",IF($S20="","소재 입고일정 확인 필요","정상")))))) | AF20: =IF($K20="","",IF(OR(LEFT($AE20,2)="작지",LEFT($AE20,4)="소재입고"),IF(LEFT($G20,1)="S","★ 납기위험(S코드)","◆ 지연주의"),IF($AE20="정상","✓ 정상","? 확인필요")))
A21: 17 | B21: 김준래 | C21: 권혁일 | D21: TVTBS27548 | E21: 여성 베이직 폴로 긴팔 티셔츠 | F21: IVO(IVORY), LPI, NAY | G21: =IF($D21="","",IF(MID($D21,5,1)="S","S(봄)",IF(MID($D21,5,1)="M","M(여름)",IF(MID($D21,5,1)="X","X(사계절)",MID($D21,5,1))))) | H21: ODM | J21: 1월2주 | K21: =IF($J21="","",IFERROR(DATE(IF(VALUE(LEFT($J21,FIND("월",$J21)-1))>=9,기준정보!$C$7-1,기준정보!$C$7),VALUE(LEFT($J21,FIND("월",$J21)-1)),1+7*(VALUE(SUBSTITUTE(MID($J21,FIND("월",$J21)+1,5),"주",""))-1)),"")) | L21: =IF($K21="","",IF(AND($K21-기준정보!$C$5>=기준정보!$C$10,$K21-기준정보!$C$5<=기준정보!$C$11),기준정보!$C$10-1,$K21-기준정보!$C$5)) | M21: =IF($L21="","",IF(OR(ISNUMBER(SEARCH("중국",$W21)),ISNUMBER(SEARCH("베트남",$W21))),MAX(0,MIN($L21,기준정보!$C$9)-MAX($L21-기준정보!$C$6,기준정보!$C$8)+1),IF(ISNUMBER(SEARCH("한국",$W21)),MAX(0,MIN($L21,기준정보!$C$11)-MAX($L21-기준정보!$C$6,기준정보!$C$10)+1),0))) | N21: =IF($L21="","",$L21-기준정보!$C$6-$M21) | O21: =IF($N21="","",$N21-기준정보!$C$4) | Q21: O | R21: =IF(COUNTIF(EDW_RAW!$A$2:$A$1500,$D21)=0,"",IF(COUNTIFS(EDW_RAW!$A$2:$A$1500,$D21,EDW_RAW!$U$2:$U$1500,"<>~",EDW_RAW!$U$2:$U$1500,"<>")=COUNTIF(EDW_RAW!$A$2:$A$1500,$D21),"O",IF(COUNTIFS(EDW_RAW!$A$2:$A$1500,$D21,EDW_RAW!$U$2:$U$1500,"<>~",EDW_RAW!$U$2:$U$1500,"<>")>0,"부분","X"))) | T21: =IF($H21="","",IF(AND(ISNUMBER(SEARCH("CMT",$H21)),OR(ISNUMBER(SEARCH("완사입",$H21)),ISNUMBER(SEARCH("ODM",$H21)))),"본사/생산처 혼재",IF(ISNUMBER(SEARCH("CMT",$H21)),"본사(소재팀)","생산처"))) | U21: TESSELLATION | V21: =IFERROR(TEXTJOIN(" / ",TRUE,UNIQUE(FILTER(소재DB_RAW!$K$3:$K$2000,(소재DB_RAW!$G$3:$G$2000=$D21)*ISERROR(SEARCH("drop",소재DB_RAW!$C$3:$C$2000))))),"") | W21: 베트남 | X21: =IFERROR(TEXTJOIN(" / ",TRUE,UNIQUE(FILTER(소재DB_RAW!$N$3:$N$2000,(소재DB_RAW!$G$3:$G$2000=$D21)*ISERROR(SEARCH("drop",소재DB_RAW!$C$3:$C$2000))))),"") | Y21: =IFERROR(TEXTJOIN(CHAR(10),TRUE,UNIQUE(FILTER(소재DB_RAW!$N$3:$N$2000&") "&소재DB_RAW!$O$3:$O$2000,(소재DB_RAW!$G$3:$G$2000=$D21)*ISNUMBER(SEARCH("겉감",소재DB_RAW!$M$3:$M$2000))*ISERROR(SEARCH("drop",소재DB_RAW!$C$3:$C$2000))))),"") | Z21: =IFERROR(TEXTJOIN(CHAR(10),TRUE,UNIQUE(FILTER(소재DB_RAW!$N$3:$N$2000&") "&소재DB_RAW!$O$3:$O$2000,(소재DB_RAW!$G$3:$G$2000=$D21)*ISNUMBER(SEARCH("안감",소재DB_RAW!$M$3:$M$2000))*ISERROR(SEARCH("drop",소재DB_RAW!$C$3:$C$2000))))),"") | AA21: 3700 | AB21: 81736700 | AC21: 473600000 | AE21: =IF($K21="","출고일 미정",IF($Q21="X","작지 미발행",IF($Q21="부분","작지 일부 미발행",IF(AND($S21<>"",$S21>$N21),"소재입고 마감("&TEXT($N21,"MM/DD")&") 초과",IF($Q21="","발행여부 확인 필요",IF($S21="","소재 입고일정 확인 필요","정상")))))) | AF21: =IF($K21="","",IF(OR(LEFT($AE21,2)="작지",LEFT($AE21,4)="소재입고"),IF(LEFT($G21,1)="S","★ 납기위험(S코드)","◆ 지연주의"),IF($AE21="정상","✓ 정상","? 확인필요")))
A22: 18 | B22: 김준래 | C22: 권혁일 | D22: TVTBS27592 | E22: 춘절 여성 니트 폴로 긴팔 티셔츠 | F22: CRE-2, LLA-1 | G22: =IF($D22="","",IF(MID($D22,5,1)="S","S(봄)",IF(MID($D22,5,1)="M","M(여름)",IF(MID($D22,5,1)="X","X(사계절)",MID($D22,5,1))))) | H22: 완사입 | J22: 1월2주 | K22: =IF($J22="","",IFERROR(DATE(IF(VALUE(LEFT($J22,FIND("월",$J22)-1))>=9,기준정보!$C$7-1,기준정보!$C$7),VALUE(LEFT($J22,FIND("월",$J22)-1)),1+7*(VALUE(SUBSTITUTE(MID($J22,FIND("월",$J22)+1,5),"주",""))-1)),"")) | L22: =IF($K22="","",IF(AND($K22-기준정보!$C$5>=기준정보!$C$10,$K22-기준정보!$C$5<=기준정보!$C$11),기준정보!$C$10-1,$K22-기준정보!$C$5)) | M22: =IF($L22="","",IF(OR(ISNUMBER(SEARCH("중국",$W22)),ISNUMBER(SEARCH("베트남",$W22))),MAX(0,MIN($L22,기준정보!$C$9)-MAX($L22-기준정보!$C$6,기준정보!$C$8)+1),IF(ISNUMBER(SEARCH("한국",$W22)),MAX(0,MIN($L22,기준정보!$C$11)-MAX($L22-기준정보!$C$6,기준정보!$C$10)+1),0))) | N22: =IF($L22="","",$L22-기준정보!$C$6-$M22) | O22: =IF($N22="","",$N22-기준정보!$C$4) | Q22: O | R22: =IF(COUNTIF(EDW_RAW!$A$2:$A$1500,$D22)=0,"",IF(COUNTIFS(EDW_RAW!$A$2:$A$1500,$D22,EDW_RAW!$U$2:$U$1500,"<>~",EDW_RAW!$U$2:$U$1500,"<>")=COUNTIF(EDW_RAW!$A$2:$A$1500,$D22),"O",IF(COUNTIFS(EDW_RAW!$A$2:$A$1500,$D22,EDW_RAW!$U$2:$U$1500,"<>~",EDW_RAW!$U$2:$U$1500,"<>")>0,"부분","X"))) | T22: =IF($H22="","",IF(AND(ISNUMBER(SEARCH("CMT",$H22)),OR(ISNUMBER(SEARCH("완사입",$H22)),ISNUMBER(SEARCH("ODM",$H22)))),"본사/생산처 혼재",IF(ISNUMBER(SEARCH("CMT",$H22)),"본사(소재팀)","생산처"))) | U22: 어필코리아 | V22: =IFERROR(TEXTJOIN(" / ",TRUE,UNIQUE(FILTER(소재DB_RAW!$K$3:$K$2000,(소재DB_RAW!$G$3:$G$2000=$D22)*ISERROR(SEARCH("drop",소재DB_RAW!$C$3:$C$2000))))),"") | W22: 베트남 | X22: =IFERROR(TEXTJOIN(" / ",TRUE,UNIQUE(FILTER(소재DB_RAW!$N$3:$N$2000,(소재DB_RAW!$G$3:$G$2000=$D22)*ISERROR(SEARCH("drop",소재DB_RAW!$C$3:$C$2000))))),"") | Y22: =IFERROR(TEXTJOIN(CHAR(10),TRUE,UNIQUE(FILTER(소재DB_RAW!$N$3:$N$2000&") "&소재DB_RAW!$O$3:$O$2000,(소재DB_RAW!$G$3:$G$2000=$D22)*ISNUMBER(SEARCH("겉감",소재DB_RAW!$M$3:$M$2000))*ISERROR(SEARCH("drop",소재DB_RAW!$C$3:$C$2000))))),"") | Z22: =IFERROR(TEXTJOIN(CHAR(10),TRUE,UNIQUE(FILTER(소재DB_RAW!$N$3:$N$2000&") "&소재DB_RAW!$O$3:$O$2000,(소재DB_RAW!$G$3:$G$2000=$D22)*ISNUMBER(SEARCH("안감",소재DB_RAW!$M$3:$M$2000))*ISERROR(SEARCH("drop",소재DB_RAW!$C$3:$C$2000))))),"") | AA22: 1200 | AB22: 58612800 | AC22: 237600000 | AD22: 1월2주 | AE22: =IF($K22="","출고일 미정",IF($Q22="X","작지 미발행",IF($Q22="부분","작지 일부 미발행",IF(AND($S22<>"",$S22>$N22),"소재입고 마감("&TEXT($N22,"MM/DD")&") 초과",IF($Q22="","발행여부 확인 필요",IF($S22="","소재 입고일정 확인 필요","정상")))))) | AF22: =IF($K22="","",IF(OR(LEFT($AE22,2)="작지",LEFT($AE22,4)="소재입고"),IF(LEFT($G22,1)="S","★ 납기위험(S코드)","◆ 지연주의"),IF($AE22="정상","✓ 정상","? 확인필요")))
A23: 19 | B23: 신인철 | C23: 안세진 | D23: 8GJJS27101 | E23: [WM] 남성 아웃포켓 피싱 재킷 | F23: KHA(KHAKI), BLK(BLACK) | G23: =IF($D23="","",IF(MID($D23,5,1)="S","S(봄)",IF(MID($D23,5,1)="M","M(여름)",IF(MID($D23,5,1)="X","X(사계절)",MID($D23,5,1))))) | H23: 완사입 | I23: 1차 | J23: 1월3주 | K23: =IF($J23="","",IFERROR(DATE(IF(VALUE(LEFT($J23,FIND("월",$J23)-1))>=9,기준정보!$C$7-1,기준정보!$C$7),VALUE(LEFT($J23,FIND("월",$J23)-1)),1+7*(VALUE(SUBSTITUTE(MID($J23,FIND("월",$J23)+1,5),"주",""))-1)),"")) | L23: =IF($K23="","",IF(AND($K23-기준정보!$C$5>=기준정보!$C$10,$K23-기준정보!$C$5<=기준정보!$C$11),기준정보!$C$10-1,$K23-기준정보!$C$5)) | M23: =IF($L23="","",IF(OR(ISNUMBER(SEARCH("중국",$W23)),ISNUMBER(SEARCH("베트남",$W23))),MAX(0,MIN($L23,기준정보!$C$9)-MAX($L23-기준정보!$C$6,기준정보!$C$8)+1),IF(ISNUMBER(SEARCH("한국",$W23)),MAX(0,MIN($L23,기준정보!$C$11)-MAX($L23-기준정보!$C$6,기준정보!$C$10)+1),0))) | N23: =IF($L23="","",$L23-기준정보!$C$6-$M23) | O23: =IF($N23="","",$N23-기준정보!$C$4) | Q23: X | R23: =IF(COUNTIF(EDW_RAW!$A$2:$A$1500,$D23)=0,"",IF(COUNTIFS(EDW_RAW!$A$2:$A$1500,$D23,EDW_RAW!$U$2:$U$1500,"<>~",EDW_RAW!$U$2:$U$1500,"<>")=COUNTIF(EDW_RAW!$A$2:$A$1500,$D23),"O",IF(COUNTIFS(EDW_RAW!$A$2:$A$1500,$D23,EDW_RAW!$U$2:$U$1500,"<>~",EDW_RAW!$U$2:$U$1500,"<>")>0,"부분","X"))) | T23: =IF($H23="","",IF(AND(ISNUMBER(SEARCH("CMT",$H23)),OR(ISNUMBER(SEARCH("완사입",$H23)),ISNUMBER(SEARCH("ODM",$H23)))),"본사/생산처 혼재",IF(ISNUMBER(SEARCH("CMT",$H23)),"본사(소재팀)","생산처"))) | U23: YIC | V23: =IFERROR(TEXTJOIN(" / ",TRUE,UNIQUE(FILTER(소재DB_RAW!$K$3:$K$2000,(소재DB_RAW!$G$3:$G$2000=$D23)*ISERROR(SEARCH("drop",소재DB_RAW!$C$3:$C$2000))))),"") | W23: 베트남 | X23: =IFERROR(TEXTJOIN(" / ",TRUE,UNIQUE(FILTER(소재DB_RAW!$N$3:$N$2000,(소재DB_RAW!$G$3:$G$2000=$D23)*ISERROR(SEARCH("drop",소재DB_RAW!$C$3:$C$2000))))),"") | Y23: =IFERROR(TEXTJOIN(CHAR(10),TRUE,UNIQUE(FILTER(소재DB_RAW!$N$3:$N$2000&") "&소재DB_RAW!$O$3:$O$2000,(소재DB_RAW!$G$3:$G$2000=$D23)*ISNUMBER(SEARCH("겉감",소재DB_RAW!$M$3:$M$2000))*ISERROR(SEARCH("drop",소재DB_RAW!$C$3:$C$2000))))),"") | Z23: =IFERROR(TEXTJOIN(CHAR(10),TRUE,UNIQUE(FILTER(소재DB_RAW!$N$3:$N$2000&") "&소재DB_RAW!$O$3:$O$2000,(소재DB_RAW!$G$3:$G$2000=$D23)*ISNUMBER(SEARCH("안감",소재DB_RAW!$M$3:$M$2000))*ISERROR(SEARCH("drop",소재DB_RAW!$C$3:$C$2000))))),"") | AA23: 0 | AB23: 64250000 | AC23: 180000000 | AE23: =IF($K23="","출고일 미정",IF($Q23="X","작지 미발행",IF($Q23="부분","작지 일부 미발행",IF(AND($S23<>"",$S23>$N23),"소재입고 마감("&TEXT($N23,"MM/DD")&") 초과",IF($Q23="","발행여부 확인 필요",IF($S23="","소재 입고일정 확인 필요","정상")))))) | AF23: =IF($K23="","",IF(OR(LEFT($AE23,2)="작지",LEFT($AE23,4)="소재입고"),IF(LEFT($G23,1)="S","★ 납기위험(S코드)","◆ 지연주의"),IF($AE23="정상","✓ 정상","? 확인필요")))
A24: 20 | B24: 신인철 | C24: 안세진 | D24: 8GPNS27101 | E24: [WM] 남성 유틸리티 피싱 카고 팬츠 | F24: KHA(KHAKI), BLK(BLACK) | G24: =IF($D24="","",IF(MID($D24,5,1)="S","S(봄)",IF(MID($D24,5,1)="M","M(여름)",IF(MID($D24,5,1)="X","X(사계절)",MID($D24,5,1))))) | H24: 완사입 | I24: 1차 | J24: 1월3주 | K24: =IF($J24="","",IFERROR(DATE(IF(VALUE(LEFT($J24,FIND("월",$J24)-1))>=9,기준정보!$C$7-1,기준정보!$C$7),VALUE(LEFT($J24,FIND("월",$J24)-1)),1+7*(VALUE(SUBSTITUTE(MID($J24,FIND("월",$J24)+1,5),"주",""))-1)),"")) | L24: =IF($K24="","",IF(AND($K24-기준정보!$C$5>=기준정보!$C$10,$K24-기준정보!$C$5<=기준정보!$C$11),기준정보!$C$10-1,$K24-기준정보!$C$5)) | M24: =IF($L24="","",IF(OR(ISNUMBER(SEARCH("중국",$W24)),ISNUMBER(SEARCH("베트남",$W24))),MAX(0,MIN($L24,기준정보!$C$9)-MAX($L24-기준정보!$C$6,기준정보!$C$8)+1),IF(ISNUMBER(SEARCH("한국",$W24)),MAX(0,MIN($L24,기준정보!$C$11)-MAX($L24-기준정보!$C$6,기준정보!$C$10)+1),0))) | N24: =IF($L24="","",$L24-기준정보!$C$6-$M24) | O24: =IF($N24="","",$N24-기준정보!$C$4) | Q24: X | R24: =IF(COUNTIF(EDW_RAW!$A$2:$A$1500,$D24)=0,"",IF(COUNTIFS(EDW_RAW!$A$2:$A$1500,$D24,EDW_RAW!$U$2:$U$1500,"<>~",EDW_RAW!$U$2:$U$1500,"<>")=COUNTIF(EDW_RAW!$A$2:$A$1500,$D24),"O",IF(COUNTIFS(EDW_RAW!$A$2:$A$1500,$D24,EDW_RAW!$U$2:$U$1500,"<>~",EDW_RAW!$U$2:$U$1500,"<>")>0,"부분","X"))) | T24: =IF($H24="","",IF(AND(ISNUMBER(SEARCH("CMT",$H24)),OR(ISNUMBER(SEARCH("완사입",$H24)),ISNUMBER(SEARCH("ODM",$H24)))),"본사/생산처 혼재",IF(ISNUMBER(SEARCH("CMT",$H24)),"본사(소재팀)","생산처"))) | U24: YIC | V24: =IFERROR(TEXTJOIN(" / ",TRUE,UNIQUE(FILTER(소재DB_RAW!$K$3:$K$2000,(소재DB_RAW!$G$3:$G$2000=$D24)*ISERROR(SEARCH("drop",소재DB_RAW!$C$3:$C$2000))))),"") | W24: 베트남 | X24: =IFERROR(TEXTJOIN(" / ",TRUE,UNIQUE(FILTER(소재DB_RAW!$N$3:$N$2000,(소재DB_RAW!$G$3:$G$2000=$D24)*ISERROR(SEARCH("drop",소재DB_RAW!$C$3:$C$2000))))),"") | Y24: =IFERROR(TEXTJOIN(CHAR(10),TRUE,UNIQUE(FILTER(소재DB_RAW!$N$3:$N$2000&") "&소재DB_RAW!$O$3:$O$2000,(소재DB_RAW!$G$3:$G$2000=$D24)*ISNUMBER(SEARCH("겉감",소재DB_RAW!$M$3:$M$2000))*ISERROR(SEARCH("drop",소재DB_RAW!$C$3:$C$2000))))),"") | Z24: =IFERROR(TEXTJOIN(CHAR(10),TRUE,UNIQUE(FILTER(소재DB_RAW!$N$3:$N$2000&") "&소재DB_RAW!$O$3:$O$2000,(소재DB_RAW!$G$3:$G$2000=$D24)*ISNUMBER(SEARCH("안감",소재DB_RAW!$M$3:$M$2000))*ISERROR(SEARCH("drop",소재DB_RAW!$C$3:$C$2000))))),"") | AA24: 0 | AB24: 34930000 | AC24: 87500000 | AE24: =IF($K24="","출고일 미정",IF($Q24="X","작지 미발행",IF($Q24="부분","작지 일부 미발행",IF(AND($S24<>"",$S24>$N24),"소재입고 마감("&TEXT($N24,"MM/DD")&") 초과",IF($Q24="","발행여부 확인 필요",IF($S24="","소재 입고일정 확인 필요","정상")))))) | AF24: =IF($K24="","",IF(OR(LEFT($AE24,2)="작지",LEFT($AE24,4)="소재입고"),IF(LEFT($G24,1)="S","★ 납기위험(S코드)","◆ 지연주의"),IF($AE24="정상","✓ 정상","? 확인필요")))
A25: 21 | B25: 신인철 | C25: 장지은 | D25: 8HJJS27102 | E25: [WM] 여성 아웃포켓 피싱 재킷 | F25: CAM(CAMEL), BLK(BLACK) | G25: =IF($D25="","",IF(MID($D25,5,1)="S","S(봄)",IF(MID($D25,5,1)="M","M(여름)",IF(MID($D25,5,1)="X","X(사계절)",MID($D25,5,1))))) | H25: 완사입 | I25: 1차 | J25: 1월3주 | K25: =IF($J25="","",IFERROR(DATE(IF(VALUE(LEFT($J25,FIND("월",$J25)-1))>=9,기준정보!$C$7-1,기준정보!$C$7),VALUE(LEFT($J25,FIND("월",$J25)-1)),1+7*(VALUE(SUBSTITUTE(MID($J25,FIND("월",$J25)+1,5),"주",""))-1)),"")) | L25: =IF($K25="","",IF(AND($K25-기준정보!$C$5>=기준정보!$C$10,$K25-기준정보!$C$5<=기준정보!$C$11),기준정보!$C$10-1,$K25-기준정보!$C$5)) | M25: =IF($L25="","",IF(OR(ISNUMBER(SEARCH("중국",$W25)),ISNUMBER(SEARCH("베트남",$W25))),MAX(0,MIN($L25,기준정보!$C$9)-MAX($L25-기준정보!$C$6,기준정보!$C$8)+1),IF(ISNUMBER(SEARCH("한국",$W25)),MAX(0,MIN($L25,기준정보!$C$11)-MAX($L25-기준정보!$C$6,기준정보!$C$10)+1),0))) | N25: =IF($L25="","",$L25-기준정보!$C$6-$M25) | O25: =IF($N25="","",$N25-기준정보!$C$4) | Q25: X | R25: =IF(COUNTIF(EDW_RAW!$A$2:$A$1500,$D25)=0,"",IF(COUNTIFS(EDW_RAW!$A$2:$A$1500,$D25,EDW_RAW!$U$2:$U$1500,"<>~",EDW_RAW!$U$2:$U$1500,"<>")=COUNTIF(EDW_RAW!$A$2:$A$1500,$D25),"O",IF(COUNTIFS(EDW_RAW!$A$2:$A$1500,$D25,EDW_RAW!$U$2:$U$1500,"<>~",EDW_RAW!$U$2:$U$1500,"<>")>0,"부분","X"))) | T25: =IF($H25="","",IF(AND(ISNUMBER(SEARCH("CMT",$H25)),OR(ISNUMBER(SEARCH("완사입",$H25)),ISNUMBER(SEARCH("ODM",$H25)))),"본사/생산처 혼재",IF(ISNUMBER(SEARCH("CMT",$H25)),"본사(소재팀)","생산처"))) | U25: YIC | V25: =IFERROR(TEXTJOIN(" / ",TRUE,UNIQUE(FILTER(소재DB_RAW!$K$3:$K$2000,(소재DB_RAW!$G$3:$G$2000=$D25)*ISERROR(SEARCH("drop",소재DB_RAW!$C$3:$C$2000))))),"") | W25: 베트남 | X25: =IFERROR(TEXTJOIN(" / ",TRUE,UNIQUE(FILTER(소재DB_RAW!$N$3:$N$2000,(소재DB_RAW!$G$3:$G$2000=$D25)*ISERROR(SEARCH("drop",소재DB_RAW!$C$3:$C$2000))))),"") | Y25: =IFERROR(TEXTJOIN(CHAR(10),TRUE,UNIQUE(FILTER(소재DB_RAW!$N$3:$N$2000&") "&소재DB_RAW!$O$3:$O$2000,(소재DB_RAW!$G$3:$G$2000=$D25)*ISNUMBER(SEARCH("겉감",소재DB_RAW!$M$3:$M$2000))*ISERROR(SEARCH("drop",소재DB_RAW!$C$3:$C$2000))))),"") | Z25: =IFERROR(TEXTJOIN(CHAR(10),TRUE,UNIQUE(FILTER(소재DB_RAW!$N$3:$N$2000&") "&소재DB_RAW!$O$3:$O$2000,(소재DB_RAW!$G$3:$G$2000=$D25)*ISNUMBER(SEARCH("안감",소재DB_RAW!$M$3:$M$2000))*ISERROR(SEARCH("drop",소재DB_RAW!$C$3:$C$2000))))),"") | AA25: 0 | AB25: 56850000 | AC25: 180000000 | AE25: =IF($K25="","출고일 미정",IF($Q25="X","작지 미발행",IF($Q25="부분","작지 일부 미발행",IF(AND($S25<>"",$S25>$N25),"소재입고 마감("&TEXT($N25,"MM/DD")&") 초과",IF($Q25="","발행여부 확인 필요",IF($S25="","소재 입고일정 확인 필요","정상")))))) | AF25: =IF($K25="","",IF(OR(LEFT($AE25,2)="작지",LEFT($AE25,4)="소재입고"),IF(LEFT($G25,1)="S","★ 납기위험(S코드)","◆ 지연주의"),IF($AE25="정상","✓ 정상","? 확인필요")))
A26: 22 | B26: 신인철 | C26: 장지은 | D26: 8HPNS27102 | E26: [WM] 여성 유틸리티 피싱 카고 팬츠 | F26: CAM(CAMEL), BLK(BLACK) | G26: =IF($D26="","",IF(MID($D26,5,1)="S","S(봄)",IF(MID($D26,5,1)="M","M(여름)",IF(MID($D26,5,1)="X","X(사계절)",MID($D26,5,1))))) | H26: 완사입 | I26: 1차 | J26: 1월3주 | K26: =IF($J26="","",IFERROR(DATE(IF(VALUE(LEFT($J26,FIND("월",$J26)-1))>=9,기준정보!$C$7-1,기준정보!$C$7),VALUE(LEFT($J26,FIND("월",$J26)-1)),1+7*(VALUE(SUBSTITUTE(MID($J26,FIND("월",$J26)+1,5),"주",""))-1)),"")) | L26: =IF($K26="","",IF(AND($K26-기준정보!$C$5>=기준정보!$C$10,$K26-기준정보!$C$5<=기준정보!$C$11),기준정보!$C$10-1,$K26-기준정보!$C$5)) | M26: =IF($L26="","",IF(OR(ISNUMBER(SEARCH("중국",$W26)),ISNUMBER(SEARCH("베트남",$W26))),MAX(0,MIN($L26,기준정보!$C$9)-MAX($L26-기준정보!$C$6,기준정보!$C$8)+1),IF(ISNUMBER(SEARCH("한국",$W26)),MAX(0,MIN($L26,기준정보!$C$11)-MAX($L26-기준정보!$C$6,기준정보!$C$10)+1),0))) | N26: =IF($L26="","",$L26-기준정보!$C$6-$M26) | O26: =IF($N26="","",$N26-기준정보!$C$4) | Q26: X | R26: =IF(COUNTIF(EDW_RAW!$A$2:$A$1500,$D26)=0,"",IF(COUNTIFS(EDW_RAW!$A$2:$A$1500,$D26,EDW_RAW!$U$2:$U$1500,"<>~",EDW_RAW!$U$2:$U$1500,"<>")=COUNTIF(EDW_RAW!$A$2:$A$1500,$D26),"O",IF(COUNTIFS(EDW_RAW!$A$2:$A$1500,$D26,EDW_RAW!$U$2:$U$1500,"<>~",EDW_RAW!$U$2:$U$1500,"<>")>0,"부분","X"))) | T26: =IF($H26="","",IF(AND(ISNUMBER(SEARCH("CMT",$H26)),OR(ISNUMBER(SEARCH("완사입",$H26)),ISNUMBER(SEARCH("ODM",$H26)))),"본사/생산처 혼재",IF(ISNUMBER(SEARCH("CMT",$H26)),"본사(소재팀)","생산처"))) | U26: YIC | V26: =IFERROR(TEXTJOIN(" / ",TRUE,UNIQUE(FILTER(소재DB_RAW!$K$3:$K$2000,(소재DB_RAW!$G$3:$G$2000=$D26)*ISERROR(SEARCH("drop",소재DB_RAW!$C$3:$C$2000))))),"") | W26: 베트남 | X26: =IFERROR(TEXTJOIN(" / ",TRUE,UNIQUE(FILTER(소재DB_RAW!$N$3:$N$2000,(소재DB_RAW!$G$3:$G$2000=$D26)*ISERROR(SEARCH("drop",소재DB_RAW!$C$3:$C$2000))))),"") | Y26: =IFERROR(TEXTJOIN(CHAR(10),TRUE,UNIQUE(FILTER(소재DB_RAW!$N$3:$N$2000&") "&소재DB_RAW!$O$3:$O$2000,(소재DB_RAW!$G$3:$G$2000=$D26)*ISNUMBER(SEARCH("겉감",소재DB_RAW!$M$3:$M$2000))*ISERROR(SEARCH("drop",소재DB_RAW!$C$3:$C$2000))))),"") | Z26: =IFERROR(TEXTJOIN(CHAR(10),TRUE,UNIQUE(FILTER(소재DB_RAW!$N$3:$N$2000&") "&소재DB_RAW!$O$3:$O$2000,(소재DB_RAW!$G$3:$G$2000=$D26)*ISNUMBER(SEARCH("안감",소재DB_RAW!$M$3:$M$2000))*ISERROR(SEARCH("drop",소재DB_RAW!$C$3:$C$2000))))),"") | AA26: 0 | AB26: 44500000 | AC26: 125000000 | AE26: =IF($K26="","출고일 미정",IF($Q26="X","작지 미발행",IF($Q26="부분","작지 일부 미발행",IF(AND($S26<>"",$S26>$N26),"소재입고 마감("&TEXT($N26,"MM/DD")&") 초과",IF($Q26="","발행여부 확인 필요",IF($S26="","소재 입고일정 확인 필요","정상")))))) | AF26: =IF($K26="","",IF(OR(LEFT($AE26,2)="작지",LEFT($AE26,4)="소재입고"),IF(LEFT($G26,1)="S","★ 납기위험(S코드)","◆ 지연주의"),IF($AE26="정상","✓ 정상","? 확인필요")))
A27: 23 | B27: 신인철 | C27: 안세진 | D27: 8NHAS27101 | E27: [WM] 남녀공용 3지 익스퍼트 장갑 | F27: BLK(BLACK) | G27: =IF($D27="","",IF(MID($D27,5,1)="S","S(봄)",IF(MID($D27,5,1)="M","M(여름)",IF(MID($D27,5,1)="X","X(사계절)",MID($D27,5,1))))) | H27: 완사입 | I27: 1차 | J27: 1월3주 | K27: =IF($J27="","",IFERROR(DATE(IF(VALUE(LEFT($J27,FIND("월",$J27)-1))>=9,기준정보!$C$7-1,기준정보!$C$7),VALUE(LEFT($J27,FIND("월",$J27)-1)),1+7*(VALUE(SUBSTITUTE(MID($J27,FIND("월",$J27)+1,5),"주",""))-1)),"")) | L27: =IF($K27="","",IF(AND($K27-기준정보!$C$5>=기준정보!$C$10,$K27-기준정보!$C$5<=기준정보!$C$11),기준정보!$C$10-1,$K27-기준정보!$C$5)) | M27: =IF($L27="","",IF(OR(ISNUMBER(SEARCH("중국",$W27)),ISNUMBER(SEARCH("베트남",$W27))),MAX(0,MIN($L27,기준정보!$C$9)-MAX($L27-기준정보!$C$6,기준정보!$C$8)+1),IF(ISNUMBER(SEARCH("한국",$W27)),MAX(0,MIN($L27,기준정보!$C$11)-MAX($L27-기준정보!$C$6,기준정보!$C$10)+1),0))) | N27: =IF($L27="","",$L27-기준정보!$C$6-$M27) | O27: =IF($N27="","",$N27-기준정보!$C$4) | Q27: X | R27: =IF(COUNTIF(EDW_RAW!$A$2:$A$1500,$D27)=0,"",IF(COUNTIFS(EDW_RAW!$A$2:$A$1500,$D27,EDW_RAW!$U$2:$U$1500,"<>~",EDW_RAW!$U$2:$U$1500,"<>")=COUNTIF(EDW_RAW!$A$2:$A$1500,$D27),"O",IF(COUNTIFS(EDW_RAW!$A$2:$A$1500,$D27,EDW_RAW!$U$2:$U$1500,"<>~",EDW_RAW!$U$2:$U$1500,"<>")>0,"부분","X"))) | T27: =IF($H27="","",IF(AND(ISNUMBER(SEARCH("CMT",$H27)),OR(ISNUMBER(SEARCH("완사입",$H27)),ISNUMBER(SEARCH("ODM",$H27)))),"본사/생산처 혼재",IF(ISNUMBER(SEARCH("CMT",$H27)),"본사(소재팀)","생산처"))) | U27: 시즈 | V27: =IFERROR(TEXTJOIN(" / ",TRUE,UNIQUE(FILTER(소재DB_RAW!$K$3:$K$2000,(소재DB_RAW!$G$3:$G$2000=$D27)*ISERROR(SEARCH("drop",소재DB_RAW!$C$3:$C$2000))))),"") | W27: 베트남 | X27: =IFERROR(TEXTJOIN(" / ",TRUE,UNIQUE(FILTER(소재DB_RAW!$N$3:$N$2000,(소재DB_RAW!$G$3:$G$2000=$D27)*ISERROR(SEARCH("drop",소재DB_RAW!$C$3:$C$2000))))),"") | Y27: =IFERROR(TEXTJOIN(CHAR(10),TRUE,UNIQUE(FILTER(소재DB_RAW!$N$3:$N$2000&") "&소재DB_RAW!$O$3:$O$2000,(소재DB_RAW!$G$3:$G$2000=$D27)*ISNUMBER(SEARCH("겉감",소재DB_RAW!$M$3:$M$2000))*ISERROR(SEARCH("drop",소재DB_RAW!$C$3:$C$2000))))),"") | Z27: =IFERROR(TEXTJOIN(CHAR(10),TRUE,UNIQUE(FILTER(소재DB_RAW!$N$3:$N$2000&") "&소재DB_RAW!$O$3:$O$2000,(소재DB_RAW!$G$3:$G$2000=$D27)*ISNUMBER(SEARCH("안감",소재DB_RAW!$M$3:$M$2000))*ISERROR(SEARCH("drop",소재DB_RAW!$C$3:$C$2000))))),"") | AA27: 0 | AB27: 2558824 | AC27: 8700000 | AE27: =IF($K27="","출고일 미정",IF($Q27="X","작지 미발행",IF($Q27="부분","작지 일부 미발행",IF(AND($S27<>"",$S27>$N27),"소재입고 마감("&TEXT($N27,"MM/DD")&") 초과",IF($Q27="","발행여부 확인 필요",IF($S27="","소재 입고일정 확인 필요","정상")))))) | AF27: =IF($K27="","",IF(OR(LEFT($AE27,2)="작지",LEFT($AE27,4)="소재입고"),IF(LEFT($G27,1)="S","★ 납기위험(S코드)","◆ 지연주의"),IF($AE27="정상","✓ 정상","? 확인필요")))
A28: 24 | B28: 신인철 | C28: 장지은 | D28: 8NLAS27101 | E28: [WM] 남녀공용 프린트 양말 | F28: OWH, TNA, BLK(BLACK) | G28: =IF($D28="","",IF(MID($D28,5,1)="S","S(봄)",IF(MID($D28,5,1)="M","M(여름)",IF(MID($D28,5,1)="X","X(사계절)",MID($D28,5,1))))) | H28: 완사입 | I28: 1차 | J28: 1월3주 | K28: =IF($J28="","",IFERROR(DATE(IF(VALUE(LEFT($J28,FIND("월",$J28)-1))>=9,기준정보!$C$7-1,기준정보!$C$7),VALUE(LEFT($J28,FIND("월",$J28)-1)),1+7*(VALUE(SUBSTITUTE(MID($J28,FIND("월",$J28)+1,5),"주",""))-1)),"")) | L28: =IF($K28="","",IF(AND($K28-기준정보!$C$5>=기준정보!$C$10,$K28-기준정보!$C$5<=기준정보!$C$11),기준정보!$C$10-1,$K28-기준정보!$C$5)) | M28: =IF($L28="","",IF(OR(ISNUMBER(SEARCH("중국",$W28)),ISNUMBER(SEARCH("베트남",$W28))),MAX(0,MIN($L28,기준정보!$C$9)-MAX($L28-기준정보!$C$6,기준정보!$C$8)+1),IF(ISNUMBER(SEARCH("한국",$W28)),MAX(0,MIN($L28,기준정보!$C$11)-MAX($L28-기준정보!$C$6,기준정보!$C$10)+1),0))) | N28: =IF($L28="","",$L28-기준정보!$C$6-$M28) | O28: =IF($N28="","",$N28-기준정보!$C$4) | Q28: X | R28: =IF(COUNTIF(EDW_RAW!$A$2:$A$1500,$D28)=0,"",IF(COUNTIFS(EDW_RAW!$A$2:$A$1500,$D28,EDW_RAW!$U$2:$U$1500,"<>~",EDW_RAW!$U$2:$U$1500,"<>")=COUNTIF(EDW_RAW!$A$2:$A$1500,$D28),"O",IF(COUNTIFS(EDW_RAW!$A$2:$A$1500,$D28,EDW_RAW!$U$2:$U$1500,"<>~",EDW_RAW!$U$2:$U$1500,"<>")>0,"부분","X"))) | T28: =IF($H28="","",IF(AND(ISNUMBER(SEARCH("CMT",$H28)),OR(ISNUMBER(SEARCH("완사입",$H28)),ISNUMBER(SEARCH("ODM",$H28)))),"본사/생산처 혼재",IF(ISNUMBER(SEARCH("CMT",$H28)),"본사(소재팀)","생산처"))) | U28: 건우 | V28: =IFERROR(TEXTJOIN(" / ",TRUE,UNIQUE(FILTER(소재DB_RAW!$K$3:$K$2000,(소재DB_RAW!$G$3:$G$2000=$D28)*ISERROR(SEARCH("drop",소재DB_RAW!$C$3:$C$2000))))),"") | W28: 국내 | X28: =IFERROR(TEXTJOIN(" / ",TRUE,UNIQUE(FILTER(소재DB_RAW!$N$3:$N$2000,(소재DB_RAW!$G$3:$G$2000=$D28)*ISERROR(SEARCH("drop",소재DB_RAW!$C$3:$C$2000))))),"") | Y28: =IFERROR(TEXTJOIN(CHAR(10),TRUE,UNIQUE(FILTER(소재DB_RAW!$N$3:$N$2000&") "&소재DB_RAW!$O$3:$O$2000,(소재DB_RAW!$G$3:$G$2000=$D28)*ISNUMBER(SEARCH("겉감",소재DB_RAW!$M$3:$M$2000))*ISERROR(SEARCH("drop",소재DB_RAW!$C$3:$C$2000))))),"") | Z28: =IFERROR(TEXTJOIN(CHAR(10),TRUE,UNIQUE(FILTER(소재DB_RAW!$N$3:$N$2000&") "&소재DB_RAW!$O$3:$O$2000,(소재DB_RAW!$G$3:$G$2000=$D28)*ISNUMBER(SEARCH("안감",소재DB_RAW!$M$3:$M$2000))*ISERROR(SEARCH("drop",소재DB_RAW!$C$3:$C$2000))))),"") | AA28: 0 | AB28: 2647059 | AC28: 9000000 | AE28: =IF($K28="","출고일 미정",IF($Q28="X","작지 미발행",IF($Q28="부분","작지 일부 미발행",IF(AND($S28<>"",$S28>$N28),"소재입고 마감("&TEXT($N28,"MM/DD")&") 초과",IF($Q28="","발행여부 확인 필요",IF($S28="","소재 입고일정 확인 필요","정상")))))) | AF28: =IF($K28="","",IF(OR(LEFT($AE28,2)="작지",LEFT($AE28,4)="소재입고"),IF(LEFT($G28,1)="S","★ 납기위험(S코드)","◆ 지연주의"),IF($AE28="정상","✓ 정상","? 확인필요")))
A29: 25 | B29: 신인철 | C29: 장지은 | D29: 8NRES27104 | E29: [WM] 남녀공용 쉐이드 캠프 캡 | F29: TNA, BLK(BLACK) | G29: =IF($D29="","",IF(MID($D29,5,1)="S","S(봄)",IF(MID($D29,5,1)="M","M(여름)",IF(MID($D29,5,1)="X","X(사계절)",MID($D29,5,1))))) | H29: 완사입 | I29: 1차 | J29: 1월3주 | K29: =IF($J29="","",IFERROR(DATE(IF(VALUE(LEFT($J29,FIND("월",$J29)-1))>=9,기준정보!$C$7-1,기준정보!$C$7),VALUE(LEFT($J29,FIND("월",$J29)-1)),1+7*(VALUE(SUBSTITUTE(MID($J29,FIND("월",$J29)+1,5),"주",""))-1)),"")) | L29: =IF($K29="","",IF(AND($K29-기준정보!$C$5>=기준정보!$C$10,$K29-기준정보!$C$5<=기준정보!$C$11),기준정보!$C$10-1,$K29-기준정보!$C$5)) | M29: =IF($L29="","",IF(OR(ISNUMBER(SEARCH("중국",$W29)),ISNUMBER(SEARCH("베트남",$W29))),MAX(0,MIN($L29,기준정보!$C$9)-MAX($L29-기준정보!$C$6,기준정보!$C$8)+1),IF(ISNUMBER(SEARCH("한국",$W29)),MAX(0,MIN($L29,기준정보!$C$11)-MAX($L29-기준정보!$C$6,기준정보!$C$10)+1),0))) | N29: =IF($L29="","",$L29-기준정보!$C$6-$M29) | O29: =IF($N29="","",$N29-기준정보!$C$4) | Q29: X | R29: =IF(COUNTIF(EDW_RAW!$A$2:$A$1500,$D29)=0,"",IF(COUNTIFS(EDW_RAW!$A$2:$A$1500,$D29,EDW_RAW!$U$2:$U$1500,"<>~",EDW_RAW!$U$2:$U$1500,"<>")=COUNTIF(EDW_RAW!$A$2:$A$1500,$D29),"O",IF(COUNTIFS(EDW_RAW!$A$2:$A$1500,$D29,EDW_RAW!$U$2:$U$1500,"<>~",EDW_RAW!$U$2:$U$1500,"<>")>0,"부분","X"))) | T29: =IF($H29="","",IF(AND(ISNUMBER(SEARCH("CMT",$H29)),OR(ISNUMBER(SEARCH("완사입",$H29)),ISNUMBER(SEARCH("ODM",$H29)))),"본사/생산처 혼재",IF(ISNUMBER(SEARCH("CMT",$H29)),"본사(소재팀)","생산처"))) | U29: 피앤지 | V29: =IFERROR(TEXTJOIN(" / ",TRUE,UNIQUE(FILTER(소재DB_RAW!$K$3:$K$2000,(소재DB_RAW!$G$3:$G$2000=$D29)*ISERROR(SEARCH("drop",소재DB_RAW!$C$3:$C$2000))))),"") | W29: 베트남 | X29: =IFERROR(TEXTJOIN(" / ",TRUE,UNIQUE(FILTER(소재DB_RAW!$N$3:$N$2000,(소재DB_RAW!$G$3:$G$2000=$D29)*ISERROR(SEARCH("drop",소재DB_RAW!$C$3:$C$2000))))),"") | Y29: =IFERROR(TEXTJOIN(CHAR(10),TRUE,UNIQUE(FILTER(소재DB_RAW!$N$3:$N$2000&") "&소재DB_RAW!$O$3:$O$2000,(소재DB_RAW!$G$3:$G$2000=$D29)*ISNUMBER(SEARCH("겉감",소재DB_RAW!$M$3:$M$2000))*ISERROR(SEARCH("drop",소재DB_RAW!$C$3:$C$2000))))),"") | Z29: =IFERROR(TEXTJOIN(CHAR(10),TRUE,UNIQUE(FILTER(소재DB_RAW!$N$3:$N$2000&") "&소재DB_RAW!$O$3:$O$2000,(소재DB_RAW!$G$3:$G$2000=$D29)*ISNUMBER(SEARCH("안감",소재DB_RAW!$M$3:$M$2000))*ISERROR(SEARCH("drop",소재DB_RAW!$C$3:$C$2000))))),"") | AA29: 0 | AB29: 5735294 | AC29: 19500000 | AE29: =IF($K29="","출고일 미정",IF($Q29="X","작지 미발행",IF($Q29="부분","작지 일부 미발행",IF(AND($S29<>"",$S29>$N29),"소재입고 마감("&TEXT($N29,"MM/DD")&") 초과",IF($Q29="","발행여부 확인 필요",IF($S29="","소재 입고일정 확인 필요","정상")))))) | AF29: =IF($K29="","",IF(OR(LEFT($AE29,2)="작지",LEFT($AE29,4)="소재입고"),IF(LEFT($G29,1)="S","★ 납기위험(S코드)","◆ 지연주의"),IF($AE29="정상","✓ 정상","? 확인필요")))
A30: 26 | B30: 신인철 | C30: 장지은 | D30: 8NRFS27101 | E30: [WM] 남녀공용 그리드 매쉬 햇 | F30: BLK(BLACK), TNA | G30: =IF($D30="","",IF(MID($D30,5,1)="S","S(봄)",IF(MID($D30,5,1)="M","M(여름)",IF(MID($D30,5,1)="X","X(사계절)",MID($D30,5,1))))) | H30: 완사입 | I30: 1차 | J30: 1월3주 | K30: =IF($J30="","",IFERROR(DATE(IF(VALUE(LEFT($J30,FIND("월",$J30)-1))>=9,기준정보!$C$7-1,기준정보!$C$7),VALUE(LEFT($J30,FIND("월",$J30)-1)),1+7*(VALUE(SUBSTITUTE(MID($J30,FIND("월",$J30)+1,5),"주",""))-1)),"")) | L30: =IF($K30="","",IF(AND($K30-기준정보!$C$5>=기준정보!$C$10,$K30-기준정보!$C$5<=기준정보!$C$11),기준정보!$C$10-1,$K30-기준정보!$C$5)) | M30: =IF($L30="","",IF(OR(ISNUMBER(SEARCH("중국",$W30)),ISNUMBER(SEARCH("베트남",$W30))),MAX(0,MIN($L30,기준정보!$C$9)-MAX($L30-기준정보!$C$6,기준정보!$C$8)+1),IF(ISNUMBER(SEARCH("한국",$W30)),MAX(0,MIN($L30,기준정보!$C$11)-MAX($L30-기준정보!$C$6,기준정보!$C$10)+1),0))) | N30: =IF($L30="","",$L30-기준정보!$C$6-$M30) | O30: =IF($N30="","",$N30-기준정보!$C$4) | Q30: X | R30: =IF(COUNTIF(EDW_RAW!$A$2:$A$1500,$D30)=0,"",IF(COUNTIFS(EDW_RAW!$A$2:$A$1500,$D30,EDW_RAW!$U$2:$U$1500,"<>~",EDW_RAW!$U$2:$U$1500,"<>")=COUNTIF(EDW_RAW!$A$2:$A$1500,$D30),"O",IF(COUNTIFS(EDW_RAW!$A$2:$A$1500,$D30,EDW_RAW!$U$2:$U$1500,"<>~",EDW_RAW!$U$2:$U$1500,"<>")>0,"부분","X"))) | T30: =IF($H30="","",IF(AND(ISNUMBER(SEARCH("CMT",$H30)),OR(ISNUMBER(SEARCH("완사입",$H30)),ISNUMBER(SEARCH("ODM",$H30)))),"본사/생산처 혼재",IF(ISNUMBER(SEARCH("CMT",$H30)),"본사(소재팀)","생산처"))) | U30: 피앤지 | V30: =IFERROR(TEXTJOIN(" / ",TRUE,UNIQUE(FILTER(소재DB_RAW!$K$3:$K$2000,(소재DB_RAW!$G$3:$G$2000=$D30)*ISERROR(SEARCH("drop",소재DB_RAW!$C$3:$C$2000))))),"") | W30: 베트남 | X30: =IFERROR(TEXTJOIN(" / ",TRUE,UNIQUE(FILTER(소재DB_RAW!$N$3:$N$2000,(소재DB_RAW!$G$3:$G$2000=$D30)*ISERROR(SEARCH("drop",소재DB_RAW!$C$3:$C$2000))))),"") | Y30: =IFERROR(TEXTJOIN(CHAR(10),TRUE,UNIQUE(FILTER(소재DB_RAW!$N$3:$N$2000&") "&소재DB_RAW!$O$3:$O$2000,(소재DB_RAW!$G$3:$G$2000=$D30)*ISNUMBER(SEARCH("겉감",소재DB_RAW!$M$3:$M$2000))*ISERROR(SEARCH("drop",소재DB_RAW!$C$3:$C$2000))))),"") | Z30: =IFERROR(TEXTJOIN(CHAR(10),TRUE,UNIQUE(FILTER(소재DB_RAW!$N$3:$N$2000&") "&소재DB_RAW!$O$3:$O$2000,(소재DB_RAW!$G$3:$G$2000=$D30)*ISNUMBER(SEARCH("안감",소재DB_RAW!$M$3:$M$2000))*ISERROR(SEARCH("drop",소재DB_RAW!$C$3:$C$2000))))),"") | AA30: 0 | AB30: 6000000 | AC30: 20400000 | AE30: =IF($K30="","출고일 미정",IF($Q30="X","작지 미발행",IF($Q30="부분","작지 일부 미발행",IF(AND($S30<>"",$S30>$N30),"소재입고 마감("&TEXT($N30,"MM/DD")&") 초과",IF($Q30="","발행여부 확인 필요",IF($S30="","소재 입고일정 확인 필요","정상")))))) | AF30: =IF($K30="","",IF(OR(LEFT($AE30,2)="작지",LEFT($AE30,4)="소재입고"),IF(LEFT($G30,1)="S","★ 납기위험(S코드)","◆ 지연주의"),IF($AE30="정상","✓ 정상","? 확인필요")))
A31: 27 | B31: 신인철 | C31: 장지은 | D31: 8NRFS27102 | E31: [WM] 남녀공용 패커블 립스탑 햇 | F31: TBU, BLK(BLACK) | G31: =IF($D31="","",IF(MID($D31,5,1)="S","S(봄)",IF(MID($D31,5,1)="M","M(여름)",IF(MID($D31,5,1)="X","X(사계절)",MID($D31,5,1))))) | H31: 완사입 | I31: 1차 | J31: 1월3주 | K31: =IF($J31="","",IFERROR(DATE(IF(VALUE(LEFT($J31,FIND("월",$J31)-1))>=9,기준정보!$C$7-1,기준정보!$C$7),VALUE(LEFT($J31,FIND("월",$J31)-1)),1+7*(VALUE(SUBSTITUTE(MID($J31,FIND("월",$J31)+1,5),"주",""))-1)),"")) | L31: =IF($K31="","",IF(AND($K31-기준정보!$C$5>=기준정보!$C$10,$K31-기준정보!$C$5<=기준정보!$C$11),기준정보!$C$10-1,$K31-기준정보!$C$5)) | M31: =IF($L31="","",IF(OR(ISNUMBER(SEARCH("중국",$W31)),ISNUMBER(SEARCH("베트남",$W31))),MAX(0,MIN($L31,기준정보!$C$9)-MAX($L31-기준정보!$C$6,기준정보!$C$8)+1),IF(ISNUMBER(SEARCH("한국",$W31)),MAX(0,MIN($L31,기준정보!$C$11)-MAX($L31-기준정보!$C$6,기준정보!$C$10)+1),0))) | N31: =IF($L31="","",$L31-기준정보!$C$6-$M31) | O31: =IF($N31="","",$N31-기준정보!$C$4) | Q31: X | R31: =IF(COUNTIF(EDW_RAW!$A$2:$A$1500,$D31)=0,"",IF(COUNTIFS(EDW_RAW!$A$2:$A$1500,$D31,EDW_RAW!$U$2:$U$1500,"<>~",EDW_RAW!$U$2:$U$1500,"<>")=COUNTIF(EDW_RAW!$A$2:$A$1500,$D31),"O",IF(COUNTIFS(EDW_RAW!$A$2:$A$1500,$D31,EDW_RAW!$U$2:$U$1500,"<>~",EDW_RAW!$U$2:$U$1500,"<>")>0,"부분","X"))) | T31: =IF($H31="","",IF(AND(ISNUMBER(SEARCH("CMT",$H31)),OR(ISNUMBER(SEARCH("완사입",$H31)),ISNUMBER(SEARCH("ODM",$H31)))),"본사/생산처 혼재",IF(ISNUMBER(SEARCH("CMT",$H31)),"본사(소재팀)","생산처"))) | U31: 피앤지 | V31: =IFERROR(TEXTJOIN(" / ",TRUE,UNIQUE(FILTER(소재DB_RAW!$K$3:$K$2000,(소재DB_RAW!$G$3:$G$2000=$D31)*ISERROR(SEARCH("drop",소재DB_RAW!$C$3:$C$2000))))),"") | W31: 베트남 | X31: =IFERROR(TEXTJOIN(" / ",TRUE,UNIQUE(FILTER(소재DB_RAW!$N$3:$N$2000,(소재DB_RAW!$G$3:$G$2000=$D31)*ISERROR(SEARCH("drop",소재DB_RAW!$C$3:$C$2000))))),"") | Y31: =IFERROR(TEXTJOIN(CHAR(10),TRUE,UNIQUE(FILTER(소재DB_RAW!$N$3:$N$2000&") "&소재DB_RAW!$O$3:$O$2000,(소재DB_RAW!$G$3:$G$2000=$D31)*ISNUMBER(SEARCH("겉감",소재DB_RAW!$M$3:$M$2000))*ISERROR(SEARCH("drop",소재DB_RAW!$C$3:$C$2000))))),"") | Z31: =IFERROR(TEXTJOIN(CHAR(10),TRUE,UNIQUE(FILTER(소재DB_RAW!$N$3:$N$2000&") "&소재DB_RAW!$O$3:$O$2000,(소재DB_RAW!$G$3:$G$2000=$D31)*ISNUMBER(SEARCH("안감",소재DB_RAW!$M$3:$M$2000))*ISERROR(SEARCH("drop",소재DB_RAW!$C$3:$C$2000))))),"") | AA31: 0 | AB31: 5735294 | AC31: 19500000 | AE31: =IF($K31="","출고일 미정",IF($Q31="X","작지 미발행",IF($Q31="부분","작지 일부 미발행",IF(AND($S31<>"",$S31>$N31),"소재입고 마감("&TEXT($N31,"MM/DD")&") 초과",IF($Q31="","발행여부 확인 필요",IF($S31="","소재 입고일정 확인 필요","정상")))))) | AF31: =IF($K31="","",IF(OR(LEFT($AE31,2)="작지",LEFT($AE31,4)="소재입고"),IF(LEFT($G31,1)="S","★ 납기위험(S코드)","◆ 지연주의"),IF($AE31="정상","✓ 정상","? 확인필요")))
A32: 28 | B32: 신인철 | C32: 안세진 | D32: 8NRFS27103 | E32: [WM] 남녀공용 쉐이드 버킷 햇 | F32: KHA(KHAKI), BLK(BLACK), OWH | G32: =IF($D32="","",IF(MID($D32,5,1)="S","S(봄)",IF(MID($D32,5,1)="M","M(여름)",IF(MID($D32,5,1)="X","X(사계절)",MID($D32,5,1))))) | H32: 완사입 | I32: 1차 | J32: 1월3주 | K32: =IF($J32="","",IFERROR(DATE(IF(VALUE(LEFT($J32,FIND("월",$J32)-1))>=9,기준정보!$C$7-1,기준정보!$C$7),VALUE(LEFT($J32,FIND("월",$J32)-1)),1+7*(VALUE(SUBSTITUTE(MID($J32,FIND("월",$J32)+1,5),"주",""))-1)),"")) | L32: =IF($K32="","",IF(AND($K32-기준정보!$C$5>=기준정보!$C$10,$K32-기준정보!$C$5<=기준정보!$C$11),기준정보!$C$10-1,$K32-기준정보!$C$5)) | M32: =IF($L32="","",IF(OR(ISNUMBER(SEARCH("중국",$W32)),ISNUMBER(SEARCH("베트남",$W32))),MAX(0,MIN($L32,기준정보!$C$9)-MAX($L32-기준정보!$C$6,기준정보!$C$8)+1),IF(ISNUMBER(SEARCH("한국",$W32)),MAX(0,MIN($L32,기준정보!$C$11)-MAX($L32-기준정보!$C$6,기준정보!$C$10)+1),0))) | N32: =IF($L32="","",$L32-기준정보!$C$6-$M32) | O32: =IF($N32="","",$N32-기준정보!$C$4) | Q32: X | R32: =IF(COUNTIF(EDW_RAW!$A$2:$A$1500,$D32)=0,"",IF(COUNTIFS(EDW_RAW!$A$2:$A$1500,$D32,EDW_RAW!$U$2:$U$1500,"<>~",EDW_RAW!$U$2:$U$1500,"<>")=COUNTIF(EDW_RAW!$A$2:$A$1500,$D32),"O",IF(COUNTIFS(EDW_RAW!$A$2:$A$1500,$D32,EDW_RAW!$U$2:$U$1500,"<>~",EDW_RAW!$U$2:$U$1500,"<>")>0,"부분","X"))) | T32: =IF($H32="","",IF(AND(ISNUMBER(SEARCH("CMT",$H32)),OR(ISNUMBER(SEARCH("완사입",$H32)),ISNUMBER(SEARCH("ODM",$H32)))),"본사/생산처 혼재",IF(ISNUMBER(SEARCH("CMT",$H32)),"본사(소재팀)","생산처"))) | U32: 피앤지 | V32: =IFERROR(TEXTJOIN(" / ",TRUE,UNIQUE(FILTER(소재DB_RAW!$K$3:$K$2000,(소재DB_RAW!$G$3:$G$2000=$D32)*ISERROR(SEARCH("drop",소재DB_RAW!$C$3:$C$2000))))),"") | W32: 베트남 | X32: =IFERROR(TEXTJOIN(" / ",TRUE,UNIQUE(FILTER(소재DB_RAW!$N$3:$N$2000,(소재DB_RAW!$G$3:$G$2000=$D32)*ISERROR(SEARCH("drop",소재DB_RAW!$C$3:$C$2000))))),"") | Y32: =IFERROR(TEXTJOIN(CHAR(10),TRUE,UNIQUE(FILTER(소재DB_RAW!$N$3:$N$2000&") "&소재DB_RAW!$O$3:$O$2000,(소재DB_RAW!$G$3:$G$2000=$D32)*ISNUMBER(SEARCH("겉감",소재DB_RAW!$M$3:$M$2000))*ISERROR(SEARCH("drop",소재DB_RAW!$C$3:$C$2000))))),"") | Z32: =IFERROR(TEXTJOIN(CHAR(10),TRUE,UNIQUE(FILTER(소재DB_RAW!$N$3:$N$2000&") "&소재DB_RAW!$O$3:$O$2000,(소재DB_RAW!$G$3:$G$2000=$D32)*ISNUMBER(SEARCH("안감",소재DB_RAW!$M$3:$M$2000))*ISERROR(SEARCH("drop",소재DB_RAW!$C$3:$C$2000))))),"") | AA32: 0 | AB32: 13764706 | AC32: 46800000 | AE32: =IF($K32="","출고일 미정",IF($Q32="X","작지 미발행",IF($Q32="부분","작지 일부 미발행",IF(AND($S32<>"",$S32>$N32),"소재입고 마감("&TEXT($N32,"MM/DD")&") 초과",IF($Q32="","발행여부 확인 필요",IF($S32="","소재 입고일정 확인 필요","정상")))))) | AF32: =IF($K32="","",IF(OR(LEFT($AE32,2)="작지",LEFT($AE32,4)="소재입고"),IF(LEFT($G32,1)="S","★ 납기위험(S코드)","◆ 지연주의"),IF($AE32="정상","✓ 정상","? 확인필요")))
A33: 29 | B33: 신인철 | C33: 장지은 | D33: 8UJJS27101 | E33: [WM] 남녀공용 익스퍼트 소프트쉘 재킷 | F33: BLK(BLACK) | G33: =IF($D33="","",IF(MID($D33,5,1)="S","S(봄)",IF(MID($D33,5,1)="M","M(여름)",IF(MID($D33,5,1)="X","X(사계절)",MID($D33,5,1))))) | H33: 완사입 | I33: 1차 | J33: 1월3주 | K33: =IF($J33="","",IFERROR(DATE(IF(VALUE(LEFT($J33,FIND("월",$J33)-1))>=9,기준정보!$C$7-1,기준정보!$C$7),VALUE(LEFT($J33,FIND("월",$J33)-1)),1+7*(VALUE(SUBSTITUTE(MID($J33,FIND("월",$J33)+1,5),"주",""))-1)),"")) | L33: =IF($K33="","",IF(AND($K33-기준정보!$C$5>=기준정보!$C$10,$K33-기준정보!$C$5<=기준정보!$C$11),기준정보!$C$10-1,$K33-기준정보!$C$5)) | M33: =IF($L33="","",IF(OR(ISNUMBER(SEARCH("중국",$W33)),ISNUMBER(SEARCH("베트남",$W33))),MAX(0,MIN($L33,기준정보!$C$9)-MAX($L33-기준정보!$C$6,기준정보!$C$8)+1),IF(ISNUMBER(SEARCH("한국",$W33)),MAX(0,MIN($L33,기준정보!$C$11)-MAX($L33-기준정보!$C$6,기준정보!$C$10)+1),0))) | N33: =IF($L33="","",$L33-기준정보!$C$6-$M33) | O33: =IF($N33="","",$N33-기준정보!$C$4) | Q33: X | R33: =IF(COUNTIF(EDW_RAW!$A$2:$A$1500,$D33)=0,"",IF(COUNTIFS(EDW_RAW!$A$2:$A$1500,$D33,EDW_RAW!$U$2:$U$1500,"<>~",EDW_RAW!$U$2:$U$1500,"<>")=COUNTIF(EDW_RAW!$A$2:$A$1500,$D33),"O",IF(COUNTIFS(EDW_RAW!$A$2:$A$1500,$D33,EDW_RAW!$U$2:$U$1500,"<>~",EDW_RAW!$U$2:$U$1500,"<>")>0,"부분","X"))) | T33: =IF($H33="","",IF(AND(ISNUMBER(SEARCH("CMT",$H33)),OR(ISNUMBER(SEARCH("완사입",$H33)),ISNUMBER(SEARCH("ODM",$H33)))),"본사/생산처 혼재",IF(ISNUMBER(SEARCH("CMT",$H33)),"본사(소재팀)","생산처"))) | U33: 원전 | V33: =IFERROR(TEXTJOIN(" / ",TRUE,UNIQUE(FILTER(소재DB_RAW!$K$3:$K$2000,(소재DB_RAW!$G$3:$G$2000=$D33)*ISERROR(SEARCH("drop",소재DB_RAW!$C$3:$C$2000))))),"") | W33: 베트남 | X33: =IFERROR(TEXTJOIN(" / ",TRUE,UNIQUE(FILTER(소재DB_RAW!$N$3:$N$2000,(소재DB_RAW!$G$3:$G$2000=$D33)*ISERROR(SEARCH("drop",소재DB_RAW!$C$3:$C$2000))))),"") | Y33: =IFERROR(TEXTJOIN(CHAR(10),TRUE,UNIQUE(FILTER(소재DB_RAW!$N$3:$N$2000&") "&소재DB_RAW!$O$3:$O$2000,(소재DB_RAW!$G$3:$G$2000=$D33)*ISNUMBER(SEARCH("겉감",소재DB_RAW!$M$3:$M$2000))*ISERROR(SEARCH("drop",소재DB_RAW!$C$3:$C$2000))))),"") | Z33: =IFERROR(TEXTJOIN(CHAR(10),TRUE,UNIQUE(FILTER(소재DB_RAW!$N$3:$N$2000&") "&소재DB_RAW!$O$3:$O$2000,(소재DB_RAW!$G$3:$G$2000=$D33)*ISNUMBER(SEARCH("안감",소재DB_RAW!$M$3:$M$2000))*ISERROR(SEARCH("drop",소재DB_RAW!$C$3:$C$2000))))),"") | AA33: 0 | AB33: 0 | AC33: 0 | AE33: =IF($K33="","출고일 미정",IF($Q33="X","작지 미발행",IF($Q33="부분","작지 일부 미발행",IF(AND($S33<>"",$S33>$N33),"소재입고 마감("&TEXT($N33,"MM/DD")&") 초과",IF($Q33="","발행여부 확인 필요",IF($S33="","소재 입고일정 확인 필요","정상")))))) | AF33: =IF($K33="","",IF(OR(LEFT($AE33,2)="작지",LEFT($AE33,4)="소재입고"),IF(LEFT($G33,1)="S","★ 납기위험(S코드)","◆ 지연주의"),IF($AE33="정상","✓ 정상","? 확인필요")))
A34: 30 | B34: 신인철 | C34: 장지은 | D34: 8UJJS27102 | E34: [WM] 남녀공용 버그 메쉬 재킷 | F34: TNA, BLK(BLACK) | G34: =IF($D34="","",IF(MID($D34,5,1)="S","S(봄)",IF(MID($D34,5,1)="M","M(여름)",IF(MID($D34,5,1)="X","X(사계절)",MID($D34,5,1))))) | H34: 완사입 | I34: 1차 | J34: 1월3주 | K34: =IF($J34="","",IFERROR(DATE(IF(VALUE(LEFT($J34,FIND("월",$J34)-1))>=9,기준정보!$C$7-1,기준정보!$C$7),VALUE(LEFT($J34,FIND("월",$J34)-1)),1+7*(VALUE(SUBSTITUTE(MID($J34,FIND("월",$J34)+1,5),"주",""))-1)),"")) | L34: =IF($K34="","",IF(AND($K34-기준정보!$C$5>=기준정보!$C$10,$K34-기준정보!$C$5<=기준정보!$C$11),기준정보!$C$10-1,$K34-기준정보!$C$5)) | M34: =IF($L34="","",IF(OR(ISNUMBER(SEARCH("중국",$W34)),ISNUMBER(SEARCH("베트남",$W34))),MAX(0,MIN($L34,기준정보!$C$9)-MAX($L34-기준정보!$C$6,기준정보!$C$8)+1),IF(ISNUMBER(SEARCH("한국",$W34)),MAX(0,MIN($L34,기준정보!$C$11)-MAX($L34-기준정보!$C$6,기준정보!$C$10)+1),0))) | N34: =IF($L34="","",$L34-기준정보!$C$6-$M34) | O34: =IF($N34="","",$N34-기준정보!$C$4) | Q34: X | R34: =IF(COUNTIF(EDW_RAW!$A$2:$A$1500,$D34)=0,"",IF(COUNTIFS(EDW_RAW!$A$2:$A$1500,$D34,EDW_RAW!$U$2:$U$1500,"<>~",EDW_RAW!$U$2:$U$1500,"<>")=COUNTIF(EDW_RAW!$A$2:$A$1500,$D34),"O",IF(COUNTIFS(EDW_RAW!$A$2:$A$1500,$D34,EDW_RAW!$U$2:$U$1500,"<>~",EDW_RAW!$U$2:$U$1500,"<>")>0,"부분","X"))) | T34: =IF($H34="","",IF(AND(ISNUMBER(SEARCH("CMT",$H34)),OR(ISNUMBER(SEARCH("완사입",$H34)),ISNUMBER(SEARCH("ODM",$H34)))),"본사/생산처 혼재",IF(ISNUMBER(SEARCH("CMT",$H34)),"본사(소재팀)","생산처"))) | U34: 원전 | V34: =IFERROR(TEXTJOIN(" / ",TRUE,UNIQUE(FILTER(소재DB_RAW!$K$3:$K$2000,(소재DB_RAW!$G$3:$G$2000=$D34)*ISERROR(SEARCH("drop",소재DB_RAW!$C$3:$C$2000))))),"") | W34: 베트남 | X34: =IFERROR(TEXTJOIN(" / ",TRUE,UNIQUE(FILTER(소재DB_RAW!$N$3:$N$2000,(소재DB_RAW!$G$3:$G$2000=$D34)*ISERROR(SEARCH("drop",소재DB_RAW!$C$3:$C$2000))))),"") | Y34: =IFERROR(TEXTJOIN(CHAR(10),TRUE,UNIQUE(FILTER(소재DB_RAW!$N$3:$N$2000&") "&소재DB_RAW!$O$3:$O$2000,(소재DB_RAW!$G$3:$G$2000=$D34)*ISNUMBER(SEARCH("겉감",소재DB_RAW!$M$3:$M$2000))*ISERROR(SEARCH("drop",소재DB_RAW!$C$3:$C$2000))))),"") | Z34: =IFERROR(TEXTJOIN(CHAR(10),TRUE,UNIQUE(FILTER(소재DB_RAW!$N$3:$N$2000&") "&소재DB_RAW!$O$3:$O$2000,(소재DB_RAW!$G$3:$G$2000=$D34)*ISNUMBER(SEARCH("안감",소재DB_RAW!$M$3:$M$2000))*ISERROR(SEARCH("drop",소재DB_RAW!$C$3:$C$2000))))),"") | AA34: 0 | AB34: 39819200 | AC34: 140000000 | AE34: =IF($K34="","출고일 미정",IF($Q34="X","작지 미발행",IF($Q34="부분","작지 일부 미발행",IF(AND($S34<>"",$S34>$N34),"소재입고 마감("&TEXT($N34,"MM/DD")&") 초과",IF($Q34="","발행여부 확인 필요",IF($S34="","소재 입고일정 확인 필요","정상")))))) | AF34: =IF($K34="","",IF(OR(LEFT($AE34,2)="작지",LEFT($AE34,4)="소재입고"),IF(LEFT($G34,1)="S","★ 납기위험(S코드)","◆ 지연주의"),IF($AE34="정상","✓ 정상","? 확인필요")))
... A39: 35 | B39: 신인철 | C39: 장지은 | D39: 8UTBS27102 | E39: [WM] 남녀공용 프린트 긴팔티 | F39: IVO(IVORY), LGY(L/GRAY), BLK(BLACK) | G39: =IF($D39="","",IF(MID($D39,5,1)="S","S(봄)",IF(MID($D39,5,1)="M","M(여름)",IF(MID($D39,5,1)="X","X(사계절)",MID($D39,5,1))))) | H39: 완사입 | I39: 1차 | J39: 1월3주 | K39: =IF($J39="","",IFERROR(DATE(IF(VALUE(LEFT($J39,FIND("월",$J39)-1))>=9,기준정보!$C$7-1,기준정보!$C$7),VALUE(LEFT($J39,FIND("월",$J39)-1)),1+7*(VALUE(SUBSTITUTE(MID($J39,FIND("월",$J39)+1,5),"주",""))-1)),"")) | L39: =IF($K39="","",IF(AND($K39-기준정보!$C$5>=기준정보!$C$10,$K39-기준정보!$C$5<=기준정보!$C$11),기준정보!$C$10-1,$K39-기준정보!$C$5)) | M39: =IF($L39="","",IF(OR(ISNUMBER(SEARCH("중국",$W39)),ISNUMBER(SEARCH("베트남",$W39))),MAX(0,MIN($L39,기준정보!$C$9)-MAX($L39-기준정보!$C$6,기준정보!$C$8)+1),IF(ISNUMBER(SEARCH("한국",$W39)),MAX(0,MIN($L39,기준정보!$C$11)-MAX($L39-기준정보!$C$6,기준정보!$C$10)+1),0))) | N39: =IF($L39="","",$L39-기준정보!$C$6-$M39) | O39: =IF($N39="","",$N39-기준정보!$C$4) | Q39: X | R39: =IF(COUNTIF(EDW_RAW!$A$2:$A$1500,$D39)=0,"",IF(COUNTIFS(EDW_RAW!$A$2:$A$1500,$D39,EDW_RAW!$U$2:$U$1500,"<>~",EDW_RAW!$U$2:$U$1500,"<>")=COUNTIF(EDW_RAW!$A$2:$A$1500,$D39),"O",IF(COUNTIFS(EDW_RAW!$A$2:$A$1500,$D39,EDW_RAW!$U$2:$U$1500,"<>~",EDW_RAW!$U$2:$U$1500,"<>")>0,"부분","X"))) | T39: =IF($H39="","",IF(AND(ISNUMBER(SEARCH("CMT",$H39)),OR(ISNUMBER(SEARCH("완사입",$H39)),ISNUMBER(SEARCH("ODM",$H39)))),"본사/생산처 혼재",IF(ISNUMBER(SEARCH("CMT",$H39)),"본사(소재팀)","생산처"))) | U39: 주연 | V39: =IFERROR(TEXTJOIN(" / ",TRUE,UNIQUE(FILTER(소재DB_RAW!$K$3:$K$2000,(소재DB_RAW!$G$3:$G$2000=$D39)*ISERROR(SEARCH("drop",소재DB_RAW!$C$3:$C$2000))))),"") | W39: 중국 | X39: =IFERROR(TEXTJOIN(" / ",TRUE,UNIQUE(FILTER(소재DB_RAW!$N$3:$N$2000,(소재DB_RAW!$G$3:$G$2000=$D39)*ISERROR(SEARCH("drop",소재DB_RAW!$C$3:$C$2000))))),"") | Y39: =IFERROR(TEXTJOIN(CHAR(10),TRUE,UNIQUE(FILTER(소재DB_RAW!$N$3:$N$2000&") "&소재DB_RAW!$O$3:$O$2000,(소재DB_RAW!$G$3:$G$2000=$D39)*ISNUMBER(SEARCH("겉감",소재DB_RAW!$M$3:$M$2000))*ISERROR(SEARCH("drop",소재DB_RAW!$C$3:$C$2000))))),"") | Z39: =IFERROR(TEXTJOIN(CHAR(10),TRUE,UNIQUE(FILTER(소재DB_RAW!$N$3:$N$2000&") "&소재DB_RAW!$O$3:$O$2000,(소재DB_RAW!$G$3:$G$2000=$D39)*ISNUMBER(SEARCH("안감",소재DB_RAW!$M$3:$M$2000))*ISERROR(SEARCH("drop",소재DB_RAW!$C$3:$C$2000))))),"") | AA39: 0 | AB39: 11507400 | AC39: 48600000 | AE39: =IF($K39="","출고일 미정",IF($Q39="X","작지 미발행",IF($Q39="부분","작지 일부 미발행",IF(AND($S39<>"",$S39>$N39),"소재입고 마감("&TEXT($N39,"MM/DD")&") 초과",IF($Q39="","발행여부 확인 필요",IF($S39="","소재 입고일정 확인 필요","정상")))))) | AF39: =IF($K39="","",IF(OR(LEFT($AE39,2)="작지",LEFT($AE39,4)="소재입고"),IF(LEFT($G39,1)="S","★ 납기위험(S코드)","◆ 지연주의"),IF($AE39="정상","✓ 정상","? 확인필요")))
A40: 36 | B40: 박지인 | C40: 정은진 | D40: JKJJS27132 | E40: 춘절 여성 OCTA 인슐레이션 재킷 | F40: BLK(BLACK), VBU-1 | G40: =IF($D40="","",IF(MID($D40,5,1)="S","S(봄)",IF(MID($D40,5,1)="M","M(여름)",IF(MID($D40,5,1)="X","X(사계절)",MID($D40,5,1))))) | H40: 완사입 | J40: 1월3주 | K40: =IF($J40="","",IFERROR(DATE(IF(VALUE(LEFT($J40,FIND("월",$J40)-1))>=9,기준정보!$C$7-1,기준정보!$C$7),VALUE(LEFT($J40,FIND("월",$J40)-1)),1+7*(VALUE(SUBSTITUTE(MID($J40,FIND("월",$J40)+1,5),"주",""))-1)),"")) | L40: =IF($K40="","",IF(AND($K40-기준정보!$C$5>=기준정보!$C$10,$K40-기준정보!$C$5<=기준정보!$C$11),기준정보!$C$10-1,$K40-기준정보!$C$5)) | M40: =IF($L40="","",IF(OR(ISNUMBER(SEARCH("중국",$W40)),ISNUMBER(SEARCH("베트남",$W40))),MAX(0,MIN($L40,기준정보!$C$9)-MAX($L40-기준정보!$C$6,기준정보!$C$8)+1),IF(ISNUMBER(SEARCH("한국",$W40)),MAX(0,MIN($L40,기준정보!$C$11)-MAX($L40-기준정보!$C$6,기준정보!$C$10)+1),0))) | N40: =IF($L40="","",$L40-기준정보!$C$6-$M40) | O40: =IF($N40="","",$N40-기준정보!$C$4) | Q40: O | R40: =IF(COUNTIF(EDW_RAW!$A$2:$A$1500,$D40)=0,"",IF(COUNTIFS(EDW_RAW!$A$2:$A$1500,$D40,EDW_RAW!$U$2:$U$1500,"<>~",EDW_RAW!$U$2:$U$1500,"<>")=COUNTIF(EDW_RAW!$A$2:$A$1500,$D40),"O",IF(COUNTIFS(EDW_RAW!$A$2:$A$1500,$D40,EDW_RAW!$U$2:$U$1500,"<>~",EDW_RAW!$U$2:$U$1500,"<>")>0,"부분","X"))) | T40: =IF($H40="","",IF(AND(ISNUMBER(SEARCH("CMT",$H40)),OR(ISNUMBER(SEARCH("완사입",$H40)),ISNUMBER(SEARCH("ODM",$H40)))),"본사/생산처 혼재",IF(ISNUMBER(SEARCH("CMT",$H40)),"본사(소재팀)","생산처"))) | U40: 원전 | V40: =IFERROR(TEXTJOIN(" / ",TRUE,UNIQUE(FILTER(소재DB_RAW!$K$3:$K$2000,(소재DB_RAW!$G$3:$G$2000=$D40)*ISERROR(SEARCH("drop",소재DB_RAW!$C$3:$C$2000))))),"") | X40: =IFERROR(TEXTJOIN(" / ",TRUE,UNIQUE(FILTER(소재DB_RAW!$N$3:$N$2000,(소재DB_RAW!$G$3:$G$2000=$D40)*ISERROR(SEARCH("drop",소재DB_RAW!$C$3:$C$2000))))),"") | Y40: =IFERROR(TEXTJOIN(CHAR(10),TRUE,UNIQUE(FILTER(소재DB_RAW!$N$3:$N$2000&") "&소재DB_RAW!$O$3:$O$2000,(소재DB_RAW!$G$3:$G$2000=$D40)*ISNUMBER(SEARCH("겉감",소재DB_RAW!$M$3:$M$2000))*ISERROR(SEARCH("drop",소재DB_RAW!$C$3:$C$2000))))),"") | Z40: =IFERROR(TEXTJOIN(CHAR(10),TRUE,UNIQUE(FILTER(소재DB_RAW!$N$3:$N$2000&") "&소재DB_RAW!$O$3:$O$2000,(소재DB_RAW!$G$3:$G$2000=$D40)*ISNUMBER(SEARCH("안감",소재DB_RAW!$M$3:$M$2000))*ISERROR(SEARCH("drop",소재DB_RAW!$C$3:$C$2000))))),"") | AA40: 2000 | AB40: 114028000 | AC40: 540000000 | AD40: 1월3주 | AE40: =IF($K40="","출고일 미정",IF($Q40="X","작지 미발행",IF($Q40="부분","작지 일부 미발행",IF(AND($S40<>"",$S40>$N40),"소재입고 마감("&TEXT($N40,"MM/DD")&") 초과",IF($Q40="","발행여부 확인 필요",IF($S40="","소재 입고일정 확인 필요","정상")))))) | AF40: =IF($K40="","",IF(OR(LEFT($AE40,2)="작지",LEFT($AE40,4)="소재입고"),IF(LEFT($G40,1)="S","★ 납기위험(S코드)","◆ 지연주의"),IF($AE40="정상","✓ 정상","? 확인필요")))
A41: 37 | B41: 박진아 | C41: 조이슬 | D41: JKPNS27102 | E41: 춘절 여성 슬림핏 스탠다드 팬츠 | F41: CIN(CINDER), DGY(D/GRAY), WBE | G41: =IF($D41="","",IF(MID($D41,5,1)="S","S(봄)",IF(MID($D41,5,1)="M","M(여름)",IF(MID($D41,5,1)="X","X(사계절)",MID($D41,5,1))))) | H41: CMT | J41: 1월3주 | K41: =IF($J41="","",IFERROR(DATE(IF(VALUE(LEFT($J41,FIND("월",$J41)-1))>=9,기준정보!$C$7-1,기준정보!$C$7),VALUE(LEFT($J41,FIND("월",$J41)-1)),1+7*(VALUE(SUBSTITUTE(MID($J41,FIND("월",$J41)+1,5),"주",""))-1)),"")) | L41: =IF($K41="","",IF(AND($K41-기준정보!$C$5>=기준정보!$C$10,$K41-기준정보!$C$5<=기준정보!$C$11),기준정보!$C$10-1,$K41-기준정보!$C$5)) | M41: =IF($L41="","",IF(OR(ISNUMBER(SEARCH("중국",$W41)),ISNUMBER(SEARCH("베트남",$W41))),MAX(0,MIN($L41,기준정보!$C$9)-MAX($L41-기준정보!$C$6,기준정보!$C$8)+1),IF(ISNUMBER(SEARCH("한국",$W41)),MAX(0,MIN($L41,기준정보!$C$11)-MAX($L41-기준정보!$C$6,기준정보!$C$10)+1),0))) | N41: =IF($L41="","",$L41-기준정보!$C$6-$M41) | O41: =IF($N41="","",$N41-기준정보!$C$4) | Q41: O | R41: =IF(COUNTIF(EDW_RAW!$A$2:$A$1500,$D41)=0,"",IF(COUNTIFS(EDW_RAW!$A$2:$A$1500,$D41,EDW_RAW!$U$2:$U$1500,"<>~",EDW_RAW!$U$2:$U$1500,"<>")=COUNTIF(EDW_RAW!$A$2:$A$1500,$D41),"O",IF(COUNTIFS(EDW_RAW!$A$2:$A$1500,$D41,EDW_RAW!$U$2:$U$1500,"<>~",EDW_RAW!$U$2:$U$1500,"<>")>0,"부분","X"))) | T41: =IF($H41="","",IF(AND(ISNUMBER(SEARCH("CMT",$H41)),OR(ISNUMBER(SEARCH("완사입",$H41)),ISNUMBER(SEARCH("ODM",$H41)))),"본사/생산처 혼재",IF(ISNUMBER(SEARCH("CMT",$H41)),"본사(소재팀)","생산처"))) | U41: 디코드 | V41: =IFERROR(TEXTJOIN(" / ",TRUE,UNIQUE(FILTER(소재DB_RAW!$K$3:$K$2000,(소재DB_RAW!$G$3:$G$2000=$D41)*ISERROR(SEARCH("drop",소재DB_RAW!$C$3:$C$2000))))),"") | W41: 베트남 | X41: =IFERROR(TEXTJOIN(" / ",TRUE,UNIQUE(FILTER(소재DB_RAW!$N$3:$N$2000,(소재DB_RAW!$G$3:$G$2000=$D41)*ISERROR(SEARCH("drop",소재DB_RAW!$C$3:$C$2000))))),"") | Y41: =IFERROR(TEXTJOIN(CHAR(10),TRUE,UNIQUE(FILTER(소재DB_RAW!$N$3:$N$2000&") "&소재DB_RAW!$O$3:$O$2000,(소재DB_RAW!$G$3:$G$2000=$D41)*ISNUMBER(SEARCH("겉감",소재DB_RAW!$M$3:$M$2000))*ISERROR(SEARCH("drop",소재DB_RAW!$C$3:$C$2000))))),"") | Z41: =IFERROR(TEXTJOIN(CHAR(10),TRUE,UNIQUE(FILTER(소재DB_RAW!$N$3:$N$2000&") "&소재DB_RAW!$O$3:$O$2000,(소재DB_RAW!$G$3:$G$2000=$D41)*ISNUMBER(SEARCH("안감",소재DB_RAW!$M$3:$M$2000))*ISERROR(SEARCH("drop",소재DB_RAW!$C$3:$C$2000))))),"") | AA41: 4000 | AB41: 113760000 | AC41: 712000000 | AD41: 1월3주 | AE41: =IF($K41="","출고일 미정",IF($Q41="X","작지 미발행",IF($Q41="부분","작지 일부 미발행",IF(AND($S41<>"",$S41>$N41),"소재입고 마감("&TEXT($N41,"MM/DD")&") 초과",IF($Q41="","발행여부 확인 필요",IF($S41="","소재 입고일정 확인 필요","정상")))))) | AF41: =IF($K41="","",IF(OR(LEFT($AE41,2)="작지",LEFT($AE41,4)="소재입고"),IF(LEFT($G41,1)="S","★ 납기위험(S코드)","◆ 지연주의"),IF($AE41="정상","✓ 정상","? 확인필요")))
A42: 38 | B42: 박진아 | C42: 조이슬 | D42: JKTBS27102 | E42: 춘절 여성 베이직 긴팔 집업 티셔츠 | F42: CRE(CREAM), LSL | G42: =IF($D42="","",IF(MID($D42,5,1)="S","S(봄)",IF(MID($D42,5,1)="M","M(여름)",IF(MID($D42,5,1)="X","X(사계절)",MID($D42,5,1))))) | H42: 완사입 | J42: 1월3주 | K42: =IF($J42="","",IFERROR(DATE(IF(VALUE(LEFT($J42,FIND("월",$J42)-1))>=9,기준정보!$C$7-1,기준정보!$C$7),VALUE(LEFT($J42,FIND("월",$J42)-1)),1+7*(VALUE(SUBSTITUTE(MID($J42,FIND("월",$J42)+1,5),"주",""))-1)),"")) | L42: =IF($K42="","",IF(AND($K42-기준정보!$C$5>=기준정보!$C$10,$K42-기준정보!$C$5<=기준정보!$C$11),기준정보!$C$10-1,$K42-기준정보!$C$5)) | M42: =IF($L42="","",IF(OR(ISNUMBER(SEARCH("중국",$W42)),ISNUMBER(SEARCH("베트남",$W42))),MAX(0,MIN($L42,기준정보!$C$9)-MAX($L42-기준정보!$C$6,기준정보!$C$8)+1),IF(ISNUMBER(SEARCH("한국",$W42)),MAX(0,MIN($L42,기준정보!$C$11)-MAX($L42-기준정보!$C$6,기준정보!$C$10)+1),0))) | N42: =IF($L42="","",$L42-기준정보!$C$6-$M42) | O42: =IF($N42="","",$N42-기준정보!$C$4) | Q42: O | R42: =IF(COUNTIF(EDW_RAW!$A$2:$A$1500,$D42)=0,"",IF(COUNTIFS(EDW_RAW!$A$2:$A$1500,$D42,EDW_RAW!$U$2:$U$1500,"<>~",EDW_RAW!$U$2:$U$1500,"<>")=COUNTIF(EDW_RAW!$A$2:$A$1500,$D42),"O",IF(COUNTIFS(EDW_RAW!$A$2:$A$1500,$D42,EDW_RAW!$U$2:$U$1500,"<>~",EDW_RAW!$U$2:$U$1500,"<>")>0,"부분","X"))) | T42: =IF($H42="","",IF(AND(ISNUMBER(SEARCH("CMT",$H42)),OR(ISNUMBER(SEARCH("완사입",$H42)),ISNUMBER(SEARCH("ODM",$H42)))),"본사/생산처 혼재",IF(ISNUMBER(SEARCH("CMT",$H42)),"본사(소재팀)","생산처"))) | U42: 태화 | V42: =IFERROR(TEXTJOIN(" / ",TRUE,UNIQUE(FILTER(소재DB_RAW!$K$3:$K$2000,(소재DB_RAW!$G$3:$G$2000=$D42)*ISERROR(SEARCH("drop",소재DB_RAW!$C$3:$C$2000))))),"") | W42: 베트남 | X42: =IFERROR(TEXTJOIN(" / ",TRUE,UNIQUE(FILTER(소재DB_RAW!$N$3:$N$2000,(소재DB_RAW!$G$3:$G$2000=$D42)*ISERROR(SEARCH("drop",소재DB_RAW!$C$3:$C$2000))))),"") | Y42: =IFERROR(TEXTJOIN(CHAR(10),TRUE,UNIQUE(FILTER(소재DB_RAW!$N$3:$N$2000&") "&소재DB_RAW!$O$3:$O$2000,(소재DB_RAW!$G$3:$G$2000=$D42)*ISNUMBER(SEARCH("겉감",소재DB_RAW!$M$3:$M$2000))*ISERROR(SEARCH("drop",소재DB_RAW!$C$3:$C$2000))))),"") | Z42: =IFERROR(TEXTJOIN(CHAR(10),TRUE,UNIQUE(FILTER(소재DB_RAW!$N$3:$N$2000&") "&소재DB_RAW!$O$3:$O$2000,(소재DB_RAW!$G$3:$G$2000=$D42)*ISNUMBER(SEARCH("안감",소재DB_RAW!$M$3:$M$2000))*ISERROR(SEARCH("drop",소재DB_RAW!$C$3:$C$2000))))),"") | AA42: 2500 | AB42: 47250000 | AC42: 370000000 | AD42: 1월3주 | AE42: =IF($K42="","출고일 미정",IF($Q42="X","작지 미발행",IF($Q42="부분","작지 일부 미발행",IF(AND($S42<>"",$S42>$N42),"소재입고 마감("&TEXT($N42,"MM/DD")&") 초과",IF($Q42="","발행여부 확인 필요",IF($S42="","소재 입고일정 확인 필요","정상")))))) | AF42: =IF($K42="","",IF(OR(LEFT($AE42,2)="작지",LEFT($AE42,4)="소재입고"),IF(LEFT($G42,1)="S","★ 납기위험(S코드)","◆ 지연주의"),IF($AE42="정상","✓ 정상","? 확인필요")))
A43: 39 | B43: 박진아 | C43: 조이슬 | D43: JKTBS27104 | E43: 춘절 여성 베이직 긴팔 라운드 티셔츠 | F43: MIN, DGY(D/GRAY) | G43: =IF($D43="","",IF(MID($D43,5,1)="S","S(봄)",IF(MID($D43,5,1)="M","M(여름)",IF(MID($D43,5,1)="X","X(사계절)",MID($D43,5,1))))) | H43: 완사입 | J43: 1월3주 | K43: =IF($J43="","",IFERROR(DATE(IF(VALUE(LEFT($J43,FIND("월",$J43)-1))>=9,기준정보!$C$7-1,기준정보!$C$7),VALUE(LEFT($J43,FIND("월",$J43)-1)),1+7*(VALUE(SUBSTITUTE(MID($J43,FIND("월",$J43)+1,5),"주",""))-1)),"")) | L43: =IF($K43="","",IF(AND($K43-기준정보!$C$5>=기준정보!$C$10,$K43-기준정보!$C$5<=기준정보!$C$11),기준정보!$C$10-1,$K43-기준정보!$C$5)) | M43: =IF($L43="","",IF(OR(ISNUMBER(SEARCH("중국",$W43)),ISNUMBER(SEARCH("베트남",$W43))),MAX(0,MIN($L43,기준정보!$C$9)-MAX($L43-기준정보!$C$6,기준정보!$C$8)+1),IF(ISNUMBER(SEARCH("한국",$W43)),MAX(0,MIN($L43,기준정보!$C$11)-MAX($L43-기준정보!$C$6,기준정보!$C$10)+1),0))) | N43: =IF($L43="","",$L43-기준정보!$C$6-$M43) | O43: =IF($N43="","",$N43-기준정보!$C$4) | Q43: O | R43: =IF(COUNTIF(EDW_RAW!$A$2:$A$1500,$D43)=0,"",IF(COUNTIFS(EDW_RAW!$A$2:$A$1500,$D43,EDW_RAW!$U$2:$U$1500,"<>~",EDW_RAW!$U$2:$U$1500,"<>")=COUNTIF(EDW_RAW!$A$2:$A$1500,$D43),"O",IF(COUNTIFS(EDW_RAW!$A$2:$A$1500,$D43,EDW_RAW!$U$2:$U$1500,"<>~",EDW_RAW!$U$2:$U$1500,"<>")>0,"부분","X"))) | T43: =IF($H43="","",IF(AND(ISNUMBER(SEARCH("CMT",$H43)),OR(ISNUMBER(SEARCH("완사입",$H43)),ISNUMBER(SEARCH("ODM",$H43)))),"본사/생산처 혼재",IF(ISNUMBER(SEARCH("CMT",$H43)),"본사(소재팀)","생산처"))) | U43: 태화 | V43: =IFERROR(TEXTJOIN(" / ",TRUE,UNIQUE(FILTER(소재DB_RAW!$K$3:$K$2000,(소재DB_RAW!$G$3:$G$2000=$D43)*ISERROR(SEARCH("drop",소재DB_RAW!$C$3:$C$2000))))),"") | W43: 베트남 | X43: =IFERROR(TEXTJOIN(" / ",TRUE,UNIQUE(FILTER(소재DB_RAW!$N$3:$N$2000,(소재DB_RAW!$G$3:$G$2000=$D43)*ISERROR(SEARCH("drop",소재DB_RAW!$C$3:$C$2000))))),"") | Y43: =IFERROR(TEXTJOIN(CHAR(10),TRUE,UNIQUE(FILTER(소재DB_RAW!$N$3:$N$2000&") "&소재DB_RAW!$O$3:$O$2000,(소재DB_RAW!$G$3:$G$2000=$D43)*ISNUMBER(SEARCH("겉감",소재DB_RAW!$M$3:$M$2000))*ISERROR(SEARCH("drop",소재DB_RAW!$C$3:$C$2000))))),"") | Z43: =IFERROR(TEXTJOIN(CHAR(10),TRUE,UNIQUE(FILTER(소재DB_RAW!$N$3:$N$2000&") "&소재DB_RAW!$O$3:$O$2000,(소재DB_RAW!$G$3:$G$2000=$D43)*ISNUMBER(SEARCH("안감",소재DB_RAW!$M$3:$M$2000))*ISERROR(SEARCH("drop",소재DB_RAW!$C$3:$C$2000))))),"") | AA43: 1400 | AB43: 24915800 | AC43: 207200000 | AD43: 1월3주 | AE43: =IF($K43="","출고일 미정",IF($Q43="X","작지 미발행",IF($Q43="부분","작지 일부 미발행",IF(AND($S43<>"",$S43>$N43),"소재입고 마감("&TEXT($N43,"MM/DD")&") 초과",IF($Q43="","발행여부 확인 필요",IF($S43="","소재 입고일정 확인 필요","정상")))))) | AF43: =IF($K43="","",IF(OR(LEFT($AE43,2)="작지",LEFT($AE43,4)="소재입고"),IF(LEFT($G43,1)="S","★ 납기위험(S코드)","◆ 지연주의"),IF($AE43="정상","✓ 정상","? 확인필요")))
A44: 40 | B44: 박지인 | C44: 조이슬 | D44: JKVAS27132 | E44: 춘절 여성 OCTA 인슐레이션 베스트 | F44: BLK(BLACK), WBE | G44: =IF($D44="","",IF(MID($D44,5,1)="S","S(봄)",IF(MID($D44,5,1)="M","M(여름)",IF(MID($D44,5,1)="X","X(사계절)",MID($D44,5,1))))) | H44: 완사입 | J44: 1월3주 | K44: =IF($J44="","",IFERROR(DATE(IF(VALUE(LEFT($J44,FIND("월",$J44)-1))>=9,기준정보!$C$7-1,기준정보!$C$7),VALUE(LEFT($J44,FIND("월",$J44)-1)),1+7*(VALUE(SUBSTITUTE(MID($J44,FIND("월",$J44)+1,5),"주",""))-1)),"")) | L44: =IF($K44="","",IF(AND($K44-기준정보!$C$5>=기준정보!$C$10,$K44-기준정보!$C$5<=기준정보!$C$11),기준정보!$C$10-1,$K44-기준정보!$C$5)) | M44: =IF($L44="","",IF(OR(ISNUMBER(SEARCH("중국",$W44)),ISNUMBER(SEARCH("베트남",$W44))),MAX(0,MIN($L44,기준정보!$C$9)-MAX($L44-기준정보!$C$6,기준정보!$C$8)+1),IF(ISNUMBER(SEARCH("한국",$W44)),MAX(0,MIN($L44,기준정보!$C$11)-MAX($L44-기준정보!$C$6,기준정보!$C$10)+1),0))) | N44: =IF($L44="","",$L44-기준정보!$C$6-$M44) | O44: =IF($N44="","",$N44-기준정보!$C$4) | Q44: O | R44: =IF(COUNTIF(EDW_RAW!$A$2:$A$1500,$D44)=0,"",IF(COUNTIFS(EDW_RAW!$A$2:$A$1500,$D44,EDW_RAW!$U$2:$U$1500,"<>~",EDW_RAW!$U$2:$U$1500,"<>")=COUNTIF(EDW_RAW!$A$2:$A$1500,$D44),"O",IF(COUNTIFS(EDW_RAW!$A$2:$A$1500,$D44,EDW_RAW!$U$2:$U$1500,"<>~",EDW_RAW!$U$2:$U$1500,"<>")>0,"부분","X"))) | T44: =IF($H44="","",IF(AND(ISNUMBER(SEARCH("CMT",$H44)),OR(ISNUMBER(SEARCH("완사입",$H44)),ISNUMBER(SEARCH("ODM",$H44)))),"본사/생산처 혼재",IF(ISNUMBER(SEARCH("CMT",$H44)),"본사(소재팀)","생산처"))) | U44: 원전 | V44: =IFERROR(TEXTJOIN(" / ",TRUE,UNIQUE(FILTER(소재DB_RAW!$K$3:$K$2000,(소재DB_RAW!$G$3:$G$2000=$D44)*ISERROR(SEARCH("drop",소재DB_RAW!$C$3:$C$2000))))),"") | X44: =IFERROR(TEXTJOIN(" / ",TRUE,UNIQUE(FILTER(소재DB_RAW!$N$3:$N$2000,(소재DB_RAW!$G$3:$G$2000=$D44)*ISERROR(SEARCH("drop",소재DB_RAW!$C$3:$C$2000))))),"") | Y44: =IFERROR(TEXTJOIN(CHAR(10),TRUE,UNIQUE(FILTER(소재DB_RAW!$N$3:$N$2000&") "&소재DB_RAW!$O$3:$O$2000,(소재DB_RAW!$G$3:$G$2000=$D44)*ISNUMBER(SEARCH("겉감",소재DB_RAW!$M$3:$M$2000))*ISERROR(SEARCH("drop",소재DB_RAW!$C$3:$C$2000))))),"") | Z44: =IFERROR(TEXTJOIN(CHAR(10),TRUE,UNIQUE(FILTER(소재DB_RAW!$N$3:$N$2000&") "&소재DB_RAW!$O$3:$O$2000,(소재DB_RAW!$G$3:$G$2000=$D44)*ISNUMBER(SEARCH("안감",소재DB_RAW!$M$3:$M$2000))*ISERROR(SEARCH("drop",소재DB_RAW!$C$3:$C$2000))))),"") | AA44: 1000 | AB44: 38169000 | AC44: 198000000 | AD44: 1월3주 | AE44: =IF($K44="","출고일 미정",IF($Q44="X","작지 미발행",IF($Q44="부분","작지 일부 미발행",IF(AND($S44<>"",$S44>$N44),"소재입고 마감("&TEXT($N44,"MM/DD")&") 초과",IF($Q44="","발행여부 확인 필요",IF($S44="","소재 입고일정 확인 필요","정상")))))) | AF44: =IF($K44="","",IF(OR(LEFT($AE44,2)="작지",LEFT($AE44,4)="소재입고"),IF(LEFT($G44,1)="S","★ 납기위험(S코드)","◆ 지연주의"),IF($AE44="정상","✓ 정상","? 확인필요")))
A45: 41 | B45: 이재헌 | C45: 정은진 | D45: JWJJS27131 | E45: 남성 OCTA 인슐레이션 재킷 | F45: DGY(D/GRAY), BLK(BLACK) | G45: =IF($D45="","",IF(MID($D45,5,1)="S","S(봄)",IF(MID($D45,5,1)="M","M(여름)",IF(MID($D45,5,1)="X","X(사계절)",MID($D45,5,1))))) | H45: 완사입 | J45: 1월3주 | K45: =IF($J45="","",IFERROR(DATE(IF(VALUE(LEFT($J45,FIND("월",$J45)-1))>=9,기준정보!$C$7-1,기준정보!$C$7),VALUE(LEFT($J45,FIND("월",$J45)-1)),1+7*(VALUE(SUBSTITUTE(MID($J45,FIND("월",$J45)+1,5),"주",""))-1)),"")) | L45: =IF($K45="","",IF(AND($K45-기준정보!$C$5>=기준정보!$C$10,$K45-기준정보!$C$5<=기준정보!$C$11),기준정보!$C$10-1,$K45-기준정보!$C$5)) | M45: =IF($L45="","",IF(OR(ISNUMBER(SEARCH("중국",$W45)),ISNUMBER(SEARCH("베트남",$W45))),MAX(0,MIN($L45,기준정보!$C$9)-MAX($L45-기준정보!$C$6,기준정보!$C$8)+1),IF(ISNUMBER(SEARCH("한국",$W45)),MAX(0,MIN($L45,기준정보!$C$11)-MAX($L45-기준정보!$C$6,기준정보!$C$10)+1),0))) | N45: =IF($L45="","",$L45-기준정보!$C$6-$M45) | O45: =IF($N45="","",$N45-기준정보!$C$4) | Q45: O | R45: =IF(COUNTIF(EDW_RAW!$A$2:$A$1500,$D45)=0,"",IF(COUNTIFS(EDW_RAW!$A$2:$A$1500,$D45,EDW_RAW!$U$2:$U$1500,"<>~",EDW_RAW!$U$2:$U$1500,"<>")=COUNTIF(EDW_RAW!$A$2:$A$1500,$D45),"O",IF(COUNTIFS(EDW_RAW!$A$2:$A$1500,$D45,EDW_RAW!$U$2:$U$1500,"<>~",EDW_RAW!$U$2:$U$1500,"<>")>0,"부분","X"))) | T45: =IF($H45="","",IF(AND(ISNUMBER(SEARCH("CMT",$H45)),OR(ISNUMBER(SEARCH("완사입",$H45)),ISNUMBER(SEARCH("ODM",$H45)))),"본사/생산처 혼재",IF(ISNUMBER(SEARCH("CMT",$H45)),"본사(소재팀)","생산처"))) | U45: 원전 | V45: =IFERROR(TEXTJOIN(" / ",TRUE,UNIQUE(FILTER(소재DB_RAW!$K$3:$K$2000,(소재DB_RAW!$G$3:$G$2000=$D45)*ISERROR(SEARCH("drop",소재DB_RAW!$C$3:$C$2000))))),"") | W45: 인도네시아 | X45: =IFERROR(TEXTJOIN(" / ",TRUE,UNIQUE(FILTER(소재DB_RAW!$N$3:$N$2000,(소재DB_RAW!$G$3:$G$2000=$D45)*ISERROR(SEARCH("drop",소재DB_RAW!$C$3:$C$2000))))),"") | Y45: =IFERROR(TEXTJOIN(CHAR(10),TRUE,UNIQUE(FILTER(소재DB_RAW!$N$3:$N$2000&") "&소재DB_RAW!$O$3:$O$2000,(소재DB_RAW!$G$3:$G$2000=$D45)*ISNUMBER(SEARCH("겉감",소재DB_RAW!$M$3:$M$2000))*ISERROR(SEARCH("drop",소재DB_RAW!$C$3:$C$2000))))),"") | Z45: =IFERROR(TEXTJOIN(CHAR(10),TRUE,UNIQUE(FILTER(소재DB_RAW!$N$3:$N$2000&") "&소재DB_RAW!$O$3:$O$2000,(소재DB_RAW!$G$3:$G$2000=$D45)*ISNUMBER(SEARCH("안감",소재DB_RAW!$M$3:$M$2000))*ISERROR(SEARCH("drop",소재DB_RAW!$C$3:$C$2000))))),"") | AA45: 2500 | AB45: 151025000 | AC45: 725000000 | AE45: =IF($K45="","출고일 미정",IF($Q45="X","작지 미발행",IF($Q45="부분","작지 일부 미발행",IF(AND($S45<>"",$S45>$N45),"소재입고 마감("&TEXT($N45,"MM/DD")&") 초과",IF($Q45="","발행여부 확인 필요",IF($S45="","소재 입고일정 확인 필요","정상")))))) | AF45: =IF($K45="","",IF(OR(LEFT($AE45,2)="작지",LEFT($AE45,4)="소재입고"),IF(LEFT($G45,1)="S","★ 납기위험(S코드)","◆ 지연주의"),IF($AE45="정상","✓ 정상","? 확인필요")))
A46: 42 | B46: 박술홍 | C46: 엄창용 | D46: JWPNS27101 | E46: 춘절 남성 레귤러핏 스탠다드 원턱 팬츠 | F46: DGY-1, BLK(BLACK) | G46: =IF($D46="","",IF(MID($D46,5,1)="S","S(봄)",IF(MID($D46,5,1)="M","M(여름)",IF(MID($D46,5,1)="X","X(사계절)",MID($D46,5,1))))) | H46: CMT | I46: SP1 | J46: 1월3주 | K46: =IF($J46="","",IFERROR(DATE(IF(VALUE(LEFT($J46,FIND("월",$J46)-1))>=9,기준정보!$C$7-1,기준정보!$C$7),VALUE(LEFT($J46,FIND("월",$J46)-1)),1+7*(VALUE(SUBSTITUTE(MID($J46,FIND("월",$J46)+1,5),"주",""))-1)),"")) | L46: =IF($K46="","",IF(AND($K46-기준정보!$C$5>=기준정보!$C$10,$K46-기준정보!$C$5<=기준정보!$C$11),기준정보!$C$10-1,$K46-기준정보!$C$5)) | M46: =IF($L46="","",IF(OR(ISNUMBER(SEARCH("중국",$W46)),ISNUMBER(SEARCH("베트남",$W46))),MAX(0,MIN($L46,기준정보!$C$9)-MAX($L46-기준정보!$C$6,기준정보!$C$8)+1),IF(ISNUMBER(SEARCH("한국",$W46)),MAX(0,MIN($L46,기준정보!$C$11)-MAX($L46-기준정보!$C$6,기준정보!$C$10)+1),0))) | N46: =IF($L46="","",$L46-기준정보!$C$6-$M46) | O46: =IF($N46="","",$N46-기준정보!$C$4) | Q46: O | R46: =IF(COUNTIF(EDW_RAW!$A$2:$A$1500,$D46)=0,"",IF(COUNTIFS(EDW_RAW!$A$2:$A$1500,$D46,EDW_RAW!$U$2:$U$1500,"<>~",EDW_RAW!$U$2:$U$1500,"<>")=COUNTIF(EDW_RAW!$A$2:$A$1500,$D46),"O",IF(COUNTIFS(EDW_RAW!$A$2:$A$1500,$D46,EDW_RAW!$U$2:$U$1500,"<>~",EDW_RAW!$U$2:$U$1500,"<>")>0,"부분","X"))) | T46: =IF($H46="","",IF(AND(ISNUMBER(SEARCH("CMT",$H46)),OR(ISNUMBER(SEARCH("완사입",$H46)),ISNUMBER(SEARCH("ODM",$H46)))),"본사/생산처 혼재",IF(ISNUMBER(SEARCH("CMT",$H46)),"본사(소재팀)","생산처"))) | U46: 디코드 | V46: =IFERROR(TEXTJOIN(" / ",TRUE,UNIQUE(FILTER(소재DB_RAW!$K$3:$K$2000,(소재DB_RAW!$G$3:$G$2000=$D46)*ISERROR(SEARCH("drop",소재DB_RAW!$C$3:$C$2000))))),"") | W46: 베트남 | X46: =IFERROR(TEXTJOIN(" / ",TRUE,UNIQUE(FILTER(소재DB_RAW!$N$3:$N$2000,(소재DB_RAW!$G$3:$G$2000=$D46)*ISERROR(SEARCH("drop",소재DB_RAW!$C$3:$C$2000))))),"") | Y46: =IFERROR(TEXTJOIN(CHAR(10),TRUE,UNIQUE(FILTER(소재DB_RAW!$N$3:$N$2000&") "&소재DB_RAW!$O$3:$O$2000,(소재DB_RAW!$G$3:$G$2000=$D46)*ISNUMBER(SEARCH("겉감",소재DB_RAW!$M$3:$M$2000))*ISERROR(SEARCH("drop",소재DB_RAW!$C$3:$C$2000))))),"") | Z46: =IFERROR(TEXTJOIN(CHAR(10),TRUE,UNIQUE(FILTER(소재DB_RAW!$N$3:$N$2000&") "&소재DB_RAW!$O$3:$O$2000,(소재DB_RAW!$G$3:$G$2000=$D46)*ISNUMBER(SEARCH("안감",소재DB_RAW!$M$3:$M$2000))*ISERROR(SEARCH("drop",소재DB_RAW!$C$3:$C$2000))))),"") | AA46: 5500 | AB46: 155397000 | AC46: 979000000 | AE46: =IF($K46="","출고일 미정",IF($Q46="X","작지 미발행",IF($Q46="부분","작지 일부 미발행",IF(AND($S46<>"",$S46>$N46),"소재입고 마감("&TEXT($N46,"MM/DD")&") 초과",IF($Q46="","발행여부 확인 필요",IF($S46="","소재 입고일정 확인 필요","정상")))))) | AF46: =IF($K46="","",IF(OR(LEFT($AE46,2)="작지",LEFT($AE46,4)="소재입고"),IF(LEFT($G46,1)="S","★ 납기위험(S코드)","◆ 지연주의"),IF($AE46="정상","✓ 정상","? 확인필요")))
A47: 43 | B47: 박술홍 | C47: 엄창용 | D47: JWPNS27103 | E47: 춘절 남성 슬림핏 스탠다드 노턱 팬츠 | F47: CIN(CINDER), BLK(BLACK) | G47: =IF($D47="","",IF(MID($D47,5,1)="S","S(봄)",IF(MID($D47,5,1)="M","M(여름)",IF(MID($D47,5,1)="X","X(사계절)",MID($D47,5,1))))) | H47: CMT | I47: SP1 | J47: 1월3주 | K47: =IF($J47="","",IFERROR(DATE(IF(VALUE(LEFT($J47,FIND("월",$J47)-1))>=9,기준정보!$C$7-1,기준정보!$C$7),VALUE(LEFT($J47,FIND("월",$J47)-1)),1+7*(VALUE(SUBSTITUTE(MID($J47,FIND("월",$J47)+1,5),"주",""))-1)),"")) | L47: =IF($K47="","",IF(AND($K47-기준정보!$C$5>=기준정보!$C$10,$K47-기준정보!$C$5<=기준정보!$C$11),기준정보!$C$10-1,$K47-기준정보!$C$5)) | M47: =IF($L47="","",IF(OR(ISNUMBER(SEARCH("중국",$W47)),ISNUMBER(SEARCH("베트남",$W47))),MAX(0,MIN($L47,기준정보!$C$9)-MAX($L47-기준정보!$C$6,기준정보!$C$8)+1),IF(ISNUMBER(SEARCH("한국",$W47)),MAX(0,MIN($L47,기준정보!$C$11)-MAX($L47-기준정보!$C$6,기준정보!$C$10)+1),0))) | N47: =IF($L47="","",$L47-기준정보!$C$6-$M47) | O47: =IF($N47="","",$N47-기준정보!$C$4) | Q47: O | R47: =IF(COUNTIF(EDW_RAW!$A$2:$A$1500,$D47)=0,"",IF(COUNTIFS(EDW_RAW!$A$2:$A$1500,$D47,EDW_RAW!$U$2:$U$1500,"<>~",EDW_RAW!$U$2:$U$1500,"<>")=COUNTIF(EDW_RAW!$A$2:$A$1500,$D47),"O",IF(COUNTIFS(EDW_RAW!$A$2:$A$1500,$D47,EDW_RAW!$U$2:$U$1500,"<>~",EDW_RAW!$U$2:$U$1500,"<>")>0,"부분","X"))) | T47: =IF($H47="","",IF(AND(ISNUMBER(SEARCH("CMT",$H47)),OR(ISNUMBER(SEARCH("완사입",$H47)),ISNUMBER(SEARCH("ODM",$H47)))),"본사/생산처 혼재",IF(ISNUMBER(SEARCH("CMT",$H47)),"본사(소재팀)","생산처"))) | U47: 디코드 | V47: =IFERROR(TEXTJOIN(" / ",TRUE,UNIQUE(FILTER(소재DB_RAW!$K$3:$K$2000,(소재DB_RAW!$G$3:$G$2000=$D47)*ISERROR(SEARCH("drop",소재DB_RAW!$C$3:$C$2000))))),"") | W47: 베트남 | X47: =IFERROR(TEXTJOIN(" / ",TRUE,UNIQUE(FILTER(소재DB_RAW!$N$3:$N$2000,(소재DB_RAW!$G$3:$G$2000=$D47)*ISERROR(SEARCH("drop",소재DB_RAW!$C$3:$C$2000))))),"") | Y47: =IFERROR(TEXTJOIN(CHAR(10),TRUE,UNIQUE(FILTER(소재DB_RAW!$N$3:$N$2000&") "&소재DB_RAW!$O$3:$O$2000,(소재DB_RAW!$G$3:$G$2000=$D47)*ISNUMBER(SEARCH("겉감",소재DB_RAW!$M$3:$M$2000))*ISERROR(SEARCH("drop",소재DB_RAW!$C$3:$C$2000))))),"") | Z47: =IFERROR(TEXTJOIN(CHAR(10),TRUE,UNIQUE(FILTER(소재DB_RAW!$N$3:$N$2000&") "&소재DB_RAW!$O$3:$O$2000,(소재DB_RAW!$G$3:$G$2000=$D47)*ISNUMBER(SEARCH("안감",소재DB_RAW!$M$3:$M$2000))*ISERROR(SEARCH("drop",소재DB_RAW!$C$3:$C$2000))))),"") | AA47: 8000 | AB47: 210024000 | AC47: 1424000000 | AE47: =IF($K47="","출고일 미정",IF($Q47="X","작지 미발행",IF($Q47="부분","작지 일부 미발행",IF(AND($S47<>"",$S47>$N47),"소재입고 마감("&TEXT($N47,"MM/DD")&") 초과",IF($Q47="","발행여부 확인 필요",IF($S47="","소재 입고일정 확인 필요","정상")))))) | AF47: =IF($K47="","",IF(OR(LEFT($AE47,2)="작지",LEFT($AE47,4)="소재입고"),IF(LEFT($G47,1)="S","★ 납기위험(S코드)","◆ 지연주의"),IF($AE47="정상","✓ 정상","? 확인필요")))
A48: 44 | B48: 박술홍 | C48: 엄창용 | D48: JWPNS27113 | E48: 춘절 남성 레귤러핏 하이킹 팬츠 | F48: DGY-1, WBE | G48: =IF($D48="","",IF(MID($D48,5,1)="S","S(봄)",IF(MID($D48,5,1)="M","M(여름)",IF(MID($D48,5,1)="X","X(사계절)",MID($D48,5,1))))) | H48: 완사입 | I48: SP1 | J48: 1월3주 | K48: =IF($J48="","",IFERROR(DATE(IF(VALUE(LEFT($J48,FIND("월",$J48)-1))>=9,기준정보!$C$7-1,기준정보!$C$7),VALUE(LEFT($J48,FIND("월",$J48)-1)),1+7*(VALUE(SUBSTITUTE(MID($J48,FIND("월",$J48)+1,5),"주",""))-1)),"")) | L48: =IF($K48="","",IF(AND($K48-기준정보!$C$5>=기준정보!$C$10,$K48-기준정보!$C$5<=기준정보!$C$11),기준정보!$C$10-1,$K48-기준정보!$C$5)) | M48: =IF($L48="","",IF(OR(ISNUMBER(SEARCH("중국",$W48)),ISNUMBER(SEARCH("베트남",$W48))),MAX(0,MIN($L48,기준정보!$C$9)-MAX($L48-기준정보!$C$6,기준정보!$C$8)+1),IF(ISNUMBER(SEARCH("한국",$W48)),MAX(0,MIN($L48,기준정보!$C$11)-MAX($L48-기준정보!$C$6,기준정보!$C$10)+1),0))) | N48: =IF($L48="","",$L48-기준정보!$C$6-$M48) | O48: =IF($N48="","",$N48-기준정보!$C$4) | Q48: O | R48: =IF(COUNTIF(EDW_RAW!$A$2:$A$1500,$D48)=0,"",IF(COUNTIFS(EDW_RAW!$A$2:$A$1500,$D48,EDW_RAW!$U$2:$U$1500,"<>~",EDW_RAW!$U$2:$U$1500,"<>")=COUNTIF(EDW_RAW!$A$2:$A$1500,$D48),"O",IF(COUNTIFS(EDW_RAW!$A$2:$A$1500,$D48,EDW_RAW!$U$2:$U$1500,"<>~",EDW_RAW!$U$2:$U$1500,"<>")>0,"부분","X"))) | T48: =IF($H48="","",IF(AND(ISNUMBER(SEARCH("CMT",$H48)),OR(ISNUMBER(SEARCH("완사입",$H48)),ISNUMBER(SEARCH("ODM",$H48)))),"본사/생산처 혼재",IF(ISNUMBER(SEARCH("CMT",$H48)),"본사(소재팀)","생산처"))) | U48: TBO | V48: =IFERROR(TEXTJOIN(" / ",TRUE,UNIQUE(FILTER(소재DB_RAW!$K$3:$K$2000,(소재DB_RAW!$G$3:$G$2000=$D48)*ISERROR(SEARCH("drop",소재DB_RAW!$C$3:$C$2000))))),"") | W48: 베트남 | X48: =IFERROR(TEXTJOIN(" / ",TRUE,UNIQUE(FILTER(소재DB_RAW!$N$3:$N$2000,(소재DB_RAW!$G$3:$G$2000=$D48)*ISERROR(SEARCH("drop",소재DB_RAW!$C$3:$C$2000))))),"") | Y48: =IFERROR(TEXTJOIN(CHAR(10),TRUE,UNIQUE(FILTER(소재DB_RAW!$N$3:$N$2000&") "&소재DB_RAW!$O$3:$O$2000,(소재DB_RAW!$G$3:$G$2000=$D48)*ISNUMBER(SEARCH("겉감",소재DB_RAW!$M$3:$M$2000))*ISERROR(SEARCH("drop",소재DB_RAW!$C$3:$C$2000))))),"") | Z48: =IFERROR(TEXTJOIN(CHAR(10),TRUE,UNIQUE(FILTER(소재DB_RAW!$N$3:$N$2000&") "&소재DB_RAW!$O$3:$O$2000,(소재DB_RAW!$G$3:$G$2000=$D48)*ISNUMBER(SEARCH("안감",소재DB_RAW!$M$3:$M$2000))*ISERROR(SEARCH("drop",소재DB_RAW!$C$3:$C$2000))))),"") | AA48: 1800 | AB48: 70093800 | AC48: 356400000 | AD48: 1월3주 | AE48: =IF($K48="","출고일 미정",IF($Q48="X","작지 미발행",IF($Q48="부분","작지 일부 미발행",IF(AND($S48<>"",$S48>$N48),"소재입고 마감("&TEXT($N48,"MM/DD")&") 초과",IF($Q48="","발행여부 확인 필요",IF($S48="","소재 입고일정 확인 필요","정상")))))) | AF48: =IF($K48="","",IF(OR(LEFT($AE48,2)="작지",LEFT($AE48,4)="소재입고"),IF(LEFT($G48,1)="S","★ 납기위험(S코드)","◆ 지연주의"),IF($AE48="정상","✓ 정상","? 확인필요")))
A49: 45 | B49: 박술홍 | C49: 엄창용 | D49: JWSXS27135 | E49: 춘절 남녀공용 우븐 하이킹 셔츠 (WIGO) | F49: BLK(BLACK), KHA(KHAKI) | G49: =IF($D49="","",IF(MID($D49,5,1)="S","S(봄)",IF(MID($D49,5,1)="M","M(여름)",IF(MID($D49,5,1)="X","X(사계절)",MID($D49,5,1))))) | H49: 완사입 | I49: SP1 | J49: 1월3주 | K49: =IF($J49="","",IFERROR(DATE(IF(VALUE(LEFT($J49,FIND("월",$J49)-1))>=9,기준정보!$C$7-1,기준정보!$C$7),VALUE(LEFT($J49,FIND("월",$J49)-1)),1+7*(VALUE(SUBSTITUTE(MID($J49,FIND("월",$J49)+1,5),"주",""))-1)),"")) | L49: =IF($K49="","",IF(AND($K49-기준정보!$C$5>=기준정보!$C$10,$K49-기준정보!$C$5<=기준정보!$C$11),기준정보!$C$10-1,$K49-기준정보!$C$5)) | M49: =IF($L49="","",IF(OR(ISNUMBER(SEARCH("중국",$W49)),ISNUMBER(SEARCH("베트남",$W49))),MAX(0,MIN($L49,기준정보!$C$9)-MAX($L49-기준정보!$C$6,기준정보!$C$8)+1),IF(ISNUMBER(SEARCH("한국",$W49)),MAX(0,MIN($L49,기준정보!$C$11)-MAX($L49-기준정보!$C$6,기준정보!$C$10)+1),0))) | N49: =IF($L49="","",$L49-기준정보!$C$6-$M49) | O49: =IF($N49="","",$N49-기준정보!$C$4) | Q49: O | R49: =IF(COUNTIF(EDW_RAW!$A$2:$A$1500,$D49)=0,"",IF(COUNTIFS(EDW_RAW!$A$2:$A$1500,$D49,EDW_RAW!$U$2:$U$1500,"<>~",EDW_RAW!$U$2:$U$1500,"<>")=COUNTIF(EDW_RAW!$A$2:$A$1500,$D49),"O",IF(COUNTIFS(EDW_RAW!$A$2:$A$1500,$D49,EDW_RAW!$U$2:$U$1500,"<>~",EDW_RAW!$U$2:$U$1500,"<>")>0,"부분","X"))) | T49: =IF($H49="","",IF(AND(ISNUMBER(SEARCH("CMT",$H49)),OR(ISNUMBER(SEARCH("완사입",$H49)),ISNUMBER(SEARCH("ODM",$H49)))),"본사/생산처 혼재",IF(ISNUMBER(SEARCH("CMT",$H49)),"본사(소재팀)","생산처"))) | U49: 성원 | V49: =IFERROR(TEXTJOIN(" / ",TRUE,UNIQUE(FILTER(소재DB_RAW!$K$3:$K$2000,(소재DB_RAW!$G$3:$G$2000=$D49)*ISERROR(SEARCH("drop",소재DB_RAW!$C$3:$C$2000))))),"") | W49: 베트남 | X49: =IFERROR(TEXTJOIN(" / ",TRUE,UNIQUE(FILTER(소재DB_RAW!$N$3:$N$2000,(소재DB_RAW!$G$3:$G$2000=$D49)*ISERROR(SEARCH("drop",소재DB_RAW!$C$3:$C$2000))))),"") | Y49: =IFERROR(TEXTJOIN(CHAR(10),TRUE,UNIQUE(FILTER(소재DB_RAW!$N$3:$N$2000&") "&소재DB_RAW!$O$3:$O$2000,(소재DB_RAW!$G$3:$G$2000=$D49)*ISNUMBER(SEARCH("겉감",소재DB_RAW!$M$3:$M$2000))*ISERROR(SEARCH("drop",소재DB_RAW!$C$3:$C$2000))))),"") | Z49: =IFERROR(TEXTJOIN(CHAR(10),TRUE,UNIQUE(FILTER(소재DB_RAW!$N$3:$N$2000&") "&소재DB_RAW!$O$3:$O$2000,(소재DB_RAW!$G$3:$G$2000=$D49)*ISNUMBER(SEARCH("안감",소재DB_RAW!$M$3:$M$2000))*ISERROR(SEARCH("drop",소재DB_RAW!$C$3:$C$2000))))),"") | AA49: 1600 | AB49: 77996800 | AC49: 352000000 | AE49: =IF($K49="","출고일 미정",IF($Q49="X","작지 미발행",IF($Q49="부분","작지 일부 미발행",IF(AND($S49<>"",$S49>$N49),"소재입고 마감("&TEXT($N49,"MM/DD")&") 초과",IF($Q49="","발행여부 확인 필요",IF($S49="","소재 입고일정 확인 필요","정상")))))) | AF49: =IF($K49="","",IF(OR(LEFT($AE49,2)="작지",LEFT($AE49,4)="소재입고"),IF(LEFT($G49,1)="S","★ 납기위험(S코드)","◆ 지연주의"),IF($AE49="정상","✓ 정상","? 확인필요")))
A50: 46 | B50: 이재헌 | C50: 엄창용 | D50: JWTBS27111 | E50: 남성 하이브리드 긴팔 집업 티셔츠 | F50: BLK(BLACK), GBU(G/BLUE) | G50: =IF($D50="","",IF(MID($D50,5,1)="S","S(봄)",IF(MID($D50,5,1)="M","M(여름)",IF(MID($D50,5,1)="X","X(사계절)",MID($D50,5,1))))) | H50: 완사입 | J50: 1월3주 | K50: =IF($J50="","",IFERROR(DATE(IF(VALUE(LEFT($J50,FIND("월",$J50)-1))>=9,기준정보!$C$7-1,기준정보!$C$7),VALUE(LEFT($J50,FIND("월",$J50)-1)),1+7*(VALUE(SUBSTITUTE(MID($J50,FIND("월",$J50)+1,5),"주",""))-1)),"")) | L50: =IF($K50="","",IF(AND($K50-기준정보!$C$5>=기준정보!$C$10,$K50-기준정보!$C$5<=기준정보!$C$11),기준정보!$C$10-1,$K50-기준정보!$C$5)) | M50: =IF($L50="","",IF(OR(ISNUMBER(SEARCH("중국",$W50)),ISNUMBER(SEARCH("베트남",$W50))),MAX(0,MIN($L50,기준정보!$C$9)-MAX($L50-기준정보!$C$6,기준정보!$C$8)+1),IF(ISNUMBER(SEARCH("한국",$W50)),MAX(0,MIN($L50,기준정보!$C$11)-MAX($L50-기준정보!$C$6,기준정보!$C$10)+1),0))) | N50: =IF($L50="","",$L50-기준정보!$C$6-$M50) | O50: =IF($N50="","",$N50-기준정보!$C$4) | Q50: O | R50: =IF(COUNTIF(EDW_RAW!$A$2:$A$1500,$D50)=0,"",IF(COUNTIFS(EDW_RAW!$A$2:$A$1500,$D50,EDW_RAW!$U$2:$U$1500,"<>~",EDW_RAW!$U$2:$U$1500,"<>")=COUNTIF(EDW_RAW!$A$2:$A$1500,$D50),"O",IF(COUNTIFS(EDW_RAW!$A$2:$A$1500,$D50,EDW_RAW!$U$2:$U$1500,"<>~",EDW_RAW!$U$2:$U$1500,"<>")>0,"부분","X"))) | T50: =IF($H50="","",IF(AND(ISNUMBER(SEARCH("CMT",$H50)),OR(ISNUMBER(SEARCH("완사입",$H50)),ISNUMBER(SEARCH("ODM",$H50)))),"본사/생산처 혼재",IF(ISNUMBER(SEARCH("CMT",$H50)),"본사(소재팀)","생산처"))) | U50: IKG | V50: =IFERROR(TEXTJOIN(" / ",TRUE,UNIQUE(FILTER(소재DB_RAW!$K$3:$K$2000,(소재DB_RAW!$G$3:$G$2000=$D50)*ISERROR(SEARCH("drop",소재DB_RAW!$C$3:$C$2000))))),"") | W50: 인도네시아 | X50: =IFERROR(TEXTJOIN(" / ",TRUE,UNIQUE(FILTER(소재DB_RAW!$N$3:$N$2000,(소재DB_RAW!$G$3:$G$2000=$D50)*ISERROR(SEARCH("drop",소재DB_RAW!$C$3:$C$2000))))),"") | Y50: =IFERROR(TEXTJOIN(CHAR(10),TRUE,UNIQUE(FILTER(소재DB_RAW!$N$3:$N$2000&") "&소재DB_RAW!$O$3:$O$2000,(소재DB_RAW!$G$3:$G$2000=$D50)*ISNUMBER(SEARCH("겉감",소재DB_RAW!$M$3:$M$2000))*ISERROR(SEARCH("drop",소재DB_RAW!$C$3:$C$2000))))),"") | Z50: =IFERROR(TEXTJOIN(CHAR(10),TRUE,UNIQUE(FILTER(소재DB_RAW!$N$3:$N$2000&") "&소재DB_RAW!$O$3:$O$2000,(소재DB_RAW!$G$3:$G$2000=$D50)*ISNUMBER(SEARCH("안감",소재DB_RAW!$M$3:$M$2000))*ISERROR(SEARCH("drop",소재DB_RAW!$C$3:$C$2000))))),"") | AA50: 3000 | AB50: 79905000 | AC50: 444000000 | AE50: =IF($K50="","출고일 미정",IF($Q50="X","작지 미발행",IF($Q50="부분","작지 일부 미발행",IF(AND($S50<>"",$S50>$N50),"소재입고 마감("&TEXT($N50,"MM/DD")&") 초과",IF($Q50="","발행여부 확인 필요",IF($S50="","소재 입고일정 확인 필요","정상")))))) | AF50: =IF($K50="","",IF(OR(LEFT($AE50,2)="작지",LEFT($AE50,4)="소재입고"),IF(LEFT($G50,1)="S","★ 납기위험(S코드)","◆ 지연주의"),IF($AE50="정상","✓ 정상","? 확인필요")))
A51: 47 | B51: 이재헌 | C51: 엄창용 | D51: JWTBS27113 | E51: 남성 ClearDry 긴팔 라운드 티셔츠 | F51: GRY(GRAY), DGR(D/GREEN) | G51: =IF($D51="","",IF(MID($D51,5,1)="S","S(봄)",IF(MID($D51,5,1)="M","M(여름)",IF(MID($D51,5,1)="X","X(사계절)",MID($D51,5,1))))) | H51: 완사입 | J51: 1월3주 | K51: =IF($J51="","",IFERROR(DATE(IF(VALUE(LEFT($J51,FIND("월",$J51)-1))>=9,기준정보!$C$7-1,기준정보!$C$7),VALUE(LEFT($J51,FIND("월",$J51)-1)),1+7*(VALUE(SUBSTITUTE(MID($J51,FIND("월",$J51)+1,5),"주",""))-1)),"")) | L51: =IF($K51="","",IF(AND($K51-기준정보!$C$5>=기준정보!$C$10,$K51-기준정보!$C$5<=기준정보!$C$11),기준정보!$C$10-1,$K51-기준정보!$C$5)) | M51: =IF($L51="","",IF(OR(ISNUMBER(SEARCH("중국",$W51)),ISNUMBER(SEARCH("베트남",$W51))),MAX(0,MIN($L51,기준정보!$C$9)-MAX($L51-기준정보!$C$6,기준정보!$C$8)+1),IF(ISNUMBER(SEARCH("한국",$W51)),MAX(0,MIN($L51,기준정보!$C$11)-MAX($L51-기준정보!$C$6,기준정보!$C$10)+1),0))) | N51: =IF($L51="","",$L51-기준정보!$C$6-$M51) | O51: =IF($N51="","",$N51-기준정보!$C$4) | Q51: O | R51: =IF(COUNTIF(EDW_RAW!$A$2:$A$1500,$D51)=0,"",IF(COUNTIFS(EDW_RAW!$A$2:$A$1500,$D51,EDW_RAW!$U$2:$U$1500,"<>~",EDW_RAW!$U$2:$U$1500,"<>")=COUNTIF(EDW_RAW!$A$2:$A$1500,$D51),"O",IF(COUNTIFS(EDW_RAW!$A$2:$A$1500,$D51,EDW_RAW!$U$2:$U$1500,"<>~",EDW_RAW!$U$2:$U$1500,"<>")>0,"부분","X"))) | T51: =IF($H51="","",IF(AND(ISNUMBER(SEARCH("CMT",$H51)),OR(ISNUMBER(SEARCH("완사입",$H51)),ISNUMBER(SEARCH("ODM",$H51)))),"본사/생산처 혼재",IF(ISNUMBER(SEARCH("CMT",$H51)),"본사(소재팀)","생산처"))) | U51: IKG | V51: =IFERROR(TEXTJOIN(" / ",TRUE,UNIQUE(FILTER(소재DB_RAW!$K$3:$K$2000,(소재DB_RAW!$G$3:$G$2000=$D51)*ISERROR(SEARCH("drop",소재DB_RAW!$C$3:$C$2000))))),"") | W51: 인도네시아 | X51: =IFERROR(TEXTJOIN(" / ",TRUE,UNIQUE(FILTER(소재DB_RAW!$N$3:$N$2000,(소재DB_RAW!$G$3:$G$2000=$D51)*ISERROR(SEARCH("drop",소재DB_RAW!$C$3:$C$2000))))),"") | Y51: =IFERROR(TEXTJOIN(CHAR(10),TRUE,UNIQUE(FILTER(소재DB_RAW!$N$3:$N$2000&") "&소재DB_RAW!$O$3:$O$2000,(소재DB_RAW!$G$3:$G$2000=$D51)*ISNUMBER(SEARCH("겉감",소재DB_RAW!$M$3:$M$2000))*ISERROR(SEARCH("drop",소재DB_RAW!$C$3:$C$2000))))),"") | Z51: =IFERROR(TEXTJOIN(CHAR(10),TRUE,UNIQUE(FILTER(소재DB_RAW!$N$3:$N$2000&") "&소재DB_RAW!$O$3:$O$2000,(소재DB_RAW!$G$3:$G$2000=$D51)*ISNUMBER(SEARCH("안감",소재DB_RAW!$M$3:$M$2000))*ISERROR(SEARCH("drop",소재DB_RAW!$C$3:$C$2000))))),"") | AA51: 2000 | AB51: 53650000 | AC51: 256000000 | AE51: =IF($K51="","출고일 미정",IF($Q51="X","작지 미발행",IF($Q51="부분","작지 일부 미발행",IF(AND($S51<>"",$S51>$N51),"소재입고 마감("&TEXT($N51,"MM/DD")&") 초과",IF($Q51="","발행여부 확인 필요",IF($S51="","소재 입고일정 확인 필요","정상")))))) | AF51: =IF($K51="","",IF(OR(LEFT($AE51,2)="작지",LEFT($AE51,4)="소재입고"),IF(LEFT($G51,1)="S","★ 납기위험(S코드)","◆ 지연주의"),IF($AE51="정상","✓ 정상","? 확인필요")))
A52: 48 | B52: 이재헌 | C52: 엄창용 | D52: JWTBS27115 | E52: 남성 ClearDry 긴팔 집업 티셔츠 | F52: DGY(D/GRAY), WBE | G52: =IF($D52="","",IF(MID($D52,5,1)="S","S(봄)",IF(MID($D52,5,1)="M","M(여름)",IF(MID($D52,5,1)="X","X(사계절)",MID($D52,5,1))))) | H52: 완사입 | J52: 1월3주 | K52: =IF($J52="","",IFERROR(DATE(IF(VALUE(LEFT($J52,FIND("월",$J52)-1))>=9,기준정보!$C$7-1,기준정보!$C$7),VALUE(LEFT($J52,FIND("월",$J52)-1)),1+7*(VALUE(SUBSTITUTE(MID($J52,FIND("월",$J52)+1,5),"주",""))-1)),"")) | L52: =IF($K52="","",IF(AND($K52-기준정보!$C$5>=기준정보!$C$10,$K52-기준정보!$C$5<=기준정보!$C$11),기준정보!$C$10-1,$K52-기준정보!$C$5)) | M52: =IF($L52="","",IF(OR(ISNUMBER(SEARCH("중국",$W52)),ISNUMBER(SEARCH("베트남",$W52))),MAX(0,MIN($L52,기준정보!$C$9)-MAX($L52-기준정보!$C$6,기준정보!$C$8)+1),IF(ISNUMBER(SEARCH("한국",$W52)),MAX(0,MIN($L52,기준정보!$C$11)-MAX($L52-기준정보!$C$6,기준정보!$C$10)+1),0))) | N52: =IF($L52="","",$L52-기준정보!$C$6-$M52) | O52: =IF($N52="","",$N52-기준정보!$C$4) | Q52: O | R52: =IF(COUNTIF(EDW_RAW!$A$2:$A$1500,$D52)=0,"",IF(COUNTIFS(EDW_RAW!$A$2:$A$1500,$D52,EDW_RAW!$U$2:$U$1500,"<>~",EDW_RAW!$U$2:$U$1500,"<>")=COUNTIF(EDW_RAW!$A$2:$A$1500,$D52),"O",IF(COUNTIFS(EDW_RAW!$A$2:$A$1500,$D52,EDW_RAW!$U$2:$U$1500,"<>~",EDW_RAW!$U$2:$U$1500,"<>")>0,"부분","X"))) | T52: =IF($H52="","",IF(AND(ISNUMBER(SEARCH("CMT",$H52)),OR(ISNUMBER(SEARCH("완사입",$H52)),ISNUMBER(SEARCH("ODM",$H52)))),"본사/생산처 혼재",IF(ISNUMBER(SEARCH("CMT",$H52)),"본사(소재팀)","생산처"))) | U52: IKG | V52: =IFERROR(TEXTJOIN(" / ",TRUE,UNIQUE(FILTER(소재DB_RAW!$K$3:$K$2000,(소재DB_RAW!$G$3:$G$2000=$D52)*ISERROR(SEARCH("drop",소재DB_RAW!$C$3:$C$2000))))),"") | W52: 인도네시아 | X52: =IFERROR(TEXTJOIN(" / ",TRUE,UNIQUE(FILTER(소재DB_RAW!$N$3:$N$2000,(소재DB_RAW!$G$3:$G$2000=$D52)*ISERROR(SEARCH("drop",소재DB_RAW!$C$3:$C$2000))))),"") | Y52: =IFERROR(TEXTJOIN(CHAR(10),TRUE,UNIQUE(FILTER(소재DB_RAW!$N$3:$N$2000&") "&소재DB_RAW!$O$3:$O$2000,(소재DB_RAW!$G$3:$G$2000=$D52)*ISNUMBER(SEARCH("겉감",소재DB_RAW!$M$3:$M$2000))*ISERROR(SEARCH("drop",소재DB_RAW!$C$3:$C$2000))))),"") | Z52: =IFERROR(TEXTJOIN(CHAR(10),TRUE,UNIQUE(FILTER(소재DB_RAW!$N$3:$N$2000&") "&소재DB_RAW!$O$3:$O$2000,(소재DB_RAW!$G$3:$G$2000=$D52)*ISNUMBER(SEARCH("안감",소재DB_RAW!$M$3:$M$2000))*ISERROR(SEARCH("drop",소재DB_RAW!$C$3:$C$2000))))),"") | AA52: 2000 | AB52: 58964800 | AC52: 276000000 | AE52: =IF($K52="","출고일 미정",IF($Q52="X","작지 미발행",IF($Q52="부분","작지 일부 미발행",IF(AND($S52<>"",$S52>$N52),"소재입고 마감("&TEXT($N52,"MM/DD")&") 초과",IF($Q52="","발행여부 확인 필요",IF($S52="","소재 입고일정 확인 필요","정상")))))) | AF52: =IF($K52="","",IF(OR(LEFT($AE52,2)="작지",LEFT($AE52,4)="소재입고"),IF(LEFT($G52,1)="S","★ 납기위험(S코드)","◆ 지연주의"),IF($AE52="정상","✓ 정상","? 확인필요")))
A53: 49 | B53: 이재헌 | C53: 엄창용 | D53: JWVAS27131 | E53: 남성 OCTA 인슐레이션 베스트 | F53: BLK(BLACK), GRY(GRAY) | G53: =IF($D53="","",IF(MID($D53,5,1)="S","S(봄)",IF(MID($D53,5,1)="M","M(여름)",IF(MID($D53,5,1)="X","X(사계절)",MID($D53,5,1))))) | H53: 완사입 | J53: 1월3주 | K53: =IF($J53="","",IFERROR(DATE(IF(VALUE(LEFT($J53,FIND("월",$J53)-1))>=9,기준정보!$C$7-1,기준정보!$C$7),VALUE(LEFT($J53,FIND("월",$J53)-1)),1+7*(VALUE(SUBSTITUTE(MID($J53,FIND("월",$J53)+1,5),"주",""))-1)),"")) | L53: =IF($K53="","",IF(AND($K53-기준정보!$C$5>=기준정보!$C$10,$K53-기준정보!$C$5<=기준정보!$C$11),기준정보!$C$10-1,$K53-기준정보!$C$5)) | M53: =IF($L53="","",IF(OR(ISNUMBER(SEARCH("중국",$W53)),ISNUMBER(SEARCH("베트남",$W53))),MAX(0,MIN($L53,기준정보!$C$9)-MAX($L53-기준정보!$C$6,기준정보!$C$8)+1),IF(ISNUMBER(SEARCH("한국",$W53)),MAX(0,MIN($L53,기준정보!$C$11)-MAX($L53-기준정보!$C$6,기준정보!$C$10)+1),0))) | N53: =IF($L53="","",$L53-기준정보!$C$6-$M53) | O53: =IF($N53="","",$N53-기준정보!$C$4) | Q53: O | R53: =IF(COUNTIF(EDW_RAW!$A$2:$A$1500,$D53)=0,"",IF(COUNTIFS(EDW_RAW!$A$2:$A$1500,$D53,EDW_RAW!$U$2:$U$1500,"<>~",EDW_RAW!$U$2:$U$1500,"<>")=COUNTIF(EDW_RAW!$A$2:$A$1500,$D53),"O",IF(COUNTIFS(EDW_RAW!$A$2:$A$1500,$D53,EDW_RAW!$U$2:$U$1500,"<>~",EDW_RAW!$U$2:$U$1500,"<>")>0,"부분","X"))) | T53: =IF($H53="","",IF(AND(ISNUMBER(SEARCH("CMT",$H53)),OR(ISNUMBER(SEARCH("완사입",$H53)),ISNUMBER(SEARCH("ODM",$H53)))),"본사/생산처 혼재",IF(ISNUMBER(SEARCH("CMT",$H53)),"본사(소재팀)","생산처"))) | U53: 원전 | V53: =IFERROR(TEXTJOIN(" / ",TRUE,UNIQUE(FILTER(소재DB_RAW!$K$3:$K$2000,(소재DB_RAW!$G$3:$G$2000=$D53)*ISERROR(SEARCH("drop",소재DB_RAW!$C$3:$C$2000))))),"") | W53: 인도네시아 | X53: =IFERROR(TEXTJOIN(" / ",TRUE,UNIQUE(FILTER(소재DB_RAW!$N$3:$N$2000,(소재DB_RAW!$G$3:$G$2000=$D53)*ISERROR(SEARCH("drop",소재DB_RAW!$C$3:$C$2000))))),"") | Y53: =IFERROR(TEXTJOIN(CHAR(10),TRUE,UNIQUE(FILTER(소재DB_RAW!$N$3:$N$2000&") "&소재DB_RAW!$O$3:$O$2000,(소재DB_RAW!$G$3:$G$2000=$D53)*ISNUMBER(SEARCH("겉감",소재DB_RAW!$M$3:$M$2000))*ISERROR(SEARCH("drop",소재DB_RAW!$C$3:$C$2000))))),"") | Z53: =IFERROR(TEXTJOIN(CHAR(10),TRUE,UNIQUE(FILTER(소재DB_RAW!$N$3:$N$2000&") "&소재DB_RAW!$O$3:$O$2000,(소재DB_RAW!$G$3:$G$2000=$D53)*ISNUMBER(SEARCH("안감",소재DB_RAW!$M$3:$M$2000))*ISERROR(SEARCH("drop",소재DB_RAW!$C$3:$C$2000))))),"") | AA53: 1200 | AB53: 51517200 | AC53: 264000000 | AE53: =IF($K53="","출고일 미정",IF($Q53="X","작지 미발행",IF($Q53="부분","작지 일부 미발행",IF(AND($S53<>"",$S53>$N53),"소재입고 마감("&TEXT($N53,"MM/DD")&") 초과",IF($Q53="","발행여부 확인 필요",IF($S53="","소재 입고일정 확인 필요","정상")))))) | AF53: =IF($K53="","",IF(OR(LEFT($AE53,2)="작지",LEFT($AE53,4)="소재입고"),IF(LEFT($G53,1)="S","★ 납기위험(S코드)","◆ 지연주의"),IF($AE53="정상","✓ 정상","? 확인필요")))
A54: 50 | B54: 정영준 | C54: 이민선 | D54: TLJJS27501 | E54: 춘절 남성 패딩 헤링턴 재킷 | F54: BLK(BLACK), MUD | G54: =IF($D54="","",IF(MID($D54,5,1)="S","S(봄)",IF(MID($D54,5,1)="M","M(여름)",IF(MID($D54,5,1)="X","X(사계절)",MID($D54,5,1))))) | H54: 완사입 | J54: 1월3주 | K54: =IF($J54="","",IFERROR(DATE(IF(VALUE(LEFT($J54,FIND("월",$J54)-1))>=9,기준정보!$C$7-1,기준정보!$C$7),VALUE(LEFT($J54,FIND("월",$J54)-1)),1+7*(VALUE(SUBSTITUTE(MID($J54,FIND("월",$J54)+1,5),"주",""))-1)),"")) | L54: =IF($K54="","",IF(AND($K54-기준정보!$C$5>=기준정보!$C$10,$K54-기준정보!$C$5<=기준정보!$C$11),기준정보!$C$10-1,$K54-기준정보!$C$5)) | M54: =IF($L54="","",IF(OR(ISNUMBER(SEARCH("중국",$W54)),ISNUMBER(SEARCH("베트남",$W54))),MAX(0,MIN($L54,기준정보!$C$9)-MAX($L54-기준정보!$C$6,기준정보!$C$8)+1),IF(ISNUMBER(SEARCH("한국",$W54)),MAX(0,MIN($L54,기준정보!$C$11)-MAX($L54-기준정보!$C$6,기준정보!$C$10)+1),0))) | N54: =IF($L54="","",$L54-기준정보!$C$6-$M54) | O54: =IF($N54="","",$N54-기준정보!$C$4) | Q54: O | R54: =IF(COUNTIF(EDW_RAW!$A$2:$A$1500,$D54)=0,"",IF(COUNTIFS(EDW_RAW!$A$2:$A$1500,$D54,EDW_RAW!$U$2:$U$1500,"<>~",EDW_RAW!$U$2:$U$1500,"<>")=COUNTIF(EDW_RAW!$A$2:$A$1500,$D54),"O",IF(COUNTIFS(EDW_RAW!$A$2:$A$1500,$D54,EDW_RAW!$U$2:$U$1500,"<>~",EDW_RAW!$U$2:$U$1500,"<>")>0,"부분","X"))) | T54: =IF($H54="","",IF(AND(ISNUMBER(SEARCH("CMT",$H54)),OR(ISNUMBER(SEARCH("완사입",$H54)),ISNUMBER(SEARCH("ODM",$H54)))),"본사/생산처 혼재",IF(ISNUMBER(SEARCH("CMT",$H54)),"본사(소재팀)","생산처"))) | U54: 기도 | V54: =IFERROR(TEXTJOIN(" / ",TRUE,UNIQUE(FILTER(소재DB_RAW!$K$3:$K$2000,(소재DB_RAW!$G$3:$G$2000=$D54)*ISERROR(SEARCH("drop",소재DB_RAW!$C$3:$C$2000))))),"") | W54: 베트남 | X54: =IFERROR(TEXTJOIN(" / ",TRUE,UNIQUE(FILTER(소재DB_RAW!$N$3:$N$2000,(소재DB_RAW!$G$3:$G$2000=$D54)*ISERROR(SEARCH("drop",소재DB_RAW!$C$3:$C$2000))))),"") | Y54: =IFERROR(TEXTJOIN(CHAR(10),TRUE,UNIQUE(FILTER(소재DB_RAW!$N$3:$N$2000&") "&소재DB_RAW!$O$3:$O$2000,(소재DB_RAW!$G$3:$G$2000=$D54)*ISNUMBER(SEARCH("겉감",소재DB_RAW!$M$3:$M$2000))*ISERROR(SEARCH("drop",소재DB_RAW!$C$3:$C$2000))))),"") | Z54: =IFERROR(TEXTJOIN(CHAR(10),TRUE,UNIQUE(FILTER(소재DB_RAW!$N$3:$N$2000&") "&소재DB_RAW!$O$3:$O$2000,(소재DB_RAW!$G$3:$G$2000=$D54)*ISNUMBER(SEARCH("안감",소재DB_RAW!$M$3:$M$2000))*ISERROR(SEARCH("drop",소재DB_RAW!$C$3:$C$2000))))),"") | AA54: 3000 | AB54: 186354000 | AC54: 960000000 | AD54: 1월3주 | AE54: =IF($K54="","출고일 미정",IF($Q54="X","작지 미발행",IF($Q54="부분","작지 일부 미발행",IF(AND($S54<>"",$S54>$N54),"소재입고 마감("&TEXT($N54,"MM/DD")&") 초과",IF($Q54="","발행여부 확인 필요",IF($S54="","소재 입고일정 확인 필요","정상")))))) | AF54: =IF($K54="","",IF(OR(LEFT($AE54,2)="작지",LEFT($AE54,4)="소재입고"),IF(LEFT($G54,1)="S","★ 납기위험(S코드)","◆ 지연주의"),IF($AE54="정상","✓ 정상","? 확인필요")))
A55: 51 | B55: 정영준 | C55: 이민선 | D55: TLJJS27521 | E55: 춘절 남성 3L 후드 방수 재킷 | F55: DGY-3, GRI(GREIGE) | G55: =IF($D55="","",IF(MID($D55,5,1)="S","S(봄)",IF(MID($D55,5,1)="M","M(여름)",IF(MID($D55,5,1)="X","X(사계절)",MID($D55,5,1))))) | H55: 완사입 | J55: 1월3주 | K55: =IF($J55="","",IFERROR(DATE(IF(VALUE(LEFT($J55,FIND("월",$J55)-1))>=9,기준정보!$C$7-1,기준정보!$C$7),VALUE(LEFT($J55,FIND("월",$J55)-1)),1+7*(VALUE(SUBSTITUTE(MID($J55,FIND("월",$J55)+1,5),"주",""))-1)),"")) | L55: =IF($K55="","",IF(AND($K55-기준정보!$C$5>=기준정보!$C$10,$K55-기준정보!$C$5<=기준정보!$C$11),기준정보!$C$10-1,$K55-기준정보!$C$5)) | M55: =IF($L55="","",IF(OR(ISNUMBER(SEARCH("중국",$W55)),ISNUMBER(SEARCH("베트남",$W55))),MAX(0,MIN($L55,기준정보!$C$9)-MAX($L55-기준정보!$C$6,기준정보!$C$8)+1),IF(ISNUMBER(SEARCH("한국",$W55)),MAX(0,MIN($L55,기준정보!$C$11)-MAX($L55-기준정보!$C$6,기준정보!$C$10)+1),0))) | N55: =IF($L55="","",$L55-기준정보!$C$6-$M55) | O55: =IF($N55="","",$N55-기준정보!$C$4) | Q55: O | R55: =IF(COUNTIF(EDW_RAW!$A$2:$A$1500,$D55)=0,"",IF(COUNTIFS(EDW_RAW!$A$2:$A$1500,$D55,EDW_RAW!$U$2:$U$1500,"<>~",EDW_RAW!$U$2:$U$1500,"<>")=COUNTIF(EDW_RAW!$A$2:$A$1500,$D55),"O",IF(COUNTIFS(EDW_RAW!$A$2:$A$1500,$D55,EDW_RAW!$U$2:$U$1500,"<>~",EDW_RAW!$U$2:$U$1500,"<>")>0,"부분","X"))) | T55: =IF($H55="","",IF(AND(ISNUMBER(SEARCH("CMT",$H55)),OR(ISNUMBER(SEARCH("완사입",$H55)),ISNUMBER(SEARCH("ODM",$H55)))),"본사/생산처 혼재",IF(ISNUMBER(SEARCH("CMT",$H55)),"본사(소재팀)","생산처"))) | U55: 기도 | V55: =IFERROR(TEXTJOIN(" / ",TRUE,UNIQUE(FILTER(소재DB_RAW!$K$3:$K$2000,(소재DB_RAW!$G$3:$G$2000=$D55)*ISERROR(SEARCH("drop",소재DB_RAW!$C$3:$C$2000))))),"") | W55: 베트남 | X55: =IFERROR(TEXTJOIN(" / ",TRUE,UNIQUE(FILTER(소재DB_RAW!$N$3:$N$2000,(소재DB_RAW!$G$3:$G$2000=$D55)*ISERROR(SEARCH("drop",소재DB_RAW!$C$3:$C$2000))))),"") | Y55: =IFERROR(TEXTJOIN(CHAR(10),TRUE,UNIQUE(FILTER(소재DB_RAW!$N$3:$N$2000&") "&소재DB_RAW!$O$3:$O$2000,(소재DB_RAW!$G$3:$G$2000=$D55)*ISNUMBER(SEARCH("겉감",소재DB_RAW!$M$3:$M$2000))*ISERROR(SEARCH("drop",소재DB_RAW!$C$3:$C$2000))))),"") | Z55: =IFERROR(TEXTJOIN(CHAR(10),TRUE,UNIQUE(FILTER(소재DB_RAW!$N$3:$N$2000&") "&소재DB_RAW!$O$3:$O$2000,(소재DB_RAW!$G$3:$G$2000=$D55)*ISNUMBER(SEARCH("안감",소재DB_RAW!$M$3:$M$2000))*ISERROR(SEARCH("drop",소재DB_RAW!$C$3:$C$2000))))),"") | AA55: 1700 | AB55: 166685000 | AC55: 663000000 | AD55: 1월3주 | AE55: =IF($K55="","출고일 미정",IF($Q55="X","작지 미발행",IF($Q55="부분","작지 일부 미발행",IF(AND($S55<>"",$S55>$N55),"소재입고 마감("&TEXT($N55,"MM/DD")&") 초과",IF($Q55="","발행여부 확인 필요",IF($S55="","소재 입고일정 확인 필요","정상")))))) | AF55: =IF($K55="","",IF(OR(LEFT($AE55,2)="작지",LEFT($AE55,4)="소재입고"),IF(LEFT($G55,1)="S","★ 납기위험(S코드)","◆ 지연주의"),IF($AE55="정상","✓ 정상","? 확인필요")))
A56: 52 | B56: 정영준 | C56: 서은미 | D56: TLJJS27551 | E56: 춘절 남성 키퍼 스탠드넥 재킷 | F56: MUD, DGY-3 | G56: =IF($D56="","",IF(MID($D56,5,1)="S","S(봄)",IF(MID($D56,5,1)="M","M(여름)",IF(MID($D56,5,1)="X","X(사계절)",MID($D56,5,1))))) | H56: 완사입 | J56: 1월3주 | K56: =IF($J56="","",IFERROR(DATE(IF(VALUE(LEFT($J56,FIND("월",$J56)-1))>=9,기준정보!$C$7-1,기준정보!$C$7),VALUE(LEFT($J56,FIND("월",$J56)-1)),1+7*(VALUE(SUBSTITUTE(MID($J56,FIND("월",$J56)+1,5),"주",""))-1)),"")) | L56: =IF($K56="","",IF(AND($K56-기준정보!$C$5>=기준정보!$C$10,$K56-기준정보!$C$5<=기준정보!$C$11),기준정보!$C$10-1,$K56-기준정보!$C$5)) | M56: =IF($L56="","",IF(OR(ISNUMBER(SEARCH("중국",$W56)),ISNUMBER(SEARCH("베트남",$W56))),MAX(0,MIN($L56,기준정보!$C$9)-MAX($L56-기준정보!$C$6,기준정보!$C$8)+1),IF(ISNUMBER(SEARCH("한국",$W56)),MAX(0,MIN($L56,기준정보!$C$11)-MAX($L56-기준정보!$C$6,기준정보!$C$10)+1),0))) | N56: =IF($L56="","",$L56-기준정보!$C$6-$M56) | O56: =IF($N56="","",$N56-기준정보!$C$4) | Q56: O | R56: =IF(COUNTIF(EDW_RAW!$A$2:$A$1500,$D56)=0,"",IF(COUNTIFS(EDW_RAW!$A$2:$A$1500,$D56,EDW_RAW!$U$2:$U$1500,"<>~",EDW_RAW!$U$2:$U$1500,"<>")=COUNTIF(EDW_RAW!$A$2:$A$1500,$D56),"O",IF(COUNTIFS(EDW_RAW!$A$2:$A$1500,$D56,EDW_RAW!$U$2:$U$1500,"<>~",EDW_RAW!$U$2:$U$1500,"<>")>0,"부분","X"))) | T56: =IF($H56="","",IF(AND(ISNUMBER(SEARCH("CMT",$H56)),OR(ISNUMBER(SEARCH("완사입",$H56)),ISNUMBER(SEARCH("ODM",$H56)))),"본사/생산처 혼재",IF(ISNUMBER(SEARCH("CMT",$H56)),"본사(소재팀)","생산처"))) | U56: 아이블 | V56: =IFERROR(TEXTJOIN(" / ",TRUE,UNIQUE(FILTER(소재DB_RAW!$K$3:$K$2000,(소재DB_RAW!$G$3:$G$2000=$D56)*ISERROR(SEARCH("drop",소재DB_RAW!$C$3:$C$2000))))),"") | W56: 베트남 | X56: =IFERROR(TEXTJOIN(" / ",TRUE,UNIQUE(FILTER(소재DB_RAW!$N$3:$N$2000,(소재DB_RAW!$G$3:$G$2000=$D56)*ISERROR(SEARCH("drop",소재DB_RAW!$C$3:$C$2000))))),"") | Y56: =IFERROR(TEXTJOIN(CHAR(10),TRUE,UNIQUE(FILTER(소재DB_RAW!$N$3:$N$2000&") "&소재DB_RAW!$O$3:$O$2000,(소재DB_RAW!$G$3:$G$2000=$D56)*ISNUMBER(SEARCH("겉감",소재DB_RAW!$M$3:$M$2000))*ISERROR(SEARCH("drop",소재DB_RAW!$C$3:$C$2000))))),"") | Z56: =IFERROR(TEXTJOIN(CHAR(10),TRUE,UNIQUE(FILTER(소재DB_RAW!$N$3:$N$2000&") "&소재DB_RAW!$O$3:$O$2000,(소재DB_RAW!$G$3:$G$2000=$D56)*ISNUMBER(SEARCH("안감",소재DB_RAW!$M$3:$M$2000))*ISERROR(SEARCH("drop",소재DB_RAW!$C$3:$C$2000))))),"") | AA56: 2600 | AB56: 151426800 | AC56: 702000000 | AE56: =IF($K56="","출고일 미정",IF($Q56="X","작지 미발행",IF($Q56="부분","작지 일부 미발행",IF(AND($S56<>"",$S56>$N56),"소재입고 마감("&TEXT($N56,"MM/DD")&") 초과",IF($Q56="","발행여부 확인 필요",IF($S56="","소재 입고일정 확인 필요","정상")))))) | AF56: =IF($K56="","",IF(OR(LEFT($AE56,2)="작지",LEFT($AE56,4)="소재입고"),IF(LEFT($G56,1)="S","★ 납기위험(S코드)","◆ 지연주의"),IF($AE56="정상","✓ 정상","? 확인필요")))
A57: 53 | B57: 문도혁 | C57: 정희영 | D57: TLPNS27411 | E57: 춘절 남성 면 혼방 레귤러핏 테이퍼드 팬츠 | F57: MUD, BLK(BLACK) | G57: =IF($D57="","",IF(MID($D57,5,1)="S","S(봄)",IF(MID($D57,5,1)="M","M(여름)",IF(MID($D57,5,1)="X","X(사계절)",MID($D57,5,1))))) | H57: CMT | I57: s1 | J57: 1월3주 | K57: =IF($J57="","",IFERROR(DATE(IF(VALUE(LEFT($J57,FIND("월",$J57)-1))>=9,기준정보!$C$7-1,기준정보!$C$7),VALUE(LEFT($J57,FIND("월",$J57)-1)),1+7*(VALUE(SUBSTITUTE(MID($J57,FIND("월",$J57)+1,5),"주",""))-1)),"")) | L57: =IF($K57="","",IF(AND($K57-기준정보!$C$5>=기준정보!$C$10,$K57-기준정보!$C$5<=기준정보!$C$11),기준정보!$C$10-1,$K57-기준정보!$C$5)) | M57: =IF($L57="","",IF(OR(ISNUMBER(SEARCH("중국",$W57)),ISNUMBER(SEARCH("베트남",$W57))),MAX(0,MIN($L57,기준정보!$C$9)-MAX($L57-기준정보!$C$6,기준정보!$C$8)+1),IF(ISNUMBER(SEARCH("한국",$W57)),MAX(0,MIN($L57,기준정보!$C$11)-MAX($L57-기준정보!$C$6,기준정보!$C$10)+1),0))) | N57: =IF($L57="","",$L57-기준정보!$C$6-$M57) | O57: =IF($N57="","",$N57-기준정보!$C$4) | Q57: O | R57: =IF(COUNTIF(EDW_RAW!$A$2:$A$1500,$D57)=0,"",IF(COUNTIFS(EDW_RAW!$A$2:$A$1500,$D57,EDW_RAW!$U$2:$U$1500,"<>~",EDW_RAW!$U$2:$U$1500,"<>")=COUNTIF(EDW_RAW!$A$2:$A$1500,$D57),"O",IF(COUNTIFS(EDW_RAW!$A$2:$A$1500,$D57,EDW_RAW!$U$2:$U$1500,"<>~",EDW_RAW!$U$2:$U$1500,"<>")>0,"부분","X"))) | T57: =IF($H57="","",IF(AND(ISNUMBER(SEARCH("CMT",$H57)),OR(ISNUMBER(SEARCH("완사입",$H57)),ISNUMBER(SEARCH("ODM",$H57)))),"본사/생산처 혼재",IF(ISNUMBER(SEARCH("CMT",$H57)),"본사(소재팀)","생산처"))) | U57: 거림 | V57: =IFERROR(TEXTJOIN(" / ",TRUE,UNIQUE(FILTER(소재DB_RAW!$K$3:$K$2000,(소재DB_RAW!$G$3:$G$2000=$D57)*ISERROR(SEARCH("drop",소재DB_RAW!$C$3:$C$2000))))),"") | W57: 베트남 | X57: =IFERROR(TEXTJOIN(" / ",TRUE,UNIQUE(FILTER(소재DB_RAW!$N$3:$N$2000,(소재DB_RAW!$G$3:$G$2000=$D57)*ISERROR(SEARCH("drop",소재DB_RAW!$C$3:$C$2000))))),"") | Y57: =IFERROR(TEXTJOIN(CHAR(10),TRUE,UNIQUE(FILTER(소재DB_RAW!$N$3:$N$2000&") "&소재DB_RAW!$O$3:$O$2000,(소재DB_RAW!$G$3:$G$2000=$D57)*ISNUMBER(SEARCH("겉감",소재DB_RAW!$M$3:$M$2000))*ISERROR(SEARCH("drop",소재DB_RAW!$C$3:$C$2000))))),"") | Z57: =IFERROR(TEXTJOIN(CHAR(10),TRUE,UNIQUE(FILTER(소재DB_RAW!$N$3:$N$2000&") "&소재DB_RAW!$O$3:$O$2000,(소재DB_RAW!$G$3:$G$2000=$D57)*ISNUMBER(SEARCH("안감",소재DB_RAW!$M$3:$M$2000))*ISERROR(SEARCH("drop",소재DB_RAW!$C$3:$C$2000))))),"") | AA57: 2500 | AB57: 104250000 | AC57: 495000000 | AE57: =IF($K57="","출고일 미정",IF($Q57="X","작지 미발행",IF($Q57="부분","작지 일부 미발행",IF(AND($S57<>"",$S57>$N57),"소재입고 마감("&TEXT($N57,"MM/DD")&") 초과",IF($Q57="","발행여부 확인 필요",IF($S57="","소재 입고일정 확인 필요","정상")))))) | AF57: =IF($K57="","",IF(OR(LEFT($AE57,2)="작지",LEFT($AE57,4)="소재입고"),IF(LEFT($G57,1)="S","★ 납기위험(S코드)","◆ 지연주의"),IF($AE57="정상","✓ 정상","? 확인필요")))
A58: 54 | B58: 문도혁 | C58: 정희영 | D58: TLPNS27531 | E58: 춘절 남성 소프트필 저지 팬츠 (SET-UP) | F58: DGY(D/GRAY), LLA | G58: =IF($D58="","",IF(MID($D58,5,1)="S","S(봄)",IF(MID($D58,5,1)="M","M(여름)",IF(MID($D58,5,1)="X","X(사계절)",MID($D58,5,1))))) | H58: CMT | I58: s1 | J58: 1월3주 | K58: =IF($J58="","",IFERROR(DATE(IF(VALUE(LEFT($J58,FIND("월",$J58)-1))>=9,기준정보!$C$7-1,기준정보!$C$7),VALUE(LEFT($J58,FIND("월",$J58)-1)),1+7*(VALUE(SUBSTITUTE(MID($J58,FIND("월",$J58)+1,5),"주",""))-1)),"")) | L58: =IF($K58="","",IF(AND($K58-기준정보!$C$5>=기준정보!$C$10,$K58-기준정보!$C$5<=기준정보!$C$11),기준정보!$C$10-1,$K58-기준정보!$C$5)) | M58: =IF($L58="","",IF(OR(ISNUMBER(SEARCH("중국",$W58)),ISNUMBER(SEARCH("베트남",$W58))),MAX(0,MIN($L58,기준정보!$C$9)-MAX($L58-기준정보!$C$6,기준정보!$C$8)+1),IF(ISNUMBER(SEARCH("한국",$W58)),MAX(0,MIN($L58,기준정보!$C$11)-MAX($L58-기준정보!$C$6,기준정보!$C$10)+1),0))) | N58: =IF($L58="","",$L58-기준정보!$C$6-$M58) | O58: =IF($N58="","",$N58-기준정보!$C$4) | Q58: O | R58: =IF(COUNTIF(EDW_RAW!$A$2:$A$1500,$D58)=0,"",IF(COUNTIFS(EDW_RAW!$A$2:$A$1500,$D58,EDW_RAW!$U$2:$U$1500,"<>~",EDW_RAW!$U$2:$U$1500,"<>")=COUNTIF(EDW_RAW!$A$2:$A$1500,$D58),"O",IF(COUNTIFS(EDW_RAW!$A$2:$A$1500,$D58,EDW_RAW!$U$2:$U$1500,"<>~",EDW_RAW!$U$2:$U$1500,"<>")>0,"부분","X"))) | T58: =IF($H58="","",IF(AND(ISNUMBER(SEARCH("CMT",$H58)),OR(ISNUMBER(SEARCH("완사입",$H58)),ISNUMBER(SEARCH("ODM",$H58)))),"본사/생산처 혼재",IF(ISNUMBER(SEARCH("CMT",$H58)),"본사(소재팀)","생산처"))) | U58: IKG | V58: =IFERROR(TEXTJOIN(" / ",TRUE,UNIQUE(FILTER(소재DB_RAW!$K$3:$K$2000,(소재DB_RAW!$G$3:$G$2000=$D58)*ISERROR(SEARCH("drop",소재DB_RAW!$C$3:$C$2000))))),"") | W58: 베트남 | X58: =IFERROR(TEXTJOIN(" / ",TRUE,UNIQUE(FILTER(소재DB_RAW!$N$3:$N$2000,(소재DB_RAW!$G$3:$G$2000=$D58)*ISERROR(SEARCH("drop",소재DB_RAW!$C$3:$C$2000))))),"") | Y58: =IFERROR(TEXTJOIN(CHAR(10),TRUE,UNIQUE(FILTER(소재DB_RAW!$N$3:$N$2000&") "&소재DB_RAW!$O$3:$O$2000,(소재DB_RAW!$G$3:$G$2000=$D58)*ISNUMBER(SEARCH("겉감",소재DB_RAW!$M$3:$M$2000))*ISERROR(SEARCH("drop",소재DB_RAW!$C$3:$C$2000))))),"") | Z58: =IFERROR(TEXTJOIN(CHAR(10),TRUE,UNIQUE(FILTER(소재DB_RAW!$N$3:$N$2000&") "&소재DB_RAW!$O$3:$O$2000,(소재DB_RAW!$G$3:$G$2000=$D58)*ISNUMBER(SEARCH("안감",소재DB_RAW!$M$3:$M$2000))*ISERROR(SEARCH("drop",소재DB_RAW!$C$3:$C$2000))))),"") | AA58: 1400 | AB58: 54159000 | AC58: 277200000 | AE58: =IF($K58="","출고일 미정",IF($Q58="X","작지 미발행",IF($Q58="부분","작지 일부 미발행",IF(AND($S58<>"",$S58>$N58),"소재입고 마감("&TEXT($N58,"MM/DD")&") 초과",IF($Q58="","발행여부 확인 필요",IF($S58="","소재 입고일정 확인 필요","정상")))))) | AF58: =IF($K58="","",IF(OR(LEFT($AE58,2)="작지",LEFT($AE58,4)="소재입고"),IF(LEFT($G58,1)="S","★ 납기위험(S코드)","◆ 지연주의"),IF($AE58="정상","✓ 정상","? 확인필요")))
A59: 55 | B59: 문도혁 | C59: 이민선 | D59: TVJJS27502 | E59: 춘절 여성 논퀼팅 인슐레이션 재킷 | F59: MUD, BLK(BLACK) | G59: =IF($D59="","",IF(MID($D59,5,1)="S","S(봄)",IF(MID($D59,5,1)="M","M(여름)",IF(MID($D59,5,1)="X","X(사계절)",MID($D59,5,1))))) | H59: 완사입 | I59: s1 | J59: 1월3주 | K59: =IF($J59="","",IFERROR(DATE(IF(VALUE(LEFT($J59,FIND("월",$J59)-1))>=9,기준정보!$C$7-1,기준정보!$C$7),VALUE(LEFT($J59,FIND("월",$J59)-1)),1+7*(VALUE(SUBSTITUTE(MID($J59,FIND("월",$J59)+1,5),"주",""))-1)),"")) | L59: =IF($K59="","",IF(AND($K59-기준정보!$C$5>=기준정보!$C$10,$K59-기준정보!$C$5<=기준정보!$C$11),기준정보!$C$10-1,$K59-기준정보!$C$5)) | M59: =IF($L59="","",IF(OR(ISNUMBER(SEARCH("중국",$W59)),ISNUMBER(SEARCH("베트남",$W59))),MAX(0,MIN($L59,기준정보!$C$9)-MAX($L59-기준정보!$C$6,기준정보!$C$8)+1),IF(ISNUMBER(SEARCH("한국",$W59)),MAX(0,MIN($L59,기준정보!$C$11)-MAX($L59-기준정보!$C$6,기준정보!$C$10)+1),0))) | N59: =IF($L59="","",$L59-기준정보!$C$6-$M59) | O59: =IF($N59="","",$N59-기준정보!$C$4) | Q59: O | R59: =IF(COUNTIF(EDW_RAW!$A$2:$A$1500,$D59)=0,"",IF(COUNTIFS(EDW_RAW!$A$2:$A$1500,$D59,EDW_RAW!$U$2:$U$1500,"<>~",EDW_RAW!$U$2:$U$1500,"<>")=COUNTIF(EDW_RAW!$A$2:$A$1500,$D59),"O",IF(COUNTIFS(EDW_RAW!$A$2:$A$1500,$D59,EDW_RAW!$U$2:$U$1500,"<>~",EDW_RAW!$U$2:$U$1500,"<>")>0,"부분","X"))) | T59: =IF($H59="","",IF(AND(ISNUMBER(SEARCH("CMT",$H59)),OR(ISNUMBER(SEARCH("완사입",$H59)),ISNUMBER(SEARCH("ODM",$H59)))),"본사/생산처 혼재",IF(ISNUMBER(SEARCH("CMT",$H59)),"본사(소재팀)","생산처"))) | U59: 아이블 | V59: =IFERROR(TEXTJOIN(" / ",TRUE,UNIQUE(FILTER(소재DB_RAW!$K$3:$K$2000,(소재DB_RAW!$G$3:$G$2000=$D59)*ISERROR(SEARCH("drop",소재DB_RAW!$C$3:$C$2000))))),"") | W59: 베트남 | X59: =IFERROR(TEXTJOIN(" / ",TRUE,UNIQUE(FILTER(소재DB_RAW!$N$3:$N$2000,(소재DB_RAW!$G$3:$G$2000=$D59)*ISERROR(SEARCH("drop",소재DB_RAW!$C$3:$C$2000))))),"") | Y59: =IFERROR(TEXTJOIN(CHAR(10),TRUE,UNIQUE(FILTER(소재DB_RAW!$N$3:$N$2000&") "&소재DB_RAW!$O$3:$O$2000,(소재DB_RAW!$G$3:$G$2000=$D59)*ISNUMBER(SEARCH("겉감",소재DB_RAW!$M$3:$M$2000))*ISERROR(SEARCH("drop",소재DB_RAW!$C$3:$C$2000))))),"") | Z59: =IFERROR(TEXTJOIN(CHAR(10),TRUE,UNIQUE(FILTER(소재DB_RAW!$N$3:$N$2000&") "&소재DB_RAW!$O$3:$O$2000,(소재DB_RAW!$G$3:$G$2000=$D59)*ISNUMBER(SEARCH("안감",소재DB_RAW!$M$3:$M$2000))*ISERROR(SEARCH("drop",소재DB_RAW!$C$3:$C$2000))))),"") | AA59: 2200 | AB59: 160008200 | AC59: 704000000 | AE59: =IF($K59="","출고일 미정",IF($Q59="X","작지 미발행",IF($Q59="부분","작지 일부 미발행",IF(AND($S59<>"",$S59>$N59),"소재입고 마감("&TEXT($N59,"MM/DD")&") 초과",IF($Q59="","발행여부 확인 필요",IF($S59="","소재 입고일정 확인 필요","정상")))))) | AF59: =IF($K59="","",IF(OR(LEFT($AE59,2)="작지",LEFT($AE59,4)="소재입고"),IF(LEFT($G59,1)="S","★ 납기위험(S코드)","◆ 지연주의"),IF($AE59="정상","✓ 정상","? 확인필요")))
A60: 56 | B60: 박지인 | C60: 이민선 | D60: TVJJS27512 | E60: 춘절 여성 중기장 방풍 재킷 | F60: WBE, CIN(CINDER) | G60: =IF($D60="","",IF(MID($D60,5,1)="S","S(봄)",IF(MID($D60,5,1)="M","M(여름)",IF(MID($D60,5,1)="X","X(사계절)",MID($D60,5,1))))) | H60: 완사입 | J60: 1월3주 | K60: =IF($J60="","",IFERROR(DATE(IF(VALUE(LEFT($J60,FIND("월",$J60)-1))>=9,기준정보!$C$7-1,기준정보!$C$7),VALUE(LEFT($J60,FIND("월",$J60)-1)),1+7*(VALUE(SUBSTITUTE(MID($J60,FIND("월",$J60)+1,5),"주",""))-1)),"")) | L60: =IF($K60="","",IF(AND($K60-기준정보!$C$5>=기준정보!$C$10,$K60-기준정보!$C$5<=기준정보!$C$11),기준정보!$C$10-1,$K60-기준정보!$C$5)) | M60: =IF($L60="","",IF(OR(ISNUMBER(SEARCH("중국",$W60)),ISNUMBER(SEARCH("베트남",$W60))),MAX(0,MIN($L60,기준정보!$C$9)-MAX($L60-기준정보!$C$6,기준정보!$C$8)+1),IF(ISNUMBER(SEARCH("한국",$W60)),MAX(0,MIN($L60,기준정보!$C$11)-MAX($L60-기준정보!$C$6,기준정보!$C$10)+1),0))) | N60: =IF($L60="","",$L60-기준정보!$C$6-$M60) | O60: =IF($N60="","",$N60-기준정보!$C$4) | Q60: O | R60: =IF(COUNTIF(EDW_RAW!$A$2:$A$1500,$D60)=0,"",IF(COUNTIFS(EDW_RAW!$A$2:$A$1500,$D60,EDW_RAW!$U$2:$U$1500,"<>~",EDW_RAW!$U$2:$U$1500,"<>")=COUNTIF(EDW_RAW!$A$2:$A$1500,$D60),"O",IF(COUNTIFS(EDW_RAW!$A$2:$A$1500,$D60,EDW_RAW!$U$2:$U$1500,"<>~",EDW_RAW!$U$2:$U$1500,"<>")>0,"부분","X"))) | T60: =IF($H60="","",IF(AND(ISNUMBER(SEARCH("CMT",$H60)),OR(ISNUMBER(SEARCH("완사입",$H60)),ISNUMBER(SEARCH("ODM",$H60)))),"본사/생산처 혼재",IF(ISNUMBER(SEARCH("CMT",$H60)),"본사(소재팀)","생산처"))) | U60: 아이블 | V60: =IFERROR(TEXTJOIN(" / ",TRUE,UNIQUE(FILTER(소재DB_RAW!$K$3:$K$2000,(소재DB_RAW!$G$3:$G$2000=$D60)*ISERROR(SEARCH("drop",소재DB_RAW!$C$3:$C$2000))))),"") | X60: =IFERROR(TEXTJOIN(" / ",TRUE,UNIQUE(FILTER(소재DB_RAW!$N$3:$N$2000,(소재DB_RAW!$G$3:$G$2000=$D60)*ISERROR(SEARCH("drop",소재DB_RAW!$C$3:$C$2000))))),"") | Y60: =IFERROR(TEXTJOIN(CHAR(10),TRUE,UNIQUE(FILTER(소재DB_RAW!$N$3:$N$2000&") "&소재DB_RAW!$O$3:$O$2000,(소재DB_RAW!$G$3:$G$2000=$D60)*ISNUMBER(SEARCH("겉감",소재DB_RAW!$M$3:$M$2000))*ISERROR(SEARCH("drop",소재DB_RAW!$C$3:$C$2000))))),"") | Z60: =IFERROR(TEXTJOIN(CHAR(10),TRUE,UNIQUE(FILTER(소재DB_RAW!$N$3:$N$2000&") "&소재DB_RAW!$O$3:$O$2000,(소재DB_RAW!$G$3:$G$2000=$D60)*ISNUMBER(SEARCH("안감",소재DB_RAW!$M$3:$M$2000))*ISERROR(SEARCH("drop",소재DB_RAW!$C$3:$C$2000))))),"") | AA60: 3000 | AB60: 165927000 | AC60: 810000000 | AD60: 1월3주 | AE60: =IF($K60="","출고일 미정",IF($Q60="X","작지 미발행",IF($Q60="부분","작지 일부 미발행",IF(AND($S60<>"",$S60>$N60),"소재입고 마감("&TEXT($N60,"MM/DD")&") 초과",IF($Q60="","발행여부 확인 필요",IF($S60="","소재 입고일정 확인 필요","정상")))))) | AF60: =IF($K60="","",IF(OR(LEFT($AE60,2)="작지",LEFT($AE60,4)="소재입고"),IF(LEFT($G60,1)="S","★ 납기위험(S코드)","◆ 지연주의"),IF($AE60="정상","✓ 정상","? 확인필요")))
A61: 57 | B61: 문도혁 | C61: 이민선 | D61: TVJJS27522 | E61: 춘절 여성 웨더 중기장 재킷 | F61: GRI(GREIGE), GMI(G/MINT) | G61: =IF($D61="","",IF(MID($D61,5,1)="S","S(봄)",IF(MID($D61,5,1)="M","M(여름)",IF(MID($D61,5,1)="X","X(사계절)",MID($D61,5,1))))) | H61: 완사입 | I61: s1 | J61: 1월3주 | K61: =IF($J61="","",IFERROR(DATE(IF(VALUE(LEFT($J61,FIND("월",$J61)-1))>=9,기준정보!$C$7-1,기준정보!$C$7),VALUE(LEFT($J61,FIND("월",$J61)-1)),1+7*(VALUE(SUBSTITUTE(MID($J61,FIND("월",$J61)+1,5),"주",""))-1)),"")) | L61: =IF($K61="","",IF(AND($K61-기준정보!$C$5>=기준정보!$C$10,$K61-기준정보!$C$5<=기준정보!$C$11),기준정보!$C$10-1,$K61-기준정보!$C$5)) | M61: =IF($L61="","",IF(OR(ISNUMBER(SEARCH("중국",$W61)),ISNUMBER(SEARCH("베트남",$W61))),MAX(0,MIN($L61,기준정보!$C$9)-MAX($L61-기준정보!$C$6,기준정보!$C$8)+1),IF(ISNUMBER(SEARCH("한국",$W61)),MAX(0,MIN($L61,기준정보!$C$11)-MAX($L61-기준정보!$C$6,기준정보!$C$10)+1),0))) | N61: =IF($L61="","",$L61-기준정보!$C$6-$M61) | O61: =IF($N61="","",$N61-기준정보!$C$4) | Q61: O | R61: =IF(COUNTIF(EDW_RAW!$A$2:$A$1500,$D61)=0,"",IF(COUNTIFS(EDW_RAW!$A$2:$A$1500,$D61,EDW_RAW!$U$2:$U$1500,"<>~",EDW_RAW!$U$2:$U$1500,"<>")=COUNTIF(EDW_RAW!$A$2:$A$1500,$D61),"O",IF(COUNTIFS(EDW_RAW!$A$2:$A$1500,$D61,EDW_RAW!$U$2:$U$1500,"<>~",EDW_RAW!$U$2:$U$1500,"<>")>0,"부분","X"))) | T61: =IF($H61="","",IF(AND(ISNUMBER(SEARCH("CMT",$H61)),OR(ISNUMBER(SEARCH("완사입",$H61)),ISNUMBER(SEARCH("ODM",$H61)))),"본사/생산처 혼재",IF(ISNUMBER(SEARCH("CMT",$H61)),"본사(소재팀)","생산처"))) | U61: 포마트 | V61: =IFERROR(TEXTJOIN(" / ",TRUE,UNIQUE(FILTER(소재DB_RAW!$K$3:$K$2000,(소재DB_RAW!$G$3:$G$2000=$D61)*ISERROR(SEARCH("drop",소재DB_RAW!$C$3:$C$2000))))),"") | W61: 베트남 | X61: =IFERROR(TEXTJOIN(" / ",TRUE,UNIQUE(FILTER(소재DB_RAW!$N$3:$N$2000,(소재DB_RAW!$G$3:$G$2000=$D61)*ISERROR(SEARCH("drop",소재DB_RAW!$C$3:$C$2000))))),"") | Y61: =IFERROR(TEXTJOIN(CHAR(10),TRUE,UNIQUE(FILTER(소재DB_RAW!$N$3:$N$2000&") "&소재DB_RAW!$O$3:$O$2000,(소재DB_RAW!$G$3:$G$2000=$D61)*ISNUMBER(SEARCH("겉감",소재DB_RAW!$M$3:$M$2000))*ISERROR(SEARCH("drop",소재DB_RAW!$C$3:$C$2000))))),"") | Z61: =IFERROR(TEXTJOIN(CHAR(10),TRUE,UNIQUE(FILTER(소재DB_RAW!$N$3:$N$2000&") "&소재DB_RAW!$O$3:$O$2000,(소재DB_RAW!$G$3:$G$2000=$D61)*ISNUMBER(SEARCH("안감",소재DB_RAW!$M$3:$M$2000))*ISERROR(SEARCH("drop",소재DB_RAW!$C$3:$C$2000))))),"") | AA61: 2500 | AB61: 239177500 | AC61: 975000000 | AE61: =IF($K61="","출고일 미정",IF($Q61="X","작지 미발행",IF($Q61="부분","작지 일부 미발행",IF(AND($S61<>"",$S61>$N61),"소재입고 마감("&TEXT($N61,"MM/DD")&") 초과",IF($Q61="","발행여부 확인 필요",IF($S61="","소재 입고일정 확인 필요","정상")))))) | AF61: =IF($K61="","",IF(OR(LEFT($AE61,2)="작지",LEFT($AE61,4)="소재입고"),IF(LEFT($G61,1)="S","★ 납기위험(S코드)","◆ 지연주의"),IF($AE61="정상","✓ 정상","? 확인필요")))
A62: 58 | B62: 문도혁 | C62: 이민선 | D62: TVJJS27532 | E62: 춘절 여성 3L 후디드 방수 재킷 | F62: CRE(CREAM), DGY(D/GRAY) | G62: =IF($D62="","",IF(MID($D62,5,1)="S","S(봄)",IF(MID($D62,5,1)="M","M(여름)",IF(MID($D62,5,1)="X","X(사계절)",MID($D62,5,1))))) | H62: 완사입 | I62: S1 | J62: 1월3주 | K62: =IF($J62="","",IFERROR(DATE(IF(VALUE(LEFT($J62,FIND("월",$J62)-1))>=9,기준정보!$C$7-1,기준정보!$C$7),VALUE(LEFT($J62,FIND("월",$J62)-1)),1+7*(VALUE(SUBSTITUTE(MID($J62,FIND("월",$J62)+1,5),"주",""))-1)),"")) | L62: =IF($K62="","",IF(AND($K62-기준정보!$C$5>=기준정보!$C$10,$K62-기준정보!$C$5<=기준정보!$C$11),기준정보!$C$10-1,$K62-기준정보!$C$5)) | M62: =IF($L62="","",IF(OR(ISNUMBER(SEARCH("중국",$W62)),ISNUMBER(SEARCH("베트남",$W62))),MAX(0,MIN($L62,기준정보!$C$9)-MAX($L62-기준정보!$C$6,기준정보!$C$8)+1),IF(ISNUMBER(SEARCH("한국",$W62)),MAX(0,MIN($L62,기준정보!$C$11)-MAX($L62-기준정보!$C$6,기준정보!$C$10)+1),0))) | N62: =IF($L62="","",$L62-기준정보!$C$6-$M62) | O62: =IF($N62="","",$N62-기준정보!$C$4) | Q62: O | R62: =IF(COUNTIF(EDW_RAW!$A$2:$A$1500,$D62)=0,"",IF(COUNTIFS(EDW_RAW!$A$2:$A$1500,$D62,EDW_RAW!$U$2:$U$1500,"<>~",EDW_RAW!$U$2:$U$1500,"<>")=COUNTIF(EDW_RAW!$A$2:$A$1500,$D62),"O",IF(COUNTIFS(EDW_RAW!$A$2:$A$1500,$D62,EDW_RAW!$U$2:$U$1500,"<>~",EDW_RAW!$U$2:$U$1500,"<>")>0,"부분","X"))) | T62: =IF($H62="","",IF(AND(ISNUMBER(SEARCH("CMT",$H62)),OR(ISNUMBER(SEARCH("완사입",$H62)),ISNUMBER(SEARCH("ODM",$H62)))),"본사/생산처 혼재",IF(ISNUMBER(SEARCH("CMT",$H62)),"본사(소재팀)","생산처"))) | U62: 기도 | V62: =IFERROR(TEXTJOIN(" / ",TRUE,UNIQUE(FILTER(소재DB_RAW!$K$3:$K$2000,(소재DB_RAW!$G$3:$G$2000=$D62)*ISERROR(SEARCH("drop",소재DB_RAW!$C$3:$C$2000))))),"") | W62: 베트남 | X62: =IFERROR(TEXTJOIN(" / ",TRUE,UNIQUE(FILTER(소재DB_RAW!$N$3:$N$2000,(소재DB_RAW!$G$3:$G$2000=$D62)*ISERROR(SEARCH("drop",소재DB_RAW!$C$3:$C$2000))))),"") | Y62: =IFERROR(TEXTJOIN(CHAR(10),TRUE,UNIQUE(FILTER(소재DB_RAW!$N$3:$N$2000&") "&소재DB_RAW!$O$3:$O$2000,(소재DB_RAW!$G$3:$G$2000=$D62)*ISNUMBER(SEARCH("겉감",소재DB_RAW!$M$3:$M$2000))*ISERROR(SEARCH("drop",소재DB_RAW!$C$3:$C$2000))))),"") | Z62: =IFERROR(TEXTJOIN(CHAR(10),TRUE,UNIQUE(FILTER(소재DB_RAW!$N$3:$N$2000&") "&소재DB_RAW!$O$3:$O$2000,(소재DB_RAW!$G$3:$G$2000=$D62)*ISNUMBER(SEARCH("안감",소재DB_RAW!$M$3:$M$2000))*ISERROR(SEARCH("drop",소재DB_RAW!$C$3:$C$2000))))),"") | AA62: 1800 | AB62: 160255800 | AC62: 702000000 | AE62: =IF($K62="","출고일 미정",IF($Q62="X","작지 미발행",IF($Q62="부분","작지 일부 미발행",IF(AND($S62<>"",$S62>$N62),"소재입고 마감("&TEXT($N62,"MM/DD")&") 초과",IF($Q62="","발행여부 확인 필요",IF($S62="","소재 입고일정 확인 필요","정상")))))) | AF62: =IF($K62="","",IF(OR(LEFT($AE62,2)="작지",LEFT($AE62,4)="소재입고"),IF(LEFT($G62,1)="S","★ 납기위험(S코드)","◆ 지연주의"),IF($AE62="정상","✓ 정상","? 확인필요")))
A63: 59 | B63: 문도혁 | C63: 이민선 | D63: TVJJS27552 | E63: 춘절 여성 키퍼 중기장 벨티드 재킷 | F63: GRI(GREIGE), DGY(D/GRAY) | G63: =IF($D63="","",IF(MID($D63,5,1)="S","S(봄)",IF(MID($D63,5,1)="M","M(여름)",IF(MID($D63,5,1)="X","X(사계절)",MID($D63,5,1))))) | H63: 완사입 | I63: S1 | J63: 1월3주 | K63: =IF($J63="","",IFERROR(DATE(IF(VALUE(LEFT($J63,FIND("월",$J63)-1))>=9,기준정보!$C$7-1,기준정보!$C$7),VALUE(LEFT($J63,FIND("월",$J63)-1)),1+7*(VALUE(SUBSTITUTE(MID($J63,FIND("월",$J63)+1,5),"주",""))-1)),"")) | L63: =IF($K63="","",IF(AND($K63-기준정보!$C$5>=기준정보!$C$10,$K63-기준정보!$C$5<=기준정보!$C$11),기준정보!$C$10-1,$K63-기준정보!$C$5)) | M63: =IF($L63="","",IF(OR(ISNUMBER(SEARCH("중국",$W63)),ISNUMBER(SEARCH("베트남",$W63))),MAX(0,MIN($L63,기준정보!$C$9)-MAX($L63-기준정보!$C$6,기준정보!$C$8)+1),IF(ISNUMBER(SEARCH("한국",$W63)),MAX(0,MIN($L63,기준정보!$C$11)-MAX($L63-기준정보!$C$6,기준정보!$C$10)+1),0))) | N63: =IF($L63="","",$L63-기준정보!$C$6-$M63) | O63: =IF($N63="","",$N63-기준정보!$C$4) | Q63: O | R63: =IF(COUNTIF(EDW_RAW!$A$2:$A$1500,$D63)=0,"",IF(COUNTIFS(EDW_RAW!$A$2:$A$1500,$D63,EDW_RAW!$U$2:$U$1500,"<>~",EDW_RAW!$U$2:$U$1500,"<>")=COUNTIF(EDW_RAW!$A$2:$A$1500,$D63),"O",IF(COUNTIFS(EDW_RAW!$A$2:$A$1500,$D63,EDW_RAW!$U$2:$U$1500,"<>~",EDW_RAW!$U$2:$U$1500,"<>")>0,"부분","X"))) | T63: =IF($H63="","",IF(AND(ISNUMBER(SEARCH("CMT",$H63)),OR(ISNUMBER(SEARCH("완사입",$H63)),ISNUMBER(SEARCH("ODM",$H63)))),"본사/생산처 혼재",IF(ISNUMBER(SEARCH("CMT",$H63)),"본사(소재팀)","생산처"))) | U63: 아이블 | V63: =IFERROR(TEXTJOIN(" / ",TRUE,UNIQUE(FILTER(소재DB_RAW!$K$3:$K$2000,(소재DB_RAW!$G$3:$G$2000=$D63)*ISERROR(SEARCH("drop",소재DB_RAW!$C$3:$C$2000))))),"") | W63: 베트남 | X63: =IFERROR(TEXTJOIN(" / ",TRUE,UNIQUE(FILTER(소재DB_RAW!$N$3:$N$2000,(소재DB_RAW!$G$3:$G$2000=$D63)*ISERROR(SEARCH("drop",소재DB_RAW!$C$3:$C$2000))))),"") | Y63: =IFERROR(TEXTJOIN(CHAR(10),TRUE,UNIQUE(FILTER(소재DB_RAW!$N$3:$N$2000&") "&소재DB_RAW!$O$3:$O$2000,(소재DB_RAW!$G$3:$G$2000=$D63)*ISNUMBER(SEARCH("겉감",소재DB_RAW!$M$3:$M$2000))*ISERROR(SEARCH("drop",소재DB_RAW!$C$3:$C$2000))))),"") | Z63: =IFERROR(TEXTJOIN(CHAR(10),TRUE,UNIQUE(FILTER(소재DB_RAW!$N$3:$N$2000&") "&소재DB_RAW!$O$3:$O$2000,(소재DB_RAW!$G$3:$G$2000=$D63)*ISNUMBER(SEARCH("안감",소재DB_RAW!$M$3:$M$2000))*ISERROR(SEARCH("drop",소재DB_RAW!$C$3:$C$2000))))),"") | AA63: 4000 | AB63: 223356000 | AC63: 1160000000 | AE63: =IF($K63="","출고일 미정",IF($Q63="X","작지 미발행",IF($Q63="부분","작지 일부 미발행",IF(AND($S63<>"",$S63>$N63),"소재입고 마감("&TEXT($N63,"MM/DD")&") 초과",IF($Q63="","발행여부 확인 필요",IF($S63="","소재 입고일정 확인 필요","정상")))))) | AF63: =IF($K63="","",IF(OR(LEFT($AE63,2)="작지",LEFT($AE63,4)="소재입고"),IF(LEFT($G63,1)="S","★ 납기위험(S코드)","◆ 지연주의"),IF($AE63="정상","✓ 정상","? 확인필요")))
A64: 60 | B64: 문도혁 | C64: 이민선 | D64: TVJJS27562 | E64: 춘절 여성 키퍼 넥리스 재킷 | F64: CRE(CREAM), GMI(G/MINT) | G64: =IF($D64="","",IF(MID($D64,5,1)="S","S(봄)",IF(MID($D64,5,1)="M","M(여름)",IF(MID($D64,5,1)="X","X(사계절)",MID($D64,5,1))))) | H64: 완사입 | I64: S1 | J64: 1월3주 | K64: =IF($J64="","",IFERROR(DATE(IF(VALUE(LEFT($J64,FIND("월",$J64)-1))>=9,기준정보!$C$7-1,기준정보!$C$7),VALUE(LEFT($J64,FIND("월",$J64)-1)),1+7*(VALUE(SUBSTITUTE(MID($J64,FIND("월",$J64)+1,5),"주",""))-1)),"")) | L64: =IF($K64="","",IF(AND($K64-기준정보!$C$5>=기준정보!$C$10,$K64-기준정보!$C$5<=기준정보!$C$11),기준정보!$C$10-1,$K64-기준정보!$C$5)) | M64: =IF($L64="","",IF(OR(ISNUMBER(SEARCH("중국",$W64)),ISNUMBER(SEARCH("베트남",$W64))),MAX(0,MIN($L64,기준정보!$C$9)-MAX($L64-기준정보!$C$6,기준정보!$C$8)+1),IF(ISNUMBER(SEARCH("한국",$W64)),MAX(0,MIN($L64,기준정보!$C$11)-MAX($L64-기준정보!$C$6,기준정보!$C$10)+1),0))) | N64: =IF($L64="","",$L64-기준정보!$C$6-$M64) | O64: =IF($N64="","",$N64-기준정보!$C$4) | Q64: O | R64: =IF(COUNTIF(EDW_RAW!$A$2:$A$1500,$D64)=0,"",IF(COUNTIFS(EDW_RAW!$A$2:$A$1500,$D64,EDW_RAW!$U$2:$U$1500,"<>~",EDW_RAW!$U$2:$U$1500,"<>")=COUNTIF(EDW_RAW!$A$2:$A$1500,$D64),"O",IF(COUNTIFS(EDW_RAW!$A$2:$A$1500,$D64,EDW_RAW!$U$2:$U$1500,"<>~",EDW_RAW!$U$2:$U$1500,"<>")>0,"부분","X"))) | T64: =IF($H64="","",IF(AND(ISNUMBER(SEARCH("CMT",$H64)),OR(ISNUMBER(SEARCH("완사입",$H64)),ISNUMBER(SEARCH("ODM",$H64)))),"본사/생산처 혼재",IF(ISNUMBER(SEARCH("CMT",$H64)),"본사(소재팀)","생산처"))) | U64: 아이블 | V64: =IFERROR(TEXTJOIN(" / ",TRUE,UNIQUE(FILTER(소재DB_RAW!$K$3:$K$2000,(소재DB_RAW!$G$3:$G$2000=$D64)*ISERROR(SEARCH("drop",소재DB_RAW!$C$3:$C$2000))))),"") | W64: 베트남 | X64: =IFERROR(TEXTJOIN(" / ",TRUE,UNIQUE(FILTER(소재DB_RAW!$N$3:$N$2000,(소재DB_RAW!$G$3:$G$2000=$D64)*ISERROR(SEARCH("drop",소재DB_RAW!$C$3:$C$2000))))),"") | Y64: =IFERROR(TEXTJOIN(CHAR(10),TRUE,UNIQUE(FILTER(소재DB_RAW!$N$3:$N$2000&") "&소재DB_RAW!$O$3:$O$2000,(소재DB_RAW!$G$3:$G$2000=$D64)*ISNUMBER(SEARCH("겉감",소재DB_RAW!$M$3:$M$2000))*ISERROR(SEARCH("drop",소재DB_RAW!$C$3:$C$2000))))),"") | Z64: =IFERROR(TEXTJOIN(CHAR(10),TRUE,UNIQUE(FILTER(소재DB_RAW!$N$3:$N$2000&") "&소재DB_RAW!$O$3:$O$2000,(소재DB_RAW!$G$3:$G$2000=$D64)*ISNUMBER(SEARCH("안감",소재DB_RAW!$M$3:$M$2000))*ISERROR(SEARCH("drop",소재DB_RAW!$C$3:$C$2000))))),"") | AA64: 2100 | AB64: 106062600 | AC64: 525000000 | AE64: =IF($K64="","출고일 미정",IF($Q64="X","작지 미발행",IF($Q64="부분","작지 일부 미발행",IF(AND($S64<>"",$S64>$N64),"소재입고 마감("&TEXT($N64,"MM/DD")&") 초과",IF($Q64="","발행여부 확인 필요",IF($S64="","소재 입고일정 확인 필요","정상")))))) | AF64: =IF($K64="","",IF(OR(LEFT($AE64,2)="작지",LEFT($AE64,4)="소재입고"),IF(LEFT($G64,1)="S","★ 납기위험(S코드)","◆ 지연주의"),IF($AE64="정상","✓ 정상","? 확인필요")))
A65: 61 | B65: 정영준 | C65: 서은미 | D65: TVPNS27512 | E65: 춘절 여성 베이직 커브드 팬츠 | F65: BLK(BLACK), MUD | G65: =IF($D65="","",IF(MID($D65,5,1)="S","S(봄)",IF(MID($D65,5,1)="M","M(여름)",IF(MID($D65,5,1)="X","X(사계절)",MID($D65,5,1))))) | H65: CMT | J65: 1월3주 | K65: =IF($J65="","",IFERROR(DATE(IF(VALUE(LEFT($J65,FIND("월",$J65)-1))>=9,기준정보!$C$7-1,기준정보!$C$7),VALUE(LEFT($J65,FIND("월",$J65)-1)),1+7*(VALUE(SUBSTITUTE(MID($J65,FIND("월",$J65)+1,5),"주",""))-1)),"")) | L65: =IF($K65="","",IF(AND($K65-기준정보!$C$5>=기준정보!$C$10,$K65-기준정보!$C$5<=기준정보!$C$11),기준정보!$C$10-1,$K65-기준정보!$C$5)) | M65: =IF($L65="","",IF(OR(ISNUMBER(SEARCH("중국",$W65)),ISNUMBER(SEARCH("베트남",$W65))),MAX(0,MIN($L65,기준정보!$C$9)-MAX($L65-기준정보!$C$6,기준정보!$C$8)+1),IF(ISNUMBER(SEARCH("한국",$W65)),MAX(0,MIN($L65,기준정보!$C$11)-MAX($L65-기준정보!$C$6,기준정보!$C$10)+1),0))) | N65: =IF($L65="","",$L65-기준정보!$C$6-$M65) | O65: =IF($N65="","",$N65-기준정보!$C$4) | Q65: O | R65: =IF(COUNTIF(EDW_RAW!$A$2:$A$1500,$D65)=0,"",IF(COUNTIFS(EDW_RAW!$A$2:$A$1500,$D65,EDW_RAW!$U$2:$U$1500,"<>~",EDW_RAW!$U$2:$U$1500,"<>")=COUNTIF(EDW_RAW!$A$2:$A$1500,$D65),"O",IF(COUNTIFS(EDW_RAW!$A$2:$A$1500,$D65,EDW_RAW!$U$2:$U$1500,"<>~",EDW_RAW!$U$2:$U$1500,"<>")>0,"부분","X"))) | T65: =IF($H65="","",IF(AND(ISNUMBER(SEARCH("CMT",$H65)),OR(ISNUMBER(SEARCH("완사입",$H65)),ISNUMBER(SEARCH("ODM",$H65)))),"본사/생산처 혼재",IF(ISNUMBER(SEARCH("CMT",$H65)),"본사(소재팀)","생산처"))) | U65: YIC | V65: =IFERROR(TEXTJOIN(" / ",TRUE,UNIQUE(FILTER(소재DB_RAW!$K$3:$K$2000,(소재DB_RAW!$G$3:$G$2000=$D65)*ISERROR(SEARCH("drop",소재DB_RAW!$C$3:$C$2000))))),"") | W65: 베트남 | X65: =IFERROR(TEXTJOIN(" / ",TRUE,UNIQUE(FILTER(소재DB_RAW!$N$3:$N$2000,(소재DB_RAW!$G$3:$G$2000=$D65)*ISERROR(SEARCH("drop",소재DB_RAW!$C$3:$C$2000))))),"") | Y65: =IFERROR(TEXTJOIN(CHAR(10),TRUE,UNIQUE(FILTER(소재DB_RAW!$N$3:$N$2000&") "&소재DB_RAW!$O$3:$O$2000,(소재DB_RAW!$G$3:$G$2000=$D65)*ISNUMBER(SEARCH("겉감",소재DB_RAW!$M$3:$M$2000))*ISERROR(SEARCH("drop",소재DB_RAW!$C$3:$C$2000))))),"") | Z65: =IFERROR(TEXTJOIN(CHAR(10),TRUE,UNIQUE(FILTER(소재DB_RAW!$N$3:$N$2000&") "&소재DB_RAW!$O$3:$O$2000,(소재DB_RAW!$G$3:$G$2000=$D65)*ISNUMBER(SEARCH("안감",소재DB_RAW!$M$3:$M$2000))*ISERROR(SEARCH("drop",소재DB_RAW!$C$3:$C$2000))))),"") | AA65: 2200 | AB65: 84143400 | AC65: 413600000 | AD65: 1월3주 | AE65: =IF($K65="","출고일 미정",IF($Q65="X","작지 미발행",IF($Q65="부분","작지 일부 미발행",IF(AND($S65<>"",$S65>$N65),"소재입고 마감("&TEXT($N65,"MM/DD")&") 초과",IF($Q65="","발행여부 확인 필요",IF($S65="","소재 입고일정 확인 필요","정상")))))) | AF65: =IF($K65="","",IF(OR(LEFT($AE65,2)="작지",LEFT($AE65,4)="소재입고"),IF(LEFT($G65,1)="S","★ 납기위험(S코드)","◆ 지연주의"),IF($AE65="정상","✓ 정상","? 확인필요")))
A66: 62 | B66: 정영준 | C66: 서은미 | D66: TVPNS27522 | E66: 춘절 여성 루즈 커브드 팬츠 | F66: CRE-2, DGY(D/GRAY) | G66: =IF($D66="","",IF(MID($D66,5,1)="S","S(봄)",IF(MID($D66,5,1)="M","M(여름)",IF(MID($D66,5,1)="X","X(사계절)",MID($D66,5,1))))) | H66: CMT | J66: 1월3주 | K66: =IF($J66="","",IFERROR(DATE(IF(VALUE(LEFT($J66,FIND("월",$J66)-1))>=9,기준정보!$C$7-1,기준정보!$C$7),VALUE(LEFT($J66,FIND("월",$J66)-1)),1+7*(VALUE(SUBSTITUTE(MID($J66,FIND("월",$J66)+1,5),"주",""))-1)),"")) | L66: =IF($K66="","",IF(AND($K66-기준정보!$C$5>=기준정보!$C$10,$K66-기준정보!$C$5<=기준정보!$C$11),기준정보!$C$10-1,$K66-기준정보!$C$5)) | M66: =IF($L66="","",IF(OR(ISNUMBER(SEARCH("중국",$W66)),ISNUMBER(SEARCH("베트남",$W66))),MAX(0,MIN($L66,기준정보!$C$9)-MAX($L66-기준정보!$C$6,기준정보!$C$8)+1),IF(ISNUMBER(SEARCH("한국",$W66)),MAX(0,MIN($L66,기준정보!$C$11)-MAX($L66-기준정보!$C$6,기준정보!$C$10)+1),0))) | N66: =IF($L66="","",$L66-기준정보!$C$6-$M66) | O66: =IF($N66="","",$N66-기준정보!$C$4) | Q66: O | R66: =IF(COUNTIF(EDW_RAW!$A$2:$A$1500,$D66)=0,"",IF(COUNTIFS(EDW_RAW!$A$2:$A$1500,$D66,EDW_RAW!$U$2:$U$1500,"<>~",EDW_RAW!$U$2:$U$1500,"<>")=COUNTIF(EDW_RAW!$A$2:$A$1500,$D66),"O",IF(COUNTIFS(EDW_RAW!$A$2:$A$1500,$D66,EDW_RAW!$U$2:$U$1500,"<>~",EDW_RAW!$U$2:$U$1500,"<>")>0,"부분","X"))) | T66: =IF($H66="","",IF(AND(ISNUMBER(SEARCH("CMT",$H66)),OR(ISNUMBER(SEARCH("완사입",$H66)),ISNUMBER(SEARCH("ODM",$H66)))),"본사/생산처 혼재",IF(ISNUMBER(SEARCH("CMT",$H66)),"본사(소재팀)","생산처"))) | U66: 거림 | V66: =IFERROR(TEXTJOIN(" / ",TRUE,UNIQUE(FILTER(소재DB_RAW!$K$3:$K$2000,(소재DB_RAW!$G$3:$G$2000=$D66)*ISERROR(SEARCH("drop",소재DB_RAW!$C$3:$C$2000))))),"") | W66: 베트남 | X66: =IFERROR(TEXTJOIN(" / ",TRUE,UNIQUE(FILTER(소재DB_RAW!$N$3:$N$2000,(소재DB_RAW!$G$3:$G$2000=$D66)*ISERROR(SEARCH("drop",소재DB_RAW!$C$3:$C$2000))))),"") | Y66: =IFERROR(TEXTJOIN(CHAR(10),TRUE,UNIQUE(FILTER(소재DB_RAW!$N$3:$N$2000&") "&소재DB_RAW!$O$3:$O$2000,(소재DB_RAW!$G$3:$G$2000=$D66)*ISNUMBER(SEARCH("겉감",소재DB_RAW!$M$3:$M$2000))*ISERROR(SEARCH("drop",소재DB_RAW!$C$3:$C$2000))))),"") | Z66: =IFERROR(TEXTJOIN(CHAR(10),TRUE,UNIQUE(FILTER(소재DB_RAW!$N$3:$N$2000&") "&소재DB_RAW!$O$3:$O$2000,(소재DB_RAW!$G$3:$G$2000=$D66)*ISNUMBER(SEARCH("안감",소재DB_RAW!$M$3:$M$2000))*ISERROR(SEARCH("drop",소재DB_RAW!$C$3:$C$2000))))),"") | AA66: 1800 | AB66: 62686800 | AC66: 338400000 | AD66: 1월3주 | AE66: =IF($K66="","출고일 미정",IF($Q66="X","작지 미발행",IF($Q66="부분","작지 일부 미발행",IF(AND($S66<>"",$S66>$N66),"소재입고 마감("&TEXT($N66,"MM/DD")&") 초과",IF($Q66="","발행여부 확인 필요",IF($S66="","소재 입고일정 확인 필요","정상")))))) | AF66: =IF($K66="","",IF(OR(LEFT($AE66,2)="작지",LEFT($AE66,4)="소재입고"),IF(LEFT($G66,1)="S","★ 납기위험(S코드)","◆ 지연주의"),IF($AE66="정상","✓ 정상","? 확인필요")))
A67: 63 | B67: 정영준 | C67: 서은미 | D67: TVPNS27532 | E67: 춘절 여성 부츠컷 팬츠 | F67: BLK(BLACK), MUD | G67: =IF($D67="","",IF(MID($D67,5,1)="S","S(봄)",IF(MID($D67,5,1)="M","M(여름)",IF(MID($D67,5,1)="X","X(사계절)",MID($D67,5,1))))) | H67: CMT | J67: 1월3주 | K67: =IF($J67="","",IFERROR(DATE(IF(VALUE(LEFT($J67,FIND("월",$J67)-1))>=9,기준정보!$C$7-1,기준정보!$C$7),VALUE(LEFT($J67,FIND("월",$J67)-1)),1+7*(VALUE(SUBSTITUTE(MID($J67,FIND("월",$J67)+1,5),"주",""))-1)),"")) | L67: =IF($K67="","",IF(AND($K67-기준정보!$C$5>=기준정보!$C$10,$K67-기준정보!$C$5<=기준정보!$C$11),기준정보!$C$10-1,$K67-기준정보!$C$5)) | M67: =IF($L67="","",IF(OR(ISNUMBER(SEARCH("중국",$W67)),ISNUMBER(SEARCH("베트남",$W67))),MAX(0,MIN($L67,기준정보!$C$9)-MAX($L67-기준정보!$C$6,기준정보!$C$8)+1),IF(ISNUMBER(SEARCH("한국",$W67)),MAX(0,MIN($L67,기준정보!$C$11)-MAX($L67-기준정보!$C$6,기준정보!$C$10)+1),0))) | N67: =IF($L67="","",$L67-기준정보!$C$6-$M67) | O67: =IF($N67="","",$N67-기준정보!$C$4) | Q67: O | R67: =IF(COUNTIF(EDW_RAW!$A$2:$A$1500,$D67)=0,"",IF(COUNTIFS(EDW_RAW!$A$2:$A$1500,$D67,EDW_RAW!$U$2:$U$1500,"<>~",EDW_RAW!$U$2:$U$1500,"<>")=COUNTIF(EDW_RAW!$A$2:$A$1500,$D67),"O",IF(COUNTIFS(EDW_RAW!$A$2:$A$1500,$D67,EDW_RAW!$U$2:$U$1500,"<>~",EDW_RAW!$U$2:$U$1500,"<>")>0,"부분","X"))) | T67: =IF($H67="","",IF(AND(ISNUMBER(SEARCH("CMT",$H67)),OR(ISNUMBER(SEARCH("완사입",$H67)),ISNUMBER(SEARCH("ODM",$H67)))),"본사/생산처 혼재",IF(ISNUMBER(SEARCH("CMT",$H67)),"본사(소재팀)","생산처"))) | U67: TBO | V67: =IFERROR(TEXTJOIN(" / ",TRUE,UNIQUE(FILTER(소재DB_RAW!$K$3:$K$2000,(소재DB_RAW!$G$3:$G$2000=$D67)*ISERROR(SEARCH("drop",소재DB_RAW!$C$3:$C$2000))))),"") | W67: 베트남 | X67: =IFERROR(TEXTJOIN(" / ",TRUE,UNIQUE(FILTER(소재DB_RAW!$N$3:$N$2000,(소재DB_RAW!$G$3:$G$2000=$D67)*ISERROR(SEARCH("drop",소재DB_RAW!$C$3:$C$2000))))),"") | Y67: =IFERROR(TEXTJOIN(CHAR(10),TRUE,UNIQUE(FILTER(소재DB_RAW!$N$3:$N$2000&") "&소재DB_RAW!$O$3:$O$2000,(소재DB_RAW!$G$3:$G$2000=$D67)*ISNUMBER(SEARCH("겉감",소재DB_RAW!$M$3:$M$2000))*ISERROR(SEARCH("drop",소재DB_RAW!$C$3:$C$2000))))),"") | Z67: =IFERROR(TEXTJOIN(CHAR(10),TRUE,UNIQUE(FILTER(소재DB_RAW!$N$3:$N$2000&") "&소재DB_RAW!$O$3:$O$2000,(소재DB_RAW!$G$3:$G$2000=$D67)*ISNUMBER(SEARCH("안감",소재DB_RAW!$M$3:$M$2000))*ISERROR(SEARCH("drop",소재DB_RAW!$C$3:$C$2000))))),"") | AA67: 1800 | AB67: 55549800 | AC67: 320400000 | AD67: 1월3주 | AE67: =IF($K67="","출고일 미정",IF($Q67="X","작지 미발행",IF($Q67="부분","작지 일부 미발행",IF(AND($S67<>"",$S67>$N67),"소재입고 마감("&TEXT($N67,"MM/DD")&") 초과",IF($Q67="","발행여부 확인 필요",IF($S67="","소재 입고일정 확인 필요","정상")))))) | AF67: =IF($K67="","",IF(OR(LEFT($AE67,2)="작지",LEFT($AE67,4)="소재입고"),IF(LEFT($G67,1)="S","★ 납기위험(S코드)","◆ 지연주의"),IF($AE67="정상","✓ 정상","? 확인필요")))
A68: 64 | B68: 정영준 | C68: 서은미 | D68: TVPNS27542 | E68: 춘절 여성 레귤러핏 팬츠 | F68: BLK(BLACK), GRI(GREIGE) | G68: =IF($D68="","",IF(MID($D68,5,1)="S","S(봄)",IF(MID($D68,5,1)="M","M(여름)",IF(MID($D68,5,1)="X","X(사계절)",MID($D68,5,1))))) | H68: CMT | J68: 1월3주 | K68: =IF($J68="","",IFERROR(DATE(IF(VALUE(LEFT($J68,FIND("월",$J68)-1))>=9,기준정보!$C$7-1,기준정보!$C$7),VALUE(LEFT($J68,FIND("월",$J68)-1)),1+7*(VALUE(SUBSTITUTE(MID($J68,FIND("월",$J68)+1,5),"주",""))-1)),"")) | L68: =IF($K68="","",IF(AND($K68-기준정보!$C$5>=기준정보!$C$10,$K68-기준정보!$C$5<=기준정보!$C$11),기준정보!$C$10-1,$K68-기준정보!$C$5)) | M68: =IF($L68="","",IF(OR(ISNUMBER(SEARCH("중국",$W68)),ISNUMBER(SEARCH("베트남",$W68))),MAX(0,MIN($L68,기준정보!$C$9)-MAX($L68-기준정보!$C$6,기준정보!$C$8)+1),IF(ISNUMBER(SEARCH("한국",$W68)),MAX(0,MIN($L68,기준정보!$C$11)-MAX($L68-기준정보!$C$6,기준정보!$C$10)+1),0))) | N68: =IF($L68="","",$L68-기준정보!$C$6-$M68) | O68: =IF($N68="","",$N68-기준정보!$C$4) | Q68: O | R68: =IF(COUNTIF(EDW_RAW!$A$2:$A$1500,$D68)=0,"",IF(COUNTIFS(EDW_RAW!$A$2:$A$1500,$D68,EDW_RAW!$U$2:$U$1500,"<>~",EDW_RAW!$U$2:$U$1500,"<>")=COUNTIF(EDW_RAW!$A$2:$A$1500,$D68),"O",IF(COUNTIFS(EDW_RAW!$A$2:$A$1500,$D68,EDW_RAW!$U$2:$U$1500,"<>~",EDW_RAW!$U$2:$U$1500,"<>")>0,"부분","X"))) | T68: =IF($H68="","",IF(AND(ISNUMBER(SEARCH("CMT",$H68)),OR(ISNUMBER(SEARCH("완사입",$H68)),ISNUMBER(SEARCH("ODM",$H68)))),"본사/생산처 혼재",IF(ISNUMBER(SEARCH("CMT",$H68)),"본사(소재팀)","생산처"))) | U68: 거림 | V68: =IFERROR(TEXTJOIN(" / ",TRUE,UNIQUE(FILTER(소재DB_RAW!$K$3:$K$2000,(소재DB_RAW!$G$3:$G$2000=$D68)*ISERROR(SEARCH("drop",소재DB_RAW!$C$3:$C$2000))))),"") | W68: 베트남 | X68: =IFERROR(TEXTJOIN(" / ",TRUE,UNIQUE(FILTER(소재DB_RAW!$N$3:$N$2000,(소재DB_RAW!$G$3:$G$2000=$D68)*ISERROR(SEARCH("drop",소재DB_RAW!$C$3:$C$2000))))),"") | Y68: =IFERROR(TEXTJOIN(CHAR(10),TRUE,UNIQUE(FILTER(소재DB_RAW!$N$3:$N$2000&") "&소재DB_RAW!$O$3:$O$2000,(소재DB_RAW!$G$3:$G$2000=$D68)*ISNUMBER(SEARCH("겉감",소재DB_RAW!$M$3:$M$2000))*ISERROR(SEARCH("drop",소재DB_RAW!$C$3:$C$2000))))),"") | Z68: =IFERROR(TEXTJOIN(CHAR(10),TRUE,UNIQUE(FILTER(소재DB_RAW!$N$3:$N$2000&") "&소재DB_RAW!$O$3:$O$2000,(소재DB_RAW!$G$3:$G$2000=$D68)*ISNUMBER(SEARCH("안감",소재DB_RAW!$M$3:$M$2000))*ISERROR(SEARCH("drop",소재DB_RAW!$C$3:$C$2000))))),"") | AA68: 2200 | AB68: 84966200 | AC68: 413600000 | AD68: 1월3주 | AE68: =IF($K68="","출고일 미정",IF($Q68="X","작지 미발행",IF($Q68="부분","작지 일부 미발행",IF(AND($S68<>"",$S68>$N68),"소재입고 마감("&TEXT($N68,"MM/DD")&") 초과",IF($Q68="","발행여부 확인 필요",IF($S68="","소재 입고일정 확인 필요","정상")))))) | AF68: =IF($K68="","",IF(OR(LEFT($AE68,2)="작지",LEFT($AE68,4)="소재입고"),IF(LEFT($G68,1)="S","★ 납기위험(S코드)","◆ 지연주의"),IF($AE68="정상","✓ 정상","? 확인필요")))
A69: 65 | B69: 김준래 | C69: 권혁일 | D69: TVTBS27552 | E69: 춘절 여성 소프트필 후드 긴팔 티셔츠 (SET-UP) | F69: LLA-1, BLK(BLACK) | G69: =IF($D69="","",IF(MID($D69,5,1)="S","S(봄)",IF(MID($D69,5,1)="M","M(여름)",IF(MID($D69,5,1)="X","X(사계절)",MID($D69,5,1))))) | H69: 완사입 | J69: 1월3주 | K69: =IF($J69="","",IFERROR(DATE(IF(VALUE(LEFT($J69,FIND("월",$J69)-1))>=9,기준정보!$C$7-1,기준정보!$C$7),VALUE(LEFT($J69,FIND("월",$J69)-1)),1+7*(VALUE(SUBSTITUTE(MID($J69,FIND("월",$J69)+1,5),"주",""))-1)),"")) | L69: =IF($K69="","",IF(AND($K69-기준정보!$C$5>=기준정보!$C$10,$K69-기준정보!$C$5<=기준정보!$C$11),기준정보!$C$10-1,$K69-기준정보!$C$5)) | M69: =IF($L69="","",IF(OR(ISNUMBER(SEARCH("중국",$W69)),ISNUMBER(SEARCH("베트남",$W69))),MAX(0,MIN($L69,기준정보!$C$9)-MAX($L69-기준정보!$C$6,기준정보!$C$8)+1),IF(ISNUMBER(SEARCH("한국",$W69)),MAX(0,MIN($L69,기준정보!$C$11)-MAX($L69-기준정보!$C$6,기준정보!$C$10)+1),0))) | N69: =IF($L69="","",$L69-기준정보!$C$6-$M69) | O69: =IF($N69="","",$N69-기준정보!$C$4) | Q69: O | R69: =IF(COUNTIF(EDW_RAW!$A$2:$A$1500,$D69)=0,"",IF(COUNTIFS(EDW_RAW!$A$2:$A$1500,$D69,EDW_RAW!$U$2:$U$1500,"<>~",EDW_RAW!$U$2:$U$1500,"<>")=COUNTIF(EDW_RAW!$A$2:$A$1500,$D69),"O",IF(COUNTIFS(EDW_RAW!$A$2:$A$1500,$D69,EDW_RAW!$U$2:$U$1500,"<>~",EDW_RAW!$U$2:$U$1500,"<>")>0,"부분","X"))) | T69: =IF($H69="","",IF(AND(ISNUMBER(SEARCH("CMT",$H69)),OR(ISNUMBER(SEARCH("완사입",$H69)),ISNUMBER(SEARCH("ODM",$H69)))),"본사/생산처 혼재",IF(ISNUMBER(SEARCH("CMT",$H69)),"본사(소재팀)","생산처"))) | U69: IKG | V69: =IFERROR(TEXTJOIN(" / ",TRUE,UNIQUE(FILTER(소재DB_RAW!$K$3:$K$2000,(소재DB_RAW!$G$3:$G$2000=$D69)*ISERROR(SEARCH("drop",소재DB_RAW!$C$3:$C$2000))))),"") | W69: 인도네시아 | X69: =IFERROR(TEXTJOIN(" / ",TRUE,UNIQUE(FILTER(소재DB_RAW!$N$3:$N$2000,(소재DB_RAW!$G$3:$G$2000=$D69)*ISERROR(SEARCH("drop",소재DB_RAW!$C$3:$C$2000))))),"") | Y69: =IFERROR(TEXTJOIN(CHAR(10),TRUE,UNIQUE(FILTER(소재DB_RAW!$N$3:$N$2000&") "&소재DB_RAW!$O$3:$O$2000,(소재DB_RAW!$G$3:$G$2000=$D69)*ISNUMBER(SEARCH("겉감",소재DB_RAW!$M$3:$M$2000))*ISERROR(SEARCH("drop",소재DB_RAW!$C$3:$C$2000))))),"") | Z69: =IFERROR(TEXTJOIN(CHAR(10),TRUE,UNIQUE(FILTER(소재DB_RAW!$N$3:$N$2000&") "&소재DB_RAW!$O$3:$O$2000,(소재DB_RAW!$G$3:$G$2000=$D69)*ISNUMBER(SEARCH("안감",소재DB_RAW!$M$3:$M$2000))*ISERROR(SEARCH("drop",소재DB_RAW!$C$3:$C$2000))))),"") | AA69: 1200 | AB69: 36117600 | AC69: 225600000 | AD69: 1월3주 | AE69: =IF($K69="","출고일 미정",IF($Q69="X","작지 미발행",IF($Q69="부분","작지 일부 미발행",IF(AND($S69<>"",$S69>$N69),"소재입고 마감("&TEXT($N69,"MM/DD")&") 초과",IF($Q69="","발행여부 확인 필요",IF($S69="","소재 입고일정 확인 필요","정상")))))) | AF69: =IF($K69="","",IF(OR(LEFT($AE69,2)="작지",LEFT($AE69,4)="소재입고"),IF(LEFT($G69,1)="S","★ 납기위험(S코드)","◆ 지연주의"),IF($AE69="정상","✓ 정상","? 확인필요")))
A70: 66 | B70: 최진민 | C70: 강기환 | D70: JKJJS27032 | E70: 히어로 여성 옥타 플리스 재킷 | F70: GRY(GRAY), BLK(BLACK) | G70: =IF($D70="","",IF(MID($D70,5,1)="S","S(봄)",IF(MID($D70,5,1)="M","M(여름)",IF(MID($D70,5,1)="X","X(사계절)",MID($D70,5,1))))) | H70: 완사입 | I70: S1 | J70: 1월4주 | K70: =IF($J70="","",IFERROR(DATE(IF(VALUE(LEFT($J70,FIND("월",$J70)-1))>=9,기준정보!$C$7-1,기준정보!$C$7),VALUE(LEFT($J70,FIND("월",$J70)-1)),1+7*(VALUE(SUBSTITUTE(MID($J70,FIND("월",$J70)+1,5),"주",""))-1)),"")) | L70: =IF($K70="","",IF(AND($K70-기준정보!$C$5>=기준정보!$C$10,$K70-기준정보!$C$5<=기준정보!$C$11),기준정보!$C$10-1,$K70-기준정보!$C$5)) | M70: =IF($L70="","",IF(OR(ISNUMBER(SEARCH("중국",$W70)),ISNUMBER(SEARCH("베트남",$W70))),MAX(0,MIN($L70,기준정보!$C$9)-MAX($L70-기준정보!$C$6,기준정보!$C$8)+1),IF(ISNUMBER(SEARCH("한국",$W70)),MAX(0,MIN($L70,기준정보!$C$11)-MAX($L70-기준정보!$C$6,기준정보!$C$10)+1),0))) | N70: =IF($L70="","",$L70-기준정보!$C$6-$M70) | O70: =IF($N70="","",$N70-기준정보!$C$4) | Q70: O | R70: =IF(COUNTIF(EDW_RAW!$A$2:$A$1500,$D70)=0,"",IF(COUNTIFS(EDW_RAW!$A$2:$A$1500,$D70,EDW_RAW!$U$2:$U$1500,"<>~",EDW_RAW!$U$2:$U$1500,"<>")=COUNTIF(EDW_RAW!$A$2:$A$1500,$D70),"O",IF(COUNTIFS(EDW_RAW!$A$2:$A$1500,$D70,EDW_RAW!$U$2:$U$1500,"<>~",EDW_RAW!$U$2:$U$1500,"<>")>0,"부분","X"))) | T70: =IF($H70="","",IF(AND(ISNUMBER(SEARCH("CMT",$H70)),OR(ISNUMBER(SEARCH("완사입",$H70)),ISNUMBER(SEARCH("ODM",$H70)))),"본사/생산처 혼재",IF(ISNUMBER(SEARCH("CMT",$H70)),"본사(소재팀)","생산처"))) | U70: 태화 | V70: =IFERROR(TEXTJOIN(" / ",TRUE,UNIQUE(FILTER(소재DB_RAW!$K$3:$K$2000,(소재DB_RAW!$G$3:$G$2000=$D70)*ISERROR(SEARCH("drop",소재DB_RAW!$C$3:$C$2000))))),"") | W70: 베트남 | X70: =IFERROR(TEXTJOIN(" / ",TRUE,UNIQUE(FILTER(소재DB_RAW!$N$3:$N$2000,(소재DB_RAW!$G$3:$G$2000=$D70)*ISERROR(SEARCH("drop",소재DB_RAW!$C$3:$C$2000))))),"") | Y70: =IFERROR(TEXTJOIN(CHAR(10),TRUE,UNIQUE(FILTER(소재DB_RAW!$N$3:$N$2000&") "&소재DB_RAW!$O$3:$O$2000,(소재DB_RAW!$G$3:$G$2000=$D70)*ISNUMBER(SEARCH("겉감",소재DB_RAW!$M$3:$M$2000))*ISERROR(SEARCH("drop",소재DB_RAW!$C$3:$C$2000))))),"") | Z70: =IFERROR(TEXTJOIN(CHAR(10),TRUE,UNIQUE(FILTER(소재DB_RAW!$N$3:$N$2000&") "&소재DB_RAW!$O$3:$O$2000,(소재DB_RAW!$G$3:$G$2000=$D70)*ISNUMBER(SEARCH("안감",소재DB_RAW!$M$3:$M$2000))*ISERROR(SEARCH("drop",소재DB_RAW!$C$3:$C$2000))))),"") | AA70: 450 | AB70: 24435450 | AC70: 130500000 | AE70: =IF($K70="","출고일 미정",IF($Q70="X","작지 미발행",IF($Q70="부분","작지 일부 미발행",IF(AND($S70<>"",$S70>$N70),"소재입고 마감("&TEXT($N70,"MM/DD")&") 초과",IF($Q70="","발행여부 확인 필요",IF($S70="","소재 입고일정 확인 필요","정상")))))) | AF70: =IF($K70="","",IF(OR(LEFT($AE70,2)="작지",LEFT($AE70,4)="소재입고"),IF(LEFT($G70,1)="S","★ 납기위험(S코드)","◆ 지연주의"),IF($AE70="정상","✓ 정상","? 확인필요")))
A71: 67 | B71: 최진민 | C71: 김지원 | D71: JKTCS27056 | E71: 히어로 여성 메리노울 반팔 라운드티 | F71: LPI-2, BLK(BLACK) | G71: =IF($D71="","",IF(MID($D71,5,1)="S","S(봄)",IF(MID($D71,5,1)="M","M(여름)",IF(MID($D71,5,1)="X","X(사계절)",MID($D71,5,1))))) | H71: 완사입 | I71: S1 | J71: 1월4주 | K71: =IF($J71="","",IFERROR(DATE(IF(VALUE(LEFT($J71,FIND("월",$J71)-1))>=9,기준정보!$C$7-1,기준정보!$C$7),VALUE(LEFT($J71,FIND("월",$J71)-1)),1+7*(VALUE(SUBSTITUTE(MID($J71,FIND("월",$J71)+1,5),"주",""))-1)),"")) | L71: =IF($K71="","",IF(AND($K71-기준정보!$C$5>=기준정보!$C$10,$K71-기준정보!$C$5<=기준정보!$C$11),기준정보!$C$10-1,$K71-기준정보!$C$5)) | M71: =IF($L71="","",IF(OR(ISNUMBER(SEARCH("중국",$W71)),ISNUMBER(SEARCH("베트남",$W71))),MAX(0,MIN($L71,기준정보!$C$9)-MAX($L71-기준정보!$C$6,기준정보!$C$8)+1),IF(ISNUMBER(SEARCH("한국",$W71)),MAX(0,MIN($L71,기준정보!$C$11)-MAX($L71-기준정보!$C$6,기준정보!$C$10)+1),0))) | N71: =IF($L71="","",$L71-기준정보!$C$6-$M71) | O71: =IF($N71="","",$N71-기준정보!$C$4) | Q71: O | R71: =IF(COUNTIF(EDW_RAW!$A$2:$A$1500,$D71)=0,"",IF(COUNTIFS(EDW_RAW!$A$2:$A$1500,$D71,EDW_RAW!$U$2:$U$1500,"<>~",EDW_RAW!$U$2:$U$1500,"<>")=COUNTIF(EDW_RAW!$A$2:$A$1500,$D71),"O",IF(COUNTIFS(EDW_RAW!$A$2:$A$1500,$D71,EDW_RAW!$U$2:$U$1500,"<>~",EDW_RAW!$U$2:$U$1500,"<>")>0,"부분","X"))) | T71: =IF($H71="","",IF(AND(ISNUMBER(SEARCH("CMT",$H71)),OR(ISNUMBER(SEARCH("완사입",$H71)),ISNUMBER(SEARCH("ODM",$H71)))),"본사/생산처 혼재",IF(ISNUMBER(SEARCH("CMT",$H71)),"본사(소재팀)","생산처"))) | U71: 장안 | V71: =IFERROR(TEXTJOIN(" / ",TRUE,UNIQUE(FILTER(소재DB_RAW!$K$3:$K$2000,(소재DB_RAW!$G$3:$G$2000=$D71)*ISERROR(SEARCH("drop",소재DB_RAW!$C$3:$C$2000))))),"") | W71: 베트남 | X71: =IFERROR(TEXTJOIN(" / ",TRUE,UNIQUE(FILTER(소재DB_RAW!$N$3:$N$2000,(소재DB_RAW!$G$3:$G$2000=$D71)*ISERROR(SEARCH("drop",소재DB_RAW!$C$3:$C$2000))))),"") | Y71: =IFERROR(TEXTJOIN(CHAR(10),TRUE,UNIQUE(FILTER(소재DB_RAW!$N$3:$N$2000&") "&소재DB_RAW!$O$3:$O$2000,(소재DB_RAW!$G$3:$G$2000=$D71)*ISNUMBER(SEARCH("겉감",소재DB_RAW!$M$3:$M$2000))*ISERROR(SEARCH("drop",소재DB_RAW!$C$3:$C$2000))))),"") | Z71: =IFERROR(TEXTJOIN(CHAR(10),TRUE,UNIQUE(FILTER(소재DB_RAW!$N$3:$N$2000&") "&소재DB_RAW!$O$3:$O$2000,(소재DB_RAW!$G$3:$G$2000=$D71)*ISNUMBER(SEARCH("안감",소재DB_RAW!$M$3:$M$2000))*ISERROR(SEARCH("drop",소재DB_RAW!$C$3:$C$2000))))),"") | AA71: 400 | AB71: 13356000 | AC71: 59200000 | AE71: =IF($K71="","출고일 미정",IF($Q71="X","작지 미발행",IF($Q71="부분","작지 일부 미발행",IF(AND($S71<>"",$S71>$N71),"소재입고 마감("&TEXT($N71,"MM/DD")&") 초과",IF($Q71="","발행여부 확인 필요",IF($S71="","소재 입고일정 확인 필요","정상")))))) | AF71: =IF($K71="","",IF(OR(LEFT($AE71,2)="작지",LEFT($AE71,4)="소재입고"),IF(LEFT($G71,1)="S","★ 납기위험(S코드)","◆ 지연주의"),IF($AE71="정상","✓ 정상","? 확인필요")))
A72: 68 | B72: 최진민 | C72: 강기환 | D72: JKVAS27018 | E72: 히어로 여성 프리마로프트 LIGHT 인슐레이션 베스트 | F72: DGY(D/GRAY), BLK(BLACK) | G72: =IF($D72="","",IF(MID($D72,5,1)="S","S(봄)",IF(MID($D72,5,1)="M","M(여름)",IF(MID($D72,5,1)="X","X(사계절)",MID($D72,5,1))))) | H72: 완사입 | I72: S1 | J72: 1월4주 | K72: =IF($J72="","",IFERROR(DATE(IF(VALUE(LEFT($J72,FIND("월",$J72)-1))>=9,기준정보!$C$7-1,기준정보!$C$7),VALUE(LEFT($J72,FIND("월",$J72)-1)),1+7*(VALUE(SUBSTITUTE(MID($J72,FIND("월",$J72)+1,5),"주",""))-1)),"")) | L72: =IF($K72="","",IF(AND($K72-기준정보!$C$5>=기준정보!$C$10,$K72-기준정보!$C$5<=기준정보!$C$11),기준정보!$C$10-1,$K72-기준정보!$C$5)) | M72: =IF($L72="","",IF(OR(ISNUMBER(SEARCH("중국",$W72)),ISNUMBER(SEARCH("베트남",$W72))),MAX(0,MIN($L72,기준정보!$C$9)-MAX($L72-기준정보!$C$6,기준정보!$C$8)+1),IF(ISNUMBER(SEARCH("한국",$W72)),MAX(0,MIN($L72,기준정보!$C$11)-MAX($L72-기준정보!$C$6,기준정보!$C$10)+1),0))) | N72: =IF($L72="","",$L72-기준정보!$C$6-$M72) | O72: =IF($N72="","",$N72-기준정보!$C$4) | Q72: O | R72: =IF(COUNTIF(EDW_RAW!$A$2:$A$1500,$D72)=0,"",IF(COUNTIFS(EDW_RAW!$A$2:$A$1500,$D72,EDW_RAW!$U$2:$U$1500,"<>~",EDW_RAW!$U$2:$U$1500,"<>")=COUNTIF(EDW_RAW!$A$2:$A$1500,$D72),"O",IF(COUNTIFS(EDW_RAW!$A$2:$A$1500,$D72,EDW_RAW!$U$2:$U$1500,"<>~",EDW_RAW!$U$2:$U$1500,"<>")>0,"부분","X"))) | T72: =IF($H72="","",IF(AND(ISNUMBER(SEARCH("CMT",$H72)),OR(ISNUMBER(SEARCH("완사입",$H72)),ISNUMBER(SEARCH("ODM",$H72)))),"본사/생산처 혼재",IF(ISNUMBER(SEARCH("CMT",$H72)),"본사(소재팀)","생산처"))) | U72: 원전 | V72: =IFERROR(TEXTJOIN(" / ",TRUE,UNIQUE(FILTER(소재DB_RAW!$K$3:$K$2000,(소재DB_RAW!$G$3:$G$2000=$D72)*ISERROR(SEARCH("drop",소재DB_RAW!$C$3:$C$2000))))),"") | W72: 인도네시아 | X72: =IFERROR(TEXTJOIN(" / ",TRUE,UNIQUE(FILTER(소재DB_RAW!$N$3:$N$2000,(소재DB_RAW!$G$3:$G$2000=$D72)*ISERROR(SEARCH("drop",소재DB_RAW!$C$3:$C$2000))))),"") | Y72: =IFERROR(TEXTJOIN(CHAR(10),TRUE,UNIQUE(FILTER(소재DB_RAW!$N$3:$N$2000&") "&소재DB_RAW!$O$3:$O$2000,(소재DB_RAW!$G$3:$G$2000=$D72)*ISNUMBER(SEARCH("겉감",소재DB_RAW!$M$3:$M$2000))*ISERROR(SEARCH("drop",소재DB_RAW!$C$3:$C$2000))))),"") | Z72: =IFERROR(TEXTJOIN(CHAR(10),TRUE,UNIQUE(FILTER(소재DB_RAW!$N$3:$N$2000&") "&소재DB_RAW!$O$3:$O$2000,(소재DB_RAW!$G$3:$G$2000=$D72)*ISNUMBER(SEARCH("안감",소재DB_RAW!$M$3:$M$2000))*ISERROR(SEARCH("drop",소재DB_RAW!$C$3:$C$2000))))),"") | AA72: 305 | AB72: 17391405 | AC72: 76250000 | AE72: =IF($K72="","출고일 미정",IF($Q72="X","작지 미발행",IF($Q72="부분","작지 일부 미발행",IF(AND($S72<>"",$S72>$N72),"소재입고 마감("&TEXT($N72,"MM/DD")&") 초과",IF($Q72="","발행여부 확인 필요",IF($S72="","소재 입고일정 확인 필요","정상")))))) | AF72: =IF($K72="","",IF(OR(LEFT($AE72,2)="작지",LEFT($AE72,4)="소재입고"),IF(LEFT($G72,1)="S","★ 납기위험(S코드)","◆ 지연주의"),IF($AE72="정상","✓ 정상","? 확인필요")))
A73: 69 | B73: 최진민 | C73: 강기환 | D73: JWJJS27031 | E73: 히어로 남성 옥타 플리스 재킷 | F73: GBU(G/BLUE), BLK(BLACK) | G73: =IF($D73="","",IF(MID($D73,5,1)="S","S(봄)",IF(MID($D73,5,1)="M","M(여름)",IF(MID($D73,5,1)="X","X(사계절)",MID($D73,5,1))))) | H73: 완사입 | I73: S1 | J73: 1월4주 | K73: =IF($J73="","",IFERROR(DATE(IF(VALUE(LEFT($J73,FIND("월",$J73)-1))>=9,기준정보!$C$7-1,기준정보!$C$7),VALUE(LEFT($J73,FIND("월",$J73)-1)),1+7*(VALUE(SUBSTITUTE(MID($J73,FIND("월",$J73)+1,5),"주",""))-1)),"")) | L73: =IF($K73="","",IF(AND($K73-기준정보!$C$5>=기준정보!$C$10,$K73-기준정보!$C$5<=기준정보!$C$11),기준정보!$C$10-1,$K73-기준정보!$C$5)) | M73: =IF($L73="","",IF(OR(ISNUMBER(SEARCH("중국",$W73)),ISNUMBER(SEARCH("베트남",$W73))),MAX(0,MIN($L73,기준정보!$C$9)-MAX($L73-기준정보!$C$6,기준정보!$C$8)+1),IF(ISNUMBER(SEARCH("한국",$W73)),MAX(0,MIN($L73,기준정보!$C$11)-MAX($L73-기준정보!$C$6,기준정보!$C$10)+1),0))) | N73: =IF($L73="","",$L73-기준정보!$C$6-$M73) | O73: =IF($N73="","",$N73-기준정보!$C$4) | Q73: O | R73: =IF(COUNTIF(EDW_RAW!$A$2:$A$1500,$D73)=0,"",IF(COUNTIFS(EDW_RAW!$A$2:$A$1500,$D73,EDW_RAW!$U$2:$U$1500,"<>~",EDW_RAW!$U$2:$U$1500,"<>")=COUNTIF(EDW_RAW!$A$2:$A$1500,$D73),"O",IF(COUNTIFS(EDW_RAW!$A$2:$A$1500,$D73,EDW_RAW!$U$2:$U$1500,"<>~",EDW_RAW!$U$2:$U$1500,"<>")>0,"부분","X"))) | T73: =IF($H73="","",IF(AND(ISNUMBER(SEARCH("CMT",$H73)),OR(ISNUMBER(SEARCH("완사입",$H73)),ISNUMBER(SEARCH("ODM",$H73)))),"본사/생산처 혼재",IF(ISNUMBER(SEARCH("CMT",$H73)),"본사(소재팀)","생산처"))) | U73: 태화 | V73: =IFERROR(TEXTJOIN(" / ",TRUE,UNIQUE(FILTER(소재DB_RAW!$K$3:$K$2000,(소재DB_RAW!$G$3:$G$2000=$D73)*ISERROR(SEARCH("drop",소재DB_RAW!$C$3:$C$2000))))),"") | W73: 베트남 | X73: =IFERROR(TEXTJOIN(" / ",TRUE,UNIQUE(FILTER(소재DB_RAW!$N$3:$N$2000,(소재DB_RAW!$G$3:$G$2000=$D73)*ISERROR(SEARCH("drop",소재DB_RAW!$C$3:$C$2000))))),"") | Y73: =IFERROR(TEXTJOIN(CHAR(10),TRUE,UNIQUE(FILTER(소재DB_RAW!$N$3:$N$2000&") "&소재DB_RAW!$O$3:$O$2000,(소재DB_RAW!$G$3:$G$2000=$D73)*ISNUMBER(SEARCH("겉감",소재DB_RAW!$M$3:$M$2000))*ISERROR(SEARCH("drop",소재DB_RAW!$C$3:$C$2000))))),"") | Z73: =IFERROR(TEXTJOIN(CHAR(10),TRUE,UNIQUE(FILTER(소재DB_RAW!$N$3:$N$2000&") "&소재DB_RAW!$O$3:$O$2000,(소재DB_RAW!$G$3:$G$2000=$D73)*ISNUMBER(SEARCH("안감",소재DB_RAW!$M$3:$M$2000))*ISERROR(SEARCH("drop",소재DB_RAW!$C$3:$C$2000))))),"") | AA73: 650 | AB73: 36090600 | AC73: 188500000 | AE73: =IF($K73="","출고일 미정",IF($Q73="X","작지 미발행",IF($Q73="부분","작지 일부 미발행",IF(AND($S73<>"",$S73>$N73),"소재입고 마감("&TEXT($N73,"MM/DD")&") 초과",IF($Q73="","발행여부 확인 필요",IF($S73="","소재 입고일정 확인 필요","정상")))))) | AF73: =IF($K73="","",IF(OR(LEFT($AE73,2)="작지",LEFT($AE73,4)="소재입고"),IF(LEFT($G73,1)="S","★ 납기위험(S코드)","◆ 지연주의"),IF($AE73="정상","✓ 정상","? 확인필요")))
A74: 70 | B74: 이재헌 | C74: 엄창용 | D74: JWTBS27117 | E74: 남성 퀵드라이 바라클라바 긴팔 후드 티셔츠 | F74: GRY(GRAY), GBR(G/BROWN) | G74: =IF($D74="","",IF(MID($D74,5,1)="S","S(봄)",IF(MID($D74,5,1)="M","M(여름)",IF(MID($D74,5,1)="X","X(사계절)",MID($D74,5,1))))) | H74: 완사입 | J74: 1월4주 | K74: =IF($J74="","",IFERROR(DATE(IF(VALUE(LEFT($J74,FIND("월",$J74)-1))>=9,기준정보!$C$7-1,기준정보!$C$7),VALUE(LEFT($J74,FIND("월",$J74)-1)),1+7*(VALUE(SUBSTITUTE(MID($J74,FIND("월",$J74)+1,5),"주",""))-1)),"")) | L74: =IF($K74="","",IF(AND($K74-기준정보!$C$5>=기준정보!$C$10,$K74-기준정보!$C$5<=기준정보!$C$11),기준정보!$C$10-1,$K74-기준정보!$C$5)) | M74: =IF($L74="","",IF(OR(ISNUMBER(SEARCH("중국",$W74)),ISNUMBER(SEARCH("베트남",$W74))),MAX(0,MIN($L74,기준정보!$C$9)-MAX($L74-기준정보!$C$6,기준정보!$C$8)+1),IF(ISNUMBER(SEARCH("한국",$W74)),MAX(0,MIN($L74,기준정보!$C$11)-MAX($L74-기준정보!$C$6,기준정보!$C$10)+1),0))) | N74: =IF($L74="","",$L74-기준정보!$C$6-$M74) | O74: =IF($N74="","",$N74-기준정보!$C$4) | Q74: O | R74: =IF(COUNTIF(EDW_RAW!$A$2:$A$1500,$D74)=0,"",IF(COUNTIFS(EDW_RAW!$A$2:$A$1500,$D74,EDW_RAW!$U$2:$U$1500,"<>~",EDW_RAW!$U$2:$U$1500,"<>")=COUNTIF(EDW_RAW!$A$2:$A$1500,$D74),"O",IF(COUNTIFS(EDW_RAW!$A$2:$A$1500,$D74,EDW_RAW!$U$2:$U$1500,"<>~",EDW_RAW!$U$2:$U$1500,"<>")>0,"부분","X"))) | T74: =IF($H74="","",IF(AND(ISNUMBER(SEARCH("CMT",$H74)),OR(ISNUMBER(SEARCH("완사입",$H74)),ISNUMBER(SEARCH("ODM",$H74)))),"본사/생산처 혼재",IF(ISNUMBER(SEARCH("CMT",$H74)),"본사(소재팀)","생산처"))) | U74: IKG | V74: =IFERROR(TEXTJOIN(" / ",TRUE,UNIQUE(FILTER(소재DB_RAW!$K$3:$K$2000,(소재DB_RAW!$G$3:$G$2000=$D74)*ISERROR(SEARCH("drop",소재DB_RAW!$C$3:$C$2000))))),"") | W74: 인도네시아 | X74: =IFERROR(TEXTJOIN(" / ",TRUE,UNIQUE(FILTER(소재DB_RAW!$N$3:$N$2000,(소재DB_RAW!$G$3:$G$2000=$D74)*ISERROR(SEARCH("drop",소재DB_RAW!$C$3:$C$2000))))),"") | Y74: =IFERROR(TEXTJOIN(CHAR(10),TRUE,UNIQUE(FILTER(소재DB_RAW!$N$3:$N$2000&") "&소재DB_RAW!$O$3:$O$2000,(소재DB_RAW!$G$3:$G$2000=$D74)*ISNUMBER(SEARCH("겉감",소재DB_RAW!$M$3:$M$2000))*ISERROR(SEARCH("drop",소재DB_RAW!$C$3:$C$2000))))),"") | Z74: =IFERROR(TEXTJOIN(CHAR(10),TRUE,UNIQUE(FILTER(소재DB_RAW!$N$3:$N$2000&") "&소재DB_RAW!$O$3:$O$2000,(소재DB_RAW!$G$3:$G$2000=$D74)*ISNUMBER(SEARCH("안감",소재DB_RAW!$M$3:$M$2000))*ISERROR(SEARCH("drop",소재DB_RAW!$C$3:$C$2000))))),"") | AA74: 1000 | AB74: 34655000 | AC74: 168000000 | AE74: =IF($K74="","출고일 미정",IF($Q74="X","작지 미발행",IF($Q74="부분","작지 일부 미발행",IF(AND($S74<>"",$S74>$N74),"소재입고 마감("&TEXT($N74,"MM/DD")&") 초과",IF($Q74="","발행여부 확인 필요",IF($S74="","소재 입고일정 확인 필요","정상")))))) | AF74: =IF($K74="","",IF(OR(LEFT($AE74,2)="작지",LEFT($AE74,4)="소재입고"),IF(LEFT($G74,1)="S","★ 납기위험(S코드)","◆ 지연주의"),IF($AE74="정상","✓ 정상","? 확인필요")))
A75: 71 | B75: 이재헌 | C75: 엄창용 | D75: JWTBS27119 | E75: 남성 자가드 긴팔 집업 티셔츠 | F75: BLK(BLACK), KHA(KHAKI) | G75: =IF($D75="","",IF(MID($D75,5,1)="S","S(봄)",IF(MID($D75,5,1)="M","M(여름)",IF(MID($D75,5,1)="X","X(사계절)",MID($D75,5,1))))) | H75: 완사입 | J75: 1월4주 | K75: =IF($J75="","",IFERROR(DATE(IF(VALUE(LEFT($J75,FIND("월",$J75)-1))>=9,기준정보!$C$7-1,기준정보!$C$7),VALUE(LEFT($J75,FIND("월",$J75)-1)),1+7*(VALUE(SUBSTITUTE(MID($J75,FIND("월",$J75)+1,5),"주",""))-1)),"")) | L75: =IF($K75="","",IF(AND($K75-기준정보!$C$5>=기준정보!$C$10,$K75-기준정보!$C$5<=기준정보!$C$11),기준정보!$C$10-1,$K75-기준정보!$C$5)) | M75: =IF($L75="","",IF(OR(ISNUMBER(SEARCH("중국",$W75)),ISNUMBER(SEARCH("베트남",$W75))),MAX(0,MIN($L75,기준정보!$C$9)-MAX($L75-기준정보!$C$6,기준정보!$C$8)+1),IF(ISNUMBER(SEARCH("한국",$W75)),MAX(0,MIN($L75,기준정보!$C$11)-MAX($L75-기준정보!$C$6,기준정보!$C$10)+1),0))) | N75: =IF($L75="","",$L75-기준정보!$C$6-$M75) | O75: =IF($N75="","",$N75-기준정보!$C$4) | Q75: O | R75: =IF(COUNTIF(EDW_RAW!$A$2:$A$1500,$D75)=0,"",IF(COUNTIFS(EDW_RAW!$A$2:$A$1500,$D75,EDW_RAW!$U$2:$U$1500,"<>~",EDW_RAW!$U$2:$U$1500,"<>")=COUNTIF(EDW_RAW!$A$2:$A$1500,$D75),"O",IF(COUNTIFS(EDW_RAW!$A$2:$A$1500,$D75,EDW_RAW!$U$2:$U$1500,"<>~",EDW_RAW!$U$2:$U$1500,"<>")>0,"부분","X"))) | T75: =IF($H75="","",IF(AND(ISNUMBER(SEARCH("CMT",$H75)),OR(ISNUMBER(SEARCH("완사입",$H75)),ISNUMBER(SEARCH("ODM",$H75)))),"본사/생산처 혼재",IF(ISNUMBER(SEARCH("CMT",$H75)),"본사(소재팀)","생산처"))) | U75: 장안 | V75: =IFERROR(TEXTJOIN(" / ",TRUE,UNIQUE(FILTER(소재DB_RAW!$K$3:$K$2000,(소재DB_RAW!$G$3:$G$2000=$D75)*ISERROR(SEARCH("drop",소재DB_RAW!$C$3:$C$2000))))),"") | W75: 베트남 | X75: =IFERROR(TEXTJOIN(" / ",TRUE,UNIQUE(FILTER(소재DB_RAW!$N$3:$N$2000,(소재DB_RAW!$G$3:$G$2000=$D75)*ISERROR(SEARCH("drop",소재DB_RAW!$C$3:$C$2000))))),"") | Y75: =IFERROR(TEXTJOIN(CHAR(10),TRUE,UNIQUE(FILTER(소재DB_RAW!$N$3:$N$2000&") "&소재DB_RAW!$O$3:$O$2000,(소재DB_RAW!$G$3:$G$2000=$D75)*ISNUMBER(SEARCH("겉감",소재DB_RAW!$M$3:$M$2000))*ISERROR(SEARCH("drop",소재DB_RAW!$C$3:$C$2000))))),"") | Z75: =IFERROR(TEXTJOIN(CHAR(10),TRUE,UNIQUE(FILTER(소재DB_RAW!$N$3:$N$2000&") "&소재DB_RAW!$O$3:$O$2000,(소재DB_RAW!$G$3:$G$2000=$D75)*ISNUMBER(SEARCH("안감",소재DB_RAW!$M$3:$M$2000))*ISERROR(SEARCH("drop",소재DB_RAW!$C$3:$C$2000))))),"") | AA75: 2000 | AB75: 66580000 | AC75: 316000000 | AE75: =IF($K75="","출고일 미정",IF($Q75="X","작지 미발행",IF($Q75="부분","작지 일부 미발행",IF(AND($S75<>"",$S75>$N75),"소재입고 마감("&TEXT($N75,"MM/DD")&") 초과",IF($Q75="","발행여부 확인 필요",IF($S75="","소재 입고일정 확인 필요","정상")))))) | AF75: =IF($K75="","",IF(OR(LEFT($AE75,2)="작지",LEFT($AE75,4)="소재입고"),IF(LEFT($G75,1)="S","★ 납기위험(S코드)","◆ 지연주의"),IF($AE75="정상","✓ 정상","? 확인필요")))
A76: 72 | B76: 최진민 | C76: 김지원 | D76: JWTCS27055 | E76: 히어로 남성 메리노울 반팔 라운드티 | F76: GBU(G/BLUE), BLK(BLACK) | G76: =IF($D76="","",IF(MID($D76,5,1)="S","S(봄)",IF(MID($D76,5,1)="M","M(여름)",IF(MID($D76,5,1)="X","X(사계절)",MID($D76,5,1))))) | H76: 완사입 | I76: S1 | J76: 1월4주 | K76: =IF($J76="","",IFERROR(DATE(IF(VALUE(LEFT($J76,FIND("월",$J76)-1))>=9,기준정보!$C$7-1,기준정보!$C$7),VALUE(LEFT($J76,FIND("월",$J76)-1)),1+7*(VALUE(SUBSTITUTE(MID($J76,FIND("월",$J76)+1,5),"주",""))-1)),"")) | L76: =IF($K76="","",IF(AND($K76-기준정보!$C$5>=기준정보!$C$10,$K76-기준정보!$C$5<=기준정보!$C$11),기준정보!$C$10-1,$K76-기준정보!$C$5)) | M76: =IF($L76="","",IF(OR(ISNUMBER(SEARCH("중국",$W76)),ISNUMBER(SEARCH("베트남",$W76))),MAX(0,MIN($L76,기준정보!$C$9)-MAX($L76-기준정보!$C$6,기준정보!$C$8)+1),IF(ISNUMBER(SEARCH("한국",$W76)),MAX(0,MIN($L76,기준정보!$C$11)-MAX($L76-기준정보!$C$6,기준정보!$C$10)+1),0))) | N76: =IF($L76="","",$L76-기준정보!$C$6-$M76) | O76: =IF($N76="","",$N76-기준정보!$C$4) | Q76: O | R76: =IF(COUNTIF(EDW_RAW!$A$2:$A$1500,$D76)=0,"",IF(COUNTIFS(EDW_RAW!$A$2:$A$1500,$D76,EDW_RAW!$U$2:$U$1500,"<>~",EDW_RAW!$U$2:$U$1500,"<>")=COUNTIF(EDW_RAW!$A$2:$A$1500,$D76),"O",IF(COUNTIFS(EDW_RAW!$A$2:$A$1500,$D76,EDW_RAW!$U$2:$U$1500,"<>~",EDW_RAW!$U$2:$U$1500,"<>")>0,"부분","X"))) | T76: =IF($H76="","",IF(AND(ISNUMBER(SEARCH("CMT",$H76)),OR(ISNUMBER(SEARCH("완사입",$H76)),ISNUMBER(SEARCH("ODM",$H76)))),"본사/생산처 혼재",IF(ISNUMBER(SEARCH("CMT",$H76)),"본사(소재팀)","생산처"))) | U76: 장안 | V76: =IFERROR(TEXTJOIN(" / ",TRUE,UNIQUE(FILTER(소재DB_RAW!$K$3:$K$2000,(소재DB_RAW!$G$3:$G$2000=$D76)*ISERROR(SEARCH("drop",소재DB_RAW!$C$3:$C$2000))))),"") | W76: 베트남 | X76: =IFERROR(TEXTJOIN(" / ",TRUE,UNIQUE(FILTER(소재DB_RAW!$N$3:$N$2000,(소재DB_RAW!$G$3:$G$2000=$D76)*ISERROR(SEARCH("drop",소재DB_RAW!$C$3:$C$2000))))),"") | Y76: =IFERROR(TEXTJOIN(CHAR(10),TRUE,UNIQUE(FILTER(소재DB_RAW!$N$3:$N$2000&") "&소재DB_RAW!$O$3:$O$2000,(소재DB_RAW!$G$3:$G$2000=$D76)*ISNUMBER(SEARCH("겉감",소재DB_RAW!$M$3:$M$2000))*ISERROR(SEARCH("drop",소재DB_RAW!$C$3:$C$2000))))),"") | Z76: =IFERROR(TEXTJOIN(CHAR(10),TRUE,UNIQUE(FILTER(소재DB_RAW!$N$3:$N$2000&") "&소재DB_RAW!$O$3:$O$2000,(소재DB_RAW!$G$3:$G$2000=$D76)*ISNUMBER(SEARCH("안감",소재DB_RAW!$M$3:$M$2000))*ISERROR(SEARCH("drop",소재DB_RAW!$C$3:$C$2000))))),"") | AA76: 500 | AB76: 19151000 | AC76: 74000000 | AE76: =IF($K76="","출고일 미정",IF($Q76="X","작지 미발행",IF($Q76="부분","작지 일부 미발행",IF(AND($S76<>"",$S76>$N76),"소재입고 마감("&TEXT($N76,"MM/DD")&") 초과",IF($Q76="","발행여부 확인 필요",IF($S76="","소재 입고일정 확인 필요","정상")))))) | AF76: =IF($K76="","",IF(OR(LEFT($AE76,2)="작지",LEFT($AE76,4)="소재입고"),IF(LEFT($G76,1)="S","★ 납기위험(S코드)","◆ 지연주의"),IF($AE76="정상","✓ 정상","? 확인필요")))
A77: 73 | B77: 최진민 | C77: 강기환 | D77: JWVAS27017 | E77: 히어로 남성 프리마로프트 LIGHT 인슐레이션 베스트 | F77: DGY-1, BLK(BLACK) | G77: =IF($D77="","",IF(MID($D77,5,1)="S","S(봄)",IF(MID($D77,5,1)="M","M(여름)",IF(MID($D77,5,1)="X","X(사계절)",MID($D77,5,1))))) | H77: 완사입 | I77: S1 | J77: 1월4주 | K77: =IF($J77="","",IFERROR(DATE(IF(VALUE(LEFT($J77,FIND("월",$J77)-1))>=9,기준정보!$C$7-1,기준정보!$C$7),VALUE(LEFT($J77,FIND("월",$J77)-1)),1+7*(VALUE(SUBSTITUTE(MID($J77,FIND("월",$J77)+1,5),"주",""))-1)),"")) | L77: =IF($K77="","",IF(AND($K77-기준정보!$C$5>=기준정보!$C$10,$K77-기준정보!$C$5<=기준정보!$C$11),기준정보!$C$10-1,$K77-기준정보!$C$5)) | M77: =IF($L77="","",IF(OR(ISNUMBER(SEARCH("중국",$W77)),ISNUMBER(SEARCH("베트남",$W77))),MAX(0,MIN($L77,기준정보!$C$9)-MAX($L77-기준정보!$C$6,기준정보!$C$8)+1),IF(ISNUMBER(SEARCH("한국",$W77)),MAX(0,MIN($L77,기준정보!$C$11)-MAX($L77-기준정보!$C$6,기준정보!$C$10)+1),0))) | N77: =IF($L77="","",$L77-기준정보!$C$6-$M77) | O77: =IF($N77="","",$N77-기준정보!$C$4) | Q77: O | R77: =IF(COUNTIF(EDW_RAW!$A$2:$A$1500,$D77)=0,"",IF(COUNTIFS(EDW_RAW!$A$2:$A$1500,$D77,EDW_RAW!$U$2:$U$1500,"<>~",EDW_RAW!$U$2:$U$1500,"<>")=COUNTIF(EDW_RAW!$A$2:$A$1500,$D77),"O",IF(COUNTIFS(EDW_RAW!$A$2:$A$1500,$D77,EDW_RAW!$U$2:$U$1500,"<>~",EDW_RAW!$U$2:$U$1500,"<>")>0,"부분","X"))) | T77: =IF($H77="","",IF(AND(ISNUMBER(SEARCH("CMT",$H77)),OR(ISNUMBER(SEARCH("완사입",$H77)),ISNUMBER(SEARCH("ODM",$H77)))),"본사/생산처 혼재",IF(ISNUMBER(SEARCH("CMT",$H77)),"본사(소재팀)","생산처"))) | U77: 원전 | V77: =IFERROR(TEXTJOIN(" / ",TRUE,UNIQUE(FILTER(소재DB_RAW!$K$3:$K$2000,(소재DB_RAW!$G$3:$G$2000=$D77)*ISERROR(SEARCH("drop",소재DB_RAW!$C$3:$C$2000))))),"") | W77: 인도네시아 | X77: =IFERROR(TEXTJOIN(" / ",TRUE,UNIQUE(FILTER(소재DB_RAW!$N$3:$N$2000,(소재DB_RAW!$G$3:$G$2000=$D77)*ISERROR(SEARCH("drop",소재DB_RAW!$C$3:$C$2000))))),"") | Y77: =IFERROR(TEXTJOIN(CHAR(10),TRUE,UNIQUE(FILTER(소재DB_RAW!$N$3:$N$2000&") "&소재DB_RAW!$O$3:$O$2000,(소재DB_RAW!$G$3:$G$2000=$D77)*ISNUMBER(SEARCH("겉감",소재DB_RAW!$M$3:$M$2000))*ISERROR(SEARCH("drop",소재DB_RAW!$C$3:$C$2000))))),"") | Z77: =IFERROR(TEXTJOIN(CHAR(10),TRUE,UNIQUE(FILTER(소재DB_RAW!$N$3:$N$2000&") "&소재DB_RAW!$O$3:$O$2000,(소재DB_RAW!$G$3:$G$2000=$D77)*ISNUMBER(SEARCH("안감",소재DB_RAW!$M$3:$M$2000))*ISERROR(SEARCH("drop",소재DB_RAW!$C$3:$C$2000))))),"") | AA77: 870 | AB77: 53128290 | AC77: 217500000 | AE77: =IF($K77="","출고일 미정",IF($Q77="X","작지 미발행",IF($Q77="부분","작지 일부 미발행",IF(AND($S77<>"",$S77>$N77),"소재입고 마감("&TEXT($N77,"MM/DD")&") 초과",IF($Q77="","발행여부 확인 필요",IF($S77="","소재 입고일정 확인 필요","정상")))))) | AF77: =IF($K77="","",IF(OR(LEFT($AE77,2)="작지",LEFT($AE77,4)="소재입고"),IF(LEFT($G77,1)="S","★ 납기위험(S코드)","◆ 지연주의"),IF($AE77="정상","✓ 정상","? 확인필요")))
A78: 74 | B78: 이재헌 | C78: 정은진 | D78: JKJGS27102 | E78: 여성 윈드체이서 고어텍스 후드 방수 재킷 | F78: CRE(CREAM), GRE(GREEN), PUR | G78: =IF($D78="","",IF(MID($D78,5,1)="S","S(봄)",IF(MID($D78,5,1)="M","M(여름)",IF(MID($D78,5,1)="X","X(사계절)",MID($D78,5,1))))) | H78: CMT | I78: SP1 | J78: 2월1주 | K78: =IF($J78="","",IFERROR(DATE(IF(VALUE(LEFT($J78,FIND("월",$J78)-1))>=9,기준정보!$C$7-1,기준정보!$C$7),VALUE(LEFT($J78,FIND("월",$J78)-1)),1+7*(VALUE(SUBSTITUTE(MID($J78,FIND("월",$J78)+1,5),"주",""))-1)),"")) | L78: =IF($K78="","",IF(AND($K78-기준정보!$C$5>=기준정보!$C$10,$K78-기준정보!$C$5<=기준정보!$C$11),기준정보!$C$10-1,$K78-기준정보!$C$5)) | M78: =IF($L78="","",IF(OR(ISNUMBER(SEARCH("중국",$W78)),ISNUMBER(SEARCH("베트남",$W78))),MAX(0,MIN($L78,기준정보!$C$9)-MAX($L78-기준정보!$C$6,기준정보!$C$8)+1),IF(ISNUMBER(SEARCH("한국",$W78)),MAX(0,MIN($L78,기준정보!$C$11)-MAX($L78-기준정보!$C$6,기준정보!$C$10)+1),0))) | N78: =IF($L78="","",$L78-기준정보!$C$6-$M78) | O78: =IF($N78="","",$N78-기준정보!$C$4) | Q78: O | R78: =IF(COUNTIF(EDW_RAW!$A$2:$A$1500,$D78)=0,"",IF(COUNTIFS(EDW_RAW!$A$2:$A$1500,$D78,EDW_RAW!$U$2:$U$1500,"<>~",EDW_RAW!$U$2:$U$1500,"<>")=COUNTIF(EDW_RAW!$A$2:$A$1500,$D78),"O",IF(COUNTIFS(EDW_RAW!$A$2:$A$1500,$D78,EDW_RAW!$U$2:$U$1500,"<>~",EDW_RAW!$U$2:$U$1500,"<>")>0,"부분","X"))) | T78: =IF($H78="","",IF(AND(ISNUMBER(SEARCH("CMT",$H78)),OR(ISNUMBER(SEARCH("완사입",$H78)),ISNUMBER(SEARCH("ODM",$H78)))),"본사/생산처 혼재",IF(ISNUMBER(SEARCH("CMT",$H78)),"본사(소재팀)","생산처"))) | U78: 포마트 | V78: =IFERROR(TEXTJOIN(" / ",TRUE,UNIQUE(FILTER(소재DB_RAW!$K$3:$K$2000,(소재DB_RAW!$G$3:$G$2000=$D78)*ISERROR(SEARCH("drop",소재DB_RAW!$C$3:$C$2000))))),"") | W78: 베트남 | X78: =IFERROR(TEXTJOIN(" / ",TRUE,UNIQUE(FILTER(소재DB_RAW!$N$3:$N$2000,(소재DB_RAW!$G$3:$G$2000=$D78)*ISERROR(SEARCH("drop",소재DB_RAW!$C$3:$C$2000))))),"") | Y78: =IFERROR(TEXTJOIN(CHAR(10),TRUE,UNIQUE(FILTER(소재DB_RAW!$N$3:$N$2000&") "&소재DB_RAW!$O$3:$O$2000,(소재DB_RAW!$G$3:$G$2000=$D78)*ISNUMBER(SEARCH("겉감",소재DB_RAW!$M$3:$M$2000))*ISERROR(SEARCH("drop",소재DB_RAW!$C$3:$C$2000))))),"") | Z78: =IFERROR(TEXTJOIN(CHAR(10),TRUE,UNIQUE(FILTER(소재DB_RAW!$N$3:$N$2000&") "&소재DB_RAW!$O$3:$O$2000,(소재DB_RAW!$G$3:$G$2000=$D78)*ISNUMBER(SEARCH("안감",소재DB_RAW!$M$3:$M$2000))*ISERROR(SEARCH("drop",소재DB_RAW!$C$3:$C$2000))))),"") | AA78: 2500 | AB78: 248750000 | AC78: 1125000000 | AE78: =IF($K78="","출고일 미정",IF($Q78="X","작지 미발행",IF($Q78="부분","작지 일부 미발행",IF(AND($S78<>"",$S78>$N78),"소재입고 마감("&TEXT($N78,"MM/DD")&") 초과",IF($Q78="","발행여부 확인 필요",IF($S78="","소재 입고일정 확인 필요","정상")))))) | AF78: =IF($K78="","",IF(OR(LEFT($AE78,2)="작지",LEFT($AE78,4)="소재입고"),IF(LEFT($G78,1)="S","★ 납기위험(S코드)","◆ 지연주의"),IF($AE78="정상","✓ 정상","? 확인필요")))
A79: 75 | B79: 이재헌 | C79: 정은진 | D79: JKJGS27104 | E79: 여성 고어텍스 후드 디테쳐블 방수 재킷 | F79: WBE, DLI, BLK(BLACK) | G79: =IF($D79="","",IF(MID($D79,5,1)="S","S(봄)",IF(MID($D79,5,1)="M","M(여름)",IF(MID($D79,5,1)="X","X(사계절)",MID($D79,5,1))))) | H79: CMT | I79: SP1 | J79: 2월1주 | K79: =IF($J79="","",IFERROR(DATE(IF(VALUE(LEFT($J79,FIND("월",$J79)-1))>=9,기준정보!$C$7-1,기준정보!$C$7),VALUE(LEFT($J79,FIND("월",$J79)-1)),1+7*(VALUE(SUBSTITUTE(MID($J79,FIND("월",$J79)+1,5),"주",""))-1)),"")) | L79: =IF($K79="","",IF(AND($K79-기준정보!$C$5>=기준정보!$C$10,$K79-기준정보!$C$5<=기준정보!$C$11),기준정보!$C$10-1,$K79-기준정보!$C$5)) | M79: =IF($L79="","",IF(OR(ISNUMBER(SEARCH("중국",$W79)),ISNUMBER(SEARCH("베트남",$W79))),MAX(0,MIN($L79,기준정보!$C$9)-MAX($L79-기준정보!$C$6,기준정보!$C$8)+1),IF(ISNUMBER(SEARCH("한국",$W79)),MAX(0,MIN($L79,기준정보!$C$11)-MAX($L79-기준정보!$C$6,기준정보!$C$10)+1),0))) | N79: =IF($L79="","",$L79-기준정보!$C$6-$M79) | O79: =IF($N79="","",$N79-기준정보!$C$4) | Q79: O | R79: =IF(COUNTIF(EDW_RAW!$A$2:$A$1500,$D79)=0,"",IF(COUNTIFS(EDW_RAW!$A$2:$A$1500,$D79,EDW_RAW!$U$2:$U$1500,"<>~",EDW_RAW!$U$2:$U$1500,"<>")=COUNTIF(EDW_RAW!$A$2:$A$1500,$D79),"O",IF(COUNTIFS(EDW_RAW!$A$2:$A$1500,$D79,EDW_RAW!$U$2:$U$1500,"<>~",EDW_RAW!$U$2:$U$1500,"<>")>0,"부분","X"))) | T79: =IF($H79="","",IF(AND(ISNUMBER(SEARCH("CMT",$H79)),OR(ISNUMBER(SEARCH("완사입",$H79)),ISNUMBER(SEARCH("ODM",$H79)))),"본사/생산처 혼재",IF(ISNUMBER(SEARCH("CMT",$H79)),"본사(소재팀)","생산처"))) | U79: 기도 | V79: =IFERROR(TEXTJOIN(" / ",TRUE,UNIQUE(FILTER(소재DB_RAW!$K$3:$K$2000,(소재DB_RAW!$G$3:$G$2000=$D79)*ISERROR(SEARCH("drop",소재DB_RAW!$C$3:$C$2000))))),"") | W79: 미얀마 | X79: =IFERROR(TEXTJOIN(" / ",TRUE,UNIQUE(FILTER(소재DB_RAW!$N$3:$N$2000,(소재DB_RAW!$G$3:$G$2000=$D79)*ISERROR(SEARCH("drop",소재DB_RAW!$C$3:$C$2000))))),"") | Y79: =IFERROR(TEXTJOIN(CHAR(10),TRUE,UNIQUE(FILTER(소재DB_RAW!$N$3:$N$2000&") "&소재DB_RAW!$O$3:$O$2000,(소재DB_RAW!$G$3:$G$2000=$D79)*ISNUMBER(SEARCH("겉감",소재DB_RAW!$M$3:$M$2000))*ISERROR(SEARCH("drop",소재DB_RAW!$C$3:$C$2000))))),"") | Z79: =IFERROR(TEXTJOIN(CHAR(10),TRUE,UNIQUE(FILTER(소재DB_RAW!$N$3:$N$2000&") "&소재DB_RAW!$O$3:$O$2000,(소재DB_RAW!$G$3:$G$2000=$D79)*ISNUMBER(SEARCH("안감",소재DB_RAW!$M$3:$M$2000))*ISERROR(SEARCH("drop",소재DB_RAW!$C$3:$C$2000))))),"") | AA79: 7000 | AB79: 624813000 | AC79: 2730000000 | AE79: =IF($K79="","출고일 미정",IF($Q79="X","작지 미발행",IF($Q79="부분","작지 일부 미발행",IF(AND($S79<>"",$S79>$N79),"소재입고 마감("&TEXT($N79,"MM/DD")&") 초과",IF($Q79="","발행여부 확인 필요",IF($S79="","소재 입고일정 확인 필요","정상")))))) | AF79: =IF($K79="","",IF(OR(LEFT($AE79,2)="작지",LEFT($AE79,4)="소재입고"),IF(LEFT($G79,1)="S","★ 납기위험(S코드)","◆ 지연주의"),IF($AE79="정상","✓ 정상","? 확인필요")))
A80: 76 | B80: 박지인 | C80: 정은진 | D80: JKJJS27136 | E80: 춘절 여성 Wigo 방풍 재킷 (SET UP) | F80: BLK(BLACK) | G80: =IF($D80="","",IF(MID($D80,5,1)="S","S(봄)",IF(MID($D80,5,1)="M","M(여름)",IF(MID($D80,5,1)="X","X(사계절)",MID($D80,5,1))))) | H80: 완사입 | J80: 2월1주 | K80: =IF($J80="","",IFERROR(DATE(IF(VALUE(LEFT($J80,FIND("월",$J80)-1))>=9,기준정보!$C$7-1,기준정보!$C$7),VALUE(LEFT($J80,FIND("월",$J80)-1)),1+7*(VALUE(SUBSTITUTE(MID($J80,FIND("월",$J80)+1,5),"주",""))-1)),"")) | L80: =IF($K80="","",IF(AND($K80-기준정보!$C$5>=기준정보!$C$10,$K80-기준정보!$C$5<=기준정보!$C$11),기준정보!$C$10-1,$K80-기준정보!$C$5)) | M80: =IF($L80="","",IF(OR(ISNUMBER(SEARCH("중국",$W80)),ISNUMBER(SEARCH("베트남",$W80))),MAX(0,MIN($L80,기준정보!$C$9)-MAX($L80-기준정보!$C$6,기준정보!$C$8)+1),IF(ISNUMBER(SEARCH("한국",$W80)),MAX(0,MIN($L80,기준정보!$C$11)-MAX($L80-기준정보!$C$6,기준정보!$C$10)+1),0))) | N80: =IF($L80="","",$L80-기준정보!$C$6-$M80) | O80: =IF($N80="","",$N80-기준정보!$C$4) | Q80: O | R80: =IF(COUNTIF(EDW_RAW!$A$2:$A$1500,$D80)=0,"",IF(COUNTIFS(EDW_RAW!$A$2:$A$1500,$D80,EDW_RAW!$U$2:$U$1500,"<>~",EDW_RAW!$U$2:$U$1500,"<>")=COUNTIF(EDW_RAW!$A$2:$A$1500,$D80),"O",IF(COUNTIFS(EDW_RAW!$A$2:$A$1500,$D80,EDW_RAW!$U$2:$U$1500,"<>~",EDW_RAW!$U$2:$U$1500,"<>")>0,"부분","X"))) | T80: =IF($H80="","",IF(AND(ISNUMBER(SEARCH("CMT",$H80)),OR(ISNUMBER(SEARCH("완사입",$H80)),ISNUMBER(SEARCH("ODM",$H80)))),"본사/생산처 혼재",IF(ISNUMBER(SEARCH("CMT",$H80)),"본사(소재팀)","생산처"))) | U80: 원전 | V80: =IFERROR(TEXTJOIN(" / ",TRUE,UNIQUE(FILTER(소재DB_RAW!$K$3:$K$2000,(소재DB_RAW!$G$3:$G$2000=$D80)*ISERROR(SEARCH("drop",소재DB_RAW!$C$3:$C$2000))))),"") | X80: =IFERROR(TEXTJOIN(" / ",TRUE,UNIQUE(FILTER(소재DB_RAW!$N$3:$N$2000,(소재DB_RAW!$G$3:$G$2000=$D80)*ISERROR(SEARCH("drop",소재DB_RAW!$C$3:$C$2000))))),"") | Y80: =IFERROR(TEXTJOIN(CHAR(10),TRUE,UNIQUE(FILTER(소재DB_RAW!$N$3:$N$2000&") "&소재DB_RAW!$O$3:$O$2000,(소재DB_RAW!$G$3:$G$2000=$D80)*ISNUMBER(SEARCH("겉감",소재DB_RAW!$M$3:$M$2000))*ISERROR(SEARCH("drop",소재DB_RAW!$C$3:$C$2000))))),"") | Z80: =IFERROR(TEXTJOIN(CHAR(10),TRUE,UNIQUE(FILTER(소재DB_RAW!$N$3:$N$2000&") "&소재DB_RAW!$O$3:$O$2000,(소재DB_RAW!$G$3:$G$2000=$D80)*ISNUMBER(SEARCH("안감",소재DB_RAW!$M$3:$M$2000))*ISERROR(SEARCH("drop",소재DB_RAW!$C$3:$C$2000))))),"") | AA80: 800 | AB80: 53180800 | AC80: 256000000 | AD80: 2월1주 | AE80: =IF($K80="","출고일 미정",IF($Q80="X","작지 미발행",IF($Q80="부분","작지 일부 미발행",IF(AND($S80<>"",$S80>$N80),"소재입고 마감("&TEXT($N80,"MM/DD")&") 초과",IF($Q80="","발행여부 확인 필요",IF($S80="","소재 입고일정 확인 필요","정상")))))) | AF80: =IF($K80="","",IF(OR(LEFT($AE80,2)="작지",LEFT($AE80,4)="소재입고"),IF(LEFT($G80,1)="S","★ 납기위험(S코드)","◆ 지연주의"),IF($AE80="정상","✓ 정상","? 확인필요")))
A81: 77 | B81: 이재헌 | C81: 정은진 | D81: JKJWS27106 | E81: 여성 고어윈드스토퍼 후드 디테쳐블 재킷 | F81: WBE, PUR, BLK(BLACK) | G81: =IF($D81="","",IF(MID($D81,5,1)="S","S(봄)",IF(MID($D81,5,1)="M","M(여름)",IF(MID($D81,5,1)="X","X(사계절)",MID($D81,5,1))))) | H81: CMT | I81: SP1 | J81: 2월1주 | K81: =IF($J81="","",IFERROR(DATE(IF(VALUE(LEFT($J81,FIND("월",$J81)-1))>=9,기준정보!$C$7-1,기준정보!$C$7),VALUE(LEFT($J81,FIND("월",$J81)-1)),1+7*(VALUE(SUBSTITUTE(MID($J81,FIND("월",$J81)+1,5),"주",""))-1)),"")) | L81: =IF($K81="","",IF(AND($K81-기준정보!$C$5>=기준정보!$C$10,$K81-기준정보!$C$5<=기준정보!$C$11),기준정보!$C$10-1,$K81-기준정보!$C$5)) | M81: =IF($L81="","",IF(OR(ISNUMBER(SEARCH("중국",$W81)),ISNUMBER(SEARCH("베트남",$W81))),MAX(0,MIN($L81,기준정보!$C$9)-MAX($L81-기준정보!$C$6,기준정보!$C$8)+1),IF(ISNUMBER(SEARCH("한국",$W81)),MAX(0,MIN($L81,기준정보!$C$11)-MAX($L81-기준정보!$C$6,기준정보!$C$10)+1),0))) | N81: =IF($L81="","",$L81-기준정보!$C$6-$M81) | O81: =IF($N81="","",$N81-기준정보!$C$4) | Q81: O | R81: =IF(COUNTIF(EDW_RAW!$A$2:$A$1500,$D81)=0,"",IF(COUNTIFS(EDW_RAW!$A$2:$A$1500,$D81,EDW_RAW!$U$2:$U$1500,"<>~",EDW_RAW!$U$2:$U$1500,"<>")=COUNTIF(EDW_RAW!$A$2:$A$1500,$D81),"O",IF(COUNTIFS(EDW_RAW!$A$2:$A$1500,$D81,EDW_RAW!$U$2:$U$1500,"<>~",EDW_RAW!$U$2:$U$1500,"<>")>0,"부분","X"))) | T81: =IF($H81="","",IF(AND(ISNUMBER(SEARCH("CMT",$H81)),OR(ISNUMBER(SEARCH("완사입",$H81)),ISNUMBER(SEARCH("ODM",$H81)))),"본사/생산처 혼재",IF(ISNUMBER(SEARCH("CMT",$H81)),"본사(소재팀)","생산처"))) | U81: 원전 | V81: =IFERROR(TEXTJOIN(" / ",TRUE,UNIQUE(FILTER(소재DB_RAW!$K$3:$K$2000,(소재DB_RAW!$G$3:$G$2000=$D81)*ISERROR(SEARCH("drop",소재DB_RAW!$C$3:$C$2000))))),"") | W81: 인도네시아 | X81: =IFERROR(TEXTJOIN(" / ",TRUE,UNIQUE(FILTER(소재DB_RAW!$N$3:$N$2000,(소재DB_RAW!$G$3:$G$2000=$D81)*ISERROR(SEARCH("drop",소재DB_RAW!$C$3:$C$2000))))),"") | Y81: =IFERROR(TEXTJOIN(CHAR(10),TRUE,UNIQUE(FILTER(소재DB_RAW!$N$3:$N$2000&") "&소재DB_RAW!$O$3:$O$2000,(소재DB_RAW!$G$3:$G$2000=$D81)*ISNUMBER(SEARCH("겉감",소재DB_RAW!$M$3:$M$2000))*ISERROR(SEARCH("drop",소재DB_RAW!$C$3:$C$2000))))),"") | Z81: =IFERROR(TEXTJOIN(CHAR(10),TRUE,UNIQUE(FILTER(소재DB_RAW!$N$3:$N$2000&") "&소재DB_RAW!$O$3:$O$2000,(소재DB_RAW!$G$3:$G$2000=$D81)*ISNUMBER(SEARCH("안감",소재DB_RAW!$M$3:$M$2000))*ISERROR(SEARCH("drop",소재DB_RAW!$C$3:$C$2000))))),"") | AA81: 4000 | AB81: 282392800 | AC81: 1280000000 | AE81: =IF($K81="","출고일 미정",IF($Q81="X","작지 미발행",IF($Q81="부분","작지 일부 미발행",IF(AND($S81<>"",$S81>$N81),"소재입고 마감("&TEXT($N81,"MM/DD")&") 초과",IF($Q81="","발행여부 확인 필요",IF($S81="","소재 입고일정 확인 필요","정상")))))) | AF81: =IF($K81="","",IF(OR(LEFT($AE81,2)="작지",LEFT($AE81,4)="소재입고"),IF(LEFT($G81,1)="S","★ 납기위험(S코드)","◆ 지연주의"),IF($AE81="정상","✓ 정상","? 확인필요")))
A82: 78 | B82: 박진아 | C82: 조이슬 | D82: JKPNS27114 | E82: DS 제안) 춘절 여성 레귤러핏 카고 팬츠 | F82: DGY(D/GRAY), WBE | G82: =IF($D82="","",IF(MID($D82,5,1)="S","S(봄)",IF(MID($D82,5,1)="M","M(여름)",IF(MID($D82,5,1)="X","X(사계절)",MID($D82,5,1))))) | H82: CMT | J82: 2월1주 | K82: =IF($J82="","",IFERROR(DATE(IF(VALUE(LEFT($J82,FIND("월",$J82)-1))>=9,기준정보!$C$7-1,기준정보!$C$7),VALUE(LEFT($J82,FIND("월",$J82)-1)),1+7*(VALUE(SUBSTITUTE(MID($J82,FIND("월",$J82)+1,5),"주",""))-1)),"")) | L82: =IF($K82="","",IF(AND($K82-기준정보!$C$5>=기준정보!$C$10,$K82-기준정보!$C$5<=기준정보!$C$11),기준정보!$C$10-1,$K82-기준정보!$C$5)) | M82: =IF($L82="","",IF(OR(ISNUMBER(SEARCH("중국",$W82)),ISNUMBER(SEARCH("베트남",$W82))),MAX(0,MIN($L82,기준정보!$C$9)-MAX($L82-기준정보!$C$6,기준정보!$C$8)+1),IF(ISNUMBER(SEARCH("한국",$W82)),MAX(0,MIN($L82,기준정보!$C$11)-MAX($L82-기준정보!$C$6,기준정보!$C$10)+1),0))) | N82: =IF($L82="","",$L82-기준정보!$C$6-$M82) | O82: =IF($N82="","",$N82-기준정보!$C$4) | Q82: O | R82: =IF(COUNTIF(EDW_RAW!$A$2:$A$1500,$D82)=0,"",IF(COUNTIFS(EDW_RAW!$A$2:$A$1500,$D82,EDW_RAW!$U$2:$U$1500,"<>~",EDW_RAW!$U$2:$U$1500,"<>")=COUNTIF(EDW_RAW!$A$2:$A$1500,$D82),"O",IF(COUNTIFS(EDW_RAW!$A$2:$A$1500,$D82,EDW_RAW!$U$2:$U$1500,"<>~",EDW_RAW!$U$2:$U$1500,"<>")>0,"부분","X"))) | T82: =IF($H82="","",IF(AND(ISNUMBER(SEARCH("CMT",$H82)),OR(ISNUMBER(SEARCH("완사입",$H82)),ISNUMBER(SEARCH("ODM",$H82)))),"본사/생산처 혼재",IF(ISNUMBER(SEARCH("CMT",$H82)),"본사(소재팀)","생산처"))) | U82: TBO | V82: =IFERROR(TEXTJOIN(" / ",TRUE,UNIQUE(FILTER(소재DB_RAW!$K$3:$K$2000,(소재DB_RAW!$G$3:$G$2000=$D82)*ISERROR(SEARCH("drop",소재DB_RAW!$C$3:$C$2000))))),"") | W82: 베트남 | X82: =IFERROR(TEXTJOIN(" / ",TRUE,UNIQUE(FILTER(소재DB_RAW!$N$3:$N$2000,(소재DB_RAW!$G$3:$G$2000=$D82)*ISERROR(SEARCH("drop",소재DB_RAW!$C$3:$C$2000))))),"") | Y82: =IFERROR(TEXTJOIN(CHAR(10),TRUE,UNIQUE(FILTER(소재DB_RAW!$N$3:$N$2000&") "&소재DB_RAW!$O$3:$O$2000,(소재DB_RAW!$G$3:$G$2000=$D82)*ISNUMBER(SEARCH("겉감",소재DB_RAW!$M$3:$M$2000))*ISERROR(SEARCH("drop",소재DB_RAW!$C$3:$C$2000))))),"") | Z82: =IFERROR(TEXTJOIN(CHAR(10),TRUE,UNIQUE(FILTER(소재DB_RAW!$N$3:$N$2000&") "&소재DB_RAW!$O$3:$O$2000,(소재DB_RAW!$G$3:$G$2000=$D82)*ISNUMBER(SEARCH("안감",소재DB_RAW!$M$3:$M$2000))*ISERROR(SEARCH("drop",소재DB_RAW!$C$3:$C$2000))))),"") | AA82: 1800 | AB82: 62179200 | AC82: 356400000 | AD82: 2월1주 | AE82: =IF($K82="","출고일 미정",IF($Q82="X","작지 미발행",IF($Q82="부분","작지 일부 미발행",IF(AND($S82<>"",$S82>$N82),"소재입고 마감("&TEXT($N82,"MM/DD")&") 초과",IF($Q82="","발행여부 확인 필요",IF($S82="","소재 입고일정 확인 필요","정상")))))) | AF82: =IF($K82="","",IF(OR(LEFT($AE82,2)="작지",LEFT($AE82,4)="소재입고"),IF(LEFT($G82,1)="S","★ 납기위험(S코드)","◆ 지연주의"),IF($AE82="정상","✓ 정상","? 확인필요")))
A83: 79 | B83: 박진아 | C83: 조이슬 | D83: JKTBS27112 | E83: 춘절 여성 하이브리드 긴팔 집업 티셔츠 | F83: WBE, DGY(D/GRAY) | G83: =IF($D83="","",IF(MID($D83,5,1)="S","S(봄)",IF(MID($D83,5,1)="M","M(여름)",IF(MID($D83,5,1)="X","X(사계절)",MID($D83,5,1))))) | H83: 완사입 | J83: 2월1주 | K83: =IF($J83="","",IFERROR(DATE(IF(VALUE(LEFT($J83,FIND("월",$J83)-1))>=9,기준정보!$C$7-1,기준정보!$C$7),VALUE(LEFT($J83,FIND("월",$J83)-1)),1+7*(VALUE(SUBSTITUTE(MID($J83,FIND("월",$J83)+1,5),"주",""))-1)),"")) | L83: =IF($K83="","",IF(AND($K83-기준정보!$C$5>=기준정보!$C$10,$K83-기준정보!$C$5<=기준정보!$C$11),기준정보!$C$10-1,$K83-기준정보!$C$5)) | M83: =IF($L83="","",IF(OR(ISNUMBER(SEARCH("중국",$W83)),ISNUMBER(SEARCH("베트남",$W83))),MAX(0,MIN($L83,기준정보!$C$9)-MAX($L83-기준정보!$C$6,기준정보!$C$8)+1),IF(ISNUMBER(SEARCH("한국",$W83)),MAX(0,MIN($L83,기준정보!$C$11)-MAX($L83-기준정보!$C$6,기준정보!$C$10)+1),0))) | N83: =IF($L83="","",$L83-기준정보!$C$6-$M83) | O83: =IF($N83="","",$N83-기준정보!$C$4) | Q83: O | R83: =IF(COUNTIF(EDW_RAW!$A$2:$A$1500,$D83)=0,"",IF(COUNTIFS(EDW_RAW!$A$2:$A$1500,$D83,EDW_RAW!$U$2:$U$1500,"<>~",EDW_RAW!$U$2:$U$1500,"<>")=COUNTIF(EDW_RAW!$A$2:$A$1500,$D83),"O",IF(COUNTIFS(EDW_RAW!$A$2:$A$1500,$D83,EDW_RAW!$U$2:$U$1500,"<>~",EDW_RAW!$U$2:$U$1500,"<>")>0,"부분","X"))) | T83: =IF($H83="","",IF(AND(ISNUMBER(SEARCH("CMT",$H83)),OR(ISNUMBER(SEARCH("완사입",$H83)),ISNUMBER(SEARCH("ODM",$H83)))),"본사/생산처 혼재",IF(ISNUMBER(SEARCH("CMT",$H83)),"본사(소재팀)","생산처"))) | U83: IKG | V83: =IFERROR(TEXTJOIN(" / ",TRUE,UNIQUE(FILTER(소재DB_RAW!$K$3:$K$2000,(소재DB_RAW!$G$3:$G$2000=$D83)*ISERROR(SEARCH("drop",소재DB_RAW!$C$3:$C$2000))))),"") | W83: 인도네시아 | X83: =IFERROR(TEXTJOIN(" / ",TRUE,UNIQUE(FILTER(소재DB_RAW!$N$3:$N$2000,(소재DB_RAW!$G$3:$G$2000=$D83)*ISERROR(SEARCH("drop",소재DB_RAW!$C$3:$C$2000))))),"") | Y83: =IFERROR(TEXTJOIN(CHAR(10),TRUE,UNIQUE(FILTER(소재DB_RAW!$N$3:$N$2000&") "&소재DB_RAW!$O$3:$O$2000,(소재DB_RAW!$G$3:$G$2000=$D83)*ISNUMBER(SEARCH("겉감",소재DB_RAW!$M$3:$M$2000))*ISERROR(SEARCH("drop",소재DB_RAW!$C$3:$C$2000))))),"") | Z83: =IFERROR(TEXTJOIN(CHAR(10),TRUE,UNIQUE(FILTER(소재DB_RAW!$N$3:$N$2000&") "&소재DB_RAW!$O$3:$O$2000,(소재DB_RAW!$G$3:$G$2000=$D83)*ISNUMBER(SEARCH("안감",소재DB_RAW!$M$3:$M$2000))*ISERROR(SEARCH("drop",소재DB_RAW!$C$3:$C$2000))))),"") | AA83: 2000 | AB83: 52250000 | AC83: 296000000 | AD83: 2월1주 | AE83: =IF($K83="","출고일 미정",IF($Q83="X","작지 미발행",IF($Q83="부분","작지 일부 미발행",IF(AND($S83<>"",$S83>$N83),"소재입고 마감("&TEXT($N83,"MM/DD")&") 초과",IF($Q83="","발행여부 확인 필요",IF($S83="","소재 입고일정 확인 필요","정상")))))) | AF83: =IF($K83="","",IF(OR(LEFT($AE83,2)="작지",LEFT($AE83,4)="소재입고"),IF(LEFT($G83,1)="S","★ 납기위험(S코드)","◆ 지연주의"),IF($AE83="정상","✓ 정상","? 확인필요")))
A84: 80 | B84: 박진아 | C84: 조이슬 | D84: JKTBS27114 | E84: 춘절 여성 ClearDry 아웃포켓 긴팔 라운드 티셔츠 | F84: GRY(GRAY), CRE(CREAM) | G84: =IF($D84="","",IF(MID($D84,5,1)="S","S(봄)",IF(MID($D84,5,1)="M","M(여름)",IF(MID($D84,5,1)="X","X(사계절)",MID($D84,5,1))))) | H84: 완사입 | J84: 2월1주 | K84: =IF($J84="","",IFERROR(DATE(IF(VALUE(LEFT($J84,FIND("월",$J84)-1))>=9,기준정보!$C$7-1,기준정보!$C$7),VALUE(LEFT($J84,FIND("월",$J84)-1)),1+7*(VALUE(SUBSTITUTE(MID($J84,FIND("월",$J84)+1,5),"주",""))-1)),"")) | L84: =IF($K84="","",IF(AND($K84-기준정보!$C$5>=기준정보!$C$10,$K84-기준정보!$C$5<=기준정보!$C$11),기준정보!$C$10-1,$K84-기준정보!$C$5)) | M84: =IF($L84="","",IF(OR(ISNUMBER(SEARCH("중국",$W84)),ISNUMBER(SEARCH("베트남",$W84))),MAX(0,MIN($L84,기준정보!$C$9)-MAX($L84-기준정보!$C$6,기준정보!$C$8)+1),IF(ISNUMBER(SEARCH("한국",$W84)),MAX(0,MIN($L84,기준정보!$C$11)-MAX($L84-기준정보!$C$6,기준정보!$C$10)+1),0))) | N84: =IF($L84="","",$L84-기준정보!$C$6-$M84) | O84: =IF($N84="","",$N84-기준정보!$C$4) | Q84: O | R84: =IF(COUNTIF(EDW_RAW!$A$2:$A$1500,$D84)=0,"",IF(COUNTIFS(EDW_RAW!$A$2:$A$1500,$D84,EDW_RAW!$U$2:$U$1500,"<>~",EDW_RAW!$U$2:$U$1500,"<>")=COUNTIF(EDW_RAW!$A$2:$A$1500,$D84),"O",IF(COUNTIFS(EDW_RAW!$A$2:$A$1500,$D84,EDW_RAW!$U$2:$U$1500,"<>~",EDW_RAW!$U$2:$U$1500,"<>")>0,"부분","X"))) | T84: =IF($H84="","",IF(AND(ISNUMBER(SEARCH("CMT",$H84)),OR(ISNUMBER(SEARCH("완사입",$H84)),ISNUMBER(SEARCH("ODM",$H84)))),"본사/생산처 혼재",IF(ISNUMBER(SEARCH("CMT",$H84)),"본사(소재팀)","생산처"))) | U84: IKG | V84: =IFERROR(TEXTJOIN(" / ",TRUE,UNIQUE(FILTER(소재DB_RAW!$K$3:$K$2000,(소재DB_RAW!$G$3:$G$2000=$D84)*ISERROR(SEARCH("drop",소재DB_RAW!$C$3:$C$2000))))),"") | W84: 인도네시아 | X84: =IFERROR(TEXTJOIN(" / ",TRUE,UNIQUE(FILTER(소재DB_RAW!$N$3:$N$2000,(소재DB_RAW!$G$3:$G$2000=$D84)*ISERROR(SEARCH("drop",소재DB_RAW!$C$3:$C$2000))))),"") | Y84: =IFERROR(TEXTJOIN(CHAR(10),TRUE,UNIQUE(FILTER(소재DB_RAW!$N$3:$N$2000&") "&소재DB_RAW!$O$3:$O$2000,(소재DB_RAW!$G$3:$G$2000=$D84)*ISNUMBER(SEARCH("겉감",소재DB_RAW!$M$3:$M$2000))*ISERROR(SEARCH("drop",소재DB_RAW!$C$3:$C$2000))))),"") | Z84: =IFERROR(TEXTJOIN(CHAR(10),TRUE,UNIQUE(FILTER(소재DB_RAW!$N$3:$N$2000&") "&소재DB_RAW!$O$3:$O$2000,(소재DB_RAW!$G$3:$G$2000=$D84)*ISNUMBER(SEARCH("안감",소재DB_RAW!$M$3:$M$2000))*ISERROR(SEARCH("drop",소재DB_RAW!$C$3:$C$2000))))),"") | AA84: 1300 | AB84: 27060800 | AC84: 166400000 | AD84: 2월1주 | AE84: =IF($K84="","출고일 미정",IF($Q84="X","작지 미발행",IF($Q84="부분","작지 일부 미발행",IF(AND($S84<>"",$S84>$N84),"소재입고 마감("&TEXT($N84,"MM/DD")&") 초과",IF($Q84="","발행여부 확인 필요",IF($S84="","소재 입고일정 확인 필요","정상")))))) | AF84: =IF($K84="","",IF(OR(LEFT($AE84,2)="작지",LEFT($AE84,4)="소재입고"),IF(LEFT($G84,1)="S","★ 납기위험(S코드)","◆ 지연주의"),IF($AE84="정상","✓ 정상","? 확인필요")))
A85: 81 | B85: 박진아 | C85: 조이슬 | D85: JKTBS27116 | E85: 춘절 여성 후드 티셔츠 | F85: BLK(BLACK), DYL(D/YELLOW) | G85: =IF($D85="","",IF(MID($D85,5,1)="S","S(봄)",IF(MID($D85,5,1)="M","M(여름)",IF(MID($D85,5,1)="X","X(사계절)",MID($D85,5,1))))) | H85: 완사입 | J85: 2월1주 | K85: =IF($J85="","",IFERROR(DATE(IF(VALUE(LEFT($J85,FIND("월",$J85)-1))>=9,기준정보!$C$7-1,기준정보!$C$7),VALUE(LEFT($J85,FIND("월",$J85)-1)),1+7*(VALUE(SUBSTITUTE(MID($J85,FIND("월",$J85)+1,5),"주",""))-1)),"")) | L85: =IF($K85="","",IF(AND($K85-기준정보!$C$5>=기준정보!$C$10,$K85-기준정보!$C$5<=기준정보!$C$11),기준정보!$C$10-1,$K85-기준정보!$C$5)) | M85: =IF($L85="","",IF(OR(ISNUMBER(SEARCH("중국",$W85)),ISNUMBER(SEARCH("베트남",$W85))),MAX(0,MIN($L85,기준정보!$C$9)-MAX($L85-기준정보!$C$6,기준정보!$C$8)+1),IF(ISNUMBER(SEARCH("한국",$W85)),MAX(0,MIN($L85,기준정보!$C$11)-MAX($L85-기준정보!$C$6,기준정보!$C$10)+1),0))) | N85: =IF($L85="","",$L85-기준정보!$C$6-$M85) | O85: =IF($N85="","",$N85-기준정보!$C$4) | Q85: O | R85: =IF(COUNTIF(EDW_RAW!$A$2:$A$1500,$D85)=0,"",IF(COUNTIFS(EDW_RAW!$A$2:$A$1500,$D85,EDW_RAW!$U$2:$U$1500,"<>~",EDW_RAW!$U$2:$U$1500,"<>")=COUNTIF(EDW_RAW!$A$2:$A$1500,$D85),"O",IF(COUNTIFS(EDW_RAW!$A$2:$A$1500,$D85,EDW_RAW!$U$2:$U$1500,"<>~",EDW_RAW!$U$2:$U$1500,"<>")>0,"부분","X"))) | T85: =IF($H85="","",IF(AND(ISNUMBER(SEARCH("CMT",$H85)),OR(ISNUMBER(SEARCH("완사입",$H85)),ISNUMBER(SEARCH("ODM",$H85)))),"본사/생산처 혼재",IF(ISNUMBER(SEARCH("CMT",$H85)),"본사(소재팀)","생산처"))) | U85: IKG | V85: =IFERROR(TEXTJOIN(" / ",TRUE,UNIQUE(FILTER(소재DB_RAW!$K$3:$K$2000,(소재DB_RAW!$G$3:$G$2000=$D85)*ISERROR(SEARCH("drop",소재DB_RAW!$C$3:$C$2000))))),"") | W85: 인도네시아 | X85: =IFERROR(TEXTJOIN(" / ",TRUE,UNIQUE(FILTER(소재DB_RAW!$N$3:$N$2000,(소재DB_RAW!$G$3:$G$2000=$D85)*ISERROR(SEARCH("drop",소재DB_RAW!$C$3:$C$2000))))),"") | Y85: =IFERROR(TEXTJOIN(CHAR(10),TRUE,UNIQUE(FILTER(소재DB_RAW!$N$3:$N$2000&") "&소재DB_RAW!$O$3:$O$2000,(소재DB_RAW!$G$3:$G$2000=$D85)*ISNUMBER(SEARCH("겉감",소재DB_RAW!$M$3:$M$2000))*ISERROR(SEARCH("drop",소재DB_RAW!$C$3:$C$2000))))),"") | Z85: =IFERROR(TEXTJOIN(CHAR(10),TRUE,UNIQUE(FILTER(소재DB_RAW!$N$3:$N$2000&") "&소재DB_RAW!$O$3:$O$2000,(소재DB_RAW!$G$3:$G$2000=$D85)*ISNUMBER(SEARCH("안감",소재DB_RAW!$M$3:$M$2000))*ISERROR(SEARCH("drop",소재DB_RAW!$C$3:$C$2000))))),"") | AA85: 1200 | AB85: 32727600 | AC85: 201600000 | AD85: 2월1주 | AE85: =IF($K85="","출고일 미정",IF($Q85="X","작지 미발행",IF($Q85="부분","작지 일부 미발행",IF(AND($S85<>"",$S85>$N85),"소재입고 마감("&TEXT($N85,"MM/DD")&") 초과",IF($Q85="","발행여부 확인 필요",IF($S85="","소재 입고일정 확인 필요","정상")))))) | AF85: =IF($K85="","",IF(OR(LEFT($AE85,2)="작지",LEFT($AE85,4)="소재입고"),IF(LEFT($G85,1)="S","★ 납기위험(S코드)","◆ 지연주의"),IF($AE85="정상","✓ 정상","? 확인필요")))
A86: 82 | B86: 박진아 | C86: 조이슬 | D86: JKTBS27118 | E86: 춘절 여성 하이브리드 긴팔 후드 티셔츠 | F86: CRE(CREAM), DYL(D/YELLOW) | G86: =IF($D86="","",IF(MID($D86,5,1)="S","S(봄)",IF(MID($D86,5,1)="M","M(여름)",IF(MID($D86,5,1)="X","X(사계절)",MID($D86,5,1))))) | H86: 완사입 | J86: 2월1주 | K86: =IF($J86="","",IFERROR(DATE(IF(VALUE(LEFT($J86,FIND("월",$J86)-1))>=9,기준정보!$C$7-1,기준정보!$C$7),VALUE(LEFT($J86,FIND("월",$J86)-1)),1+7*(VALUE(SUBSTITUTE(MID($J86,FIND("월",$J86)+1,5),"주",""))-1)),"")) | L86: =IF($K86="","",IF(AND($K86-기준정보!$C$5>=기준정보!$C$10,$K86-기준정보!$C$5<=기준정보!$C$11),기준정보!$C$10-1,$K86-기준정보!$C$5)) | M86: =IF($L86="","",IF(OR(ISNUMBER(SEARCH("중국",$W86)),ISNUMBER(SEARCH("베트남",$W86))),MAX(0,MIN($L86,기준정보!$C$9)-MAX($L86-기준정보!$C$6,기준정보!$C$8)+1),IF(ISNUMBER(SEARCH("한국",$W86)),MAX(0,MIN($L86,기준정보!$C$11)-MAX($L86-기준정보!$C$6,기준정보!$C$10)+1),0))) | N86: =IF($L86="","",$L86-기준정보!$C$6-$M86) | O86: =IF($N86="","",$N86-기준정보!$C$4) | P86: O | Q86: O | R86: =IF(COUNTIF(EDW_RAW!$A$2:$A$1500,$D86)=0,"",IF(COUNTIFS(EDW_RAW!$A$2:$A$1500,$D86,EDW_RAW!$U$2:$U$1500,"<>~",EDW_RAW!$U$2:$U$1500,"<>")=COUNTIF(EDW_RAW!$A$2:$A$1500,$D86),"O",IF(COUNTIFS(EDW_RAW!$A$2:$A$1500,$D86,EDW_RAW!$U$2:$U$1500,"<>~",EDW_RAW!$U$2:$U$1500,"<>")>0,"부분","X"))) | T86: =IF($H86="","",IF(AND(ISNUMBER(SEARCH("CMT",$H86)),OR(ISNUMBER(SEARCH("완사입",$H86)),ISNUMBER(SEARCH("ODM",$H86)))),"본사/생산처 혼재",IF(ISNUMBER(SEARCH("CMT",$H86)),"본사(소재팀)","생산처"))) | U86: 장안 | V86: =IFERROR(TEXTJOIN(" / ",TRUE,UNIQUE(FILTER(소재DB_RAW!$K$3:$K$2000,(소재DB_RAW!$G$3:$G$2000=$D86)*ISERROR(SEARCH("drop",소재DB_RAW!$C$3:$C$2000))))),"") | W86: 인도네시아 | X86: =IFERROR(TEXTJOIN(" / ",TRUE,UNIQUE(FILTER(소재DB_RAW!$N$3:$N$2000,(소재DB_RAW!$G$3:$G$2000=$D86)*ISERROR(SEARCH("drop",소재DB_RAW!$C$3:$C$2000))))),"") | Y86: =IFERROR(TEXTJOIN(CHAR(10),TRUE,UNIQUE(FILTER(소재DB_RAW!$N$3:$N$2000&") "&소재DB_RAW!$O$3:$O$2000,(소재DB_RAW!$G$3:$G$2000=$D86)*ISNUMBER(SEARCH("겉감",소재DB_RAW!$M$3:$M$2000))*ISERROR(SEARCH("drop",소재DB_RAW!$C$3:$C$2000))))),"") | Z86: =IFERROR(TEXTJOIN(CHAR(10),TRUE,UNIQUE(FILTER(소재DB_RAW!$N$3:$N$2000&") "&소재DB_RAW!$O$3:$O$2000,(소재DB_RAW!$G$3:$G$2000=$D86)*ISNUMBER(SEARCH("안감",소재DB_RAW!$M$3:$M$2000))*ISERROR(SEARCH("drop",소재DB_RAW!$C$3:$C$2000))))),"") | AA86: 3000 | AB86: 114219000 | AC86: 504000000 | AD86: 2월1주 | AE86: =IF($K86="","출고일 미정",IF($Q86="X","작지 미발행",IF($Q86="부분","작지 일부 미발행",IF(AND($S86<>"",$S86>$N86),"소재입고 마감("&TEXT($N86,"MM/DD")&") 초과",IF($Q86="","발행여부 확인 필요",IF($S86="","소재 입고일정 확인 필요","정상")))))) | AF86: =IF($K86="","",IF(OR(LEFT($AE86,2)="작지",LEFT($AE86,4)="소재입고"),IF(LEFT($G86,1)="S","★ 납기위험(S코드)","◆ 지연주의"),IF($AE86="정상","✓ 정상","? 확인필요")))
