Workbook

Sheet 사용안내
B2: 27FW 소재일정 역산 트래커 — 생진테 출고일 기준, 띤쨘·르바란 보정 (v1)
B4: 정렬 순서
B5: ① A코드(가을) 전체 — 납기상 최우선 그룹
B6: ② 비수기 선정 스타일(가을 제외) — 27FW 비수기 선정 수령 시 반영 예정 (현재 공란)
B7: ③ 나머지 W(겨울) → X(사계절) — 각 그룹 안에서는 출고일 주차 순
B9: 계산 로직
B10: ① 출고예정일 = 생진테 출고일 주차를 날짜로 환산 (1주=1일, 2주=8일, 3주=15일, 4주=22일 / 전 주차 2027년)
B11: ② 제품입고 시점 = 출고예정일 − 2주(14일). 입고시점이 생산국 휴무에 걸치면 휴무 전으로 앞당김
B12: ③ 소재입고 마감일 = 제품입고 시점 − 100일 − 공장휴무 보정일 (FW 난이도 반영, 27SS는 90일)
B13: ④ 공장휴무 보정: 생산기간(마감~입고)이 휴무와 겹친 일수만큼 마감 추가 앞당김 —
B14: 미얀마 생산분 = 띤쨘 4/9~4/18(10일), 인도네시아 생산분 = 르바란 3/4~3/17(14일). 기준정보에서 조정 가능
B15: ⑤ 작지 미발행(X/부분) 또는 소재입고일 > 마감일 → A코드(가을) '★ 납기위험', W/X '◆ 지연주의'
... B28: · 이월 품번 1건 포함: QYHFW25421 (25년 기획, 생진테 등재분)

Sheet 기준정보
B2: 기준정보 (노란색 = 조정 가능한 입력값)
B4: 기준일 (오늘) | C4: =TODAY() | D4: 판정 기준일. 파일 열 때 자동 갱신
B5: 입고 리드타임(일) | C5: 14 | D5: 출고예정일 − 2주 = 제품입고 시점
B6: 소재 리드타임(일) | C6: 100 | D6: 제품입고 시점 − 100일 = 소재입고 마감일 (FW 난이도 반영)
B7: 시즌 연도 | C7: 2027 | D7: 27FW 출고 주차는 전부 2027년으로 환산 (담당자 확정)
B8: 띤쨘 휴무 시작 | C8: 46486 | D8: 미얀마 생산분. 공휴일 4/13~17 + 앞뒤 생산처 추가 휴무
B9: 띤쨘 휴무 종료 | C9: 46495 | D9: 실제 공장별 휴무 확정 시 조정
B10: 르바란 휴무 시작 | C10: 46450 | D10: 인도네시아 생산분. Eid 3/10 전후 귀향(mudik) 포함 2주
B11: 르바란 휴무 종료 | C11: 46463 | D11: 실제 공장별 휴무 확정 시 조정
B13: 소재입고 책임 구분 (수/C/완 기준)
B14: C / CMT | C14: 본사(소재팀) 책임 — 소재 발주·입고 본사 컨트롤
B15: 완(완사입) / ODM | C15: 생산처 책임 — 생산처가 소재 수배·입고 컨트롤

Sheet 소재역산 트래커
A1: 27FW 소재일정 역산 트래커 — 정렬: A코드(가을) → 비수기 선정 → W→X (425 스타일)
A2: 기준일: | B2: =기준정보!$C$4 | C2: 리드타임: | D2: ="입고 "&기준정보!$C$5&"일 + 소재 "&기준정보!$C$6&"일 + 휴무보정" | G2: 노란색 = 입력 · ★ = A코드 작지 미발행/소재마감 초과 · 비수기/작지/사양확정/소재DB 열은 원본 수령 대기
A4: NO | B4: MD | C4: DS | D4: Style Code | E4: 품명 | F4: 컬러 구성 | G4: 시즌 | H4: 생산형태 (수/C/완) | I4: 출고일(주차) | J4: 출고예정일 | K4: 제품입고 시점 (출고-2주, 휴무 보정) | L4: 공장휴무 보정 (일) | M4: 소재입고 마감일 (입고-100일-보정) | N4: 마감까지 D-day | O4: 비수기 선정 (대기) | P4: 작지발행 (일매·EDW 대기) | Q4: 사양확정 (EDW 대기) | R4: 소재입고 예정/실제일 | S4: 소재입고 책임 | T4: 생산처 | U4: 원산지 | V4: 원단처 (소재DB 대기) | W4: 겉감정보 (대기) | X4: 안감정보 (대기) | Y4: LAB DIP CFM (대기) | Z4: 기획수량 | AA4: 원가합 (원) | AB4: 소매가합 (원) | AC4: 입고예정일 (생진테 참고) | AD4: 리스크 사유 | AE4: 판정 | AF4: 조율상태 | AG4: 메모/조치사항
A5: 1 | B5: 이재헌 | C5: 나영길 | D5: JKJJA27402 | E5: 여성 경량 후디드 방풍 재킷 | F5: ABE/EFL/DEB | G5: =IF($D5="","",IF(MID($D5,5,1)="A","A(가을)",IF(MID($D5,5,1)="W","W(겨울)",IF(MID($D5,5,1)="X","X(사계절)",MID($D5,5,1))))) | I5: 8월1주 | J5: =IF($I5="","",IFERROR(DATE(기준정보!$C$7,VALUE(LEFT($I5,FIND("월",$I5)-1)),1+7*(VALUE(SUBSTITUTE(MID($I5,FIND("월",$I5)+1,5),"주",""))-1)),"")) | K5: =IF($J5="","",IF(AND(ISNUMBER(SEARCH("미얀마",$U5)),$J5-기준정보!$C$5>=기준정보!$C$8,$J5-기준정보!$C$5<=기준정보!$C$9),기준정보!$C$8-1,IF(AND(ISNUMBER(SEARCH("인도네시아",$U5)),$J5-기준정보!$C$5>=기준정보!$C$10,$J5-기준정보!$C$5<=기준정보!$C$11),기준정보!$C$10-1,$J5-기준정보!$C$5))) | L5: =IF($K5="","",IF(ISNUMBER(SEARCH("미얀마",$U5)),MAX(0,MIN($K5,기준정보!$C$9)-MAX($K5-기준정보!$C$6,기준정보!$C$8)+1),IF(ISNUMBER(SEARCH("인도네시아",$U5)),MAX(0,MIN($K5,기준정보!$C$11)-MAX($K5-기준정보!$C$6,기준정보!$C$10)+1),0))) | M5: =IF($K5="","",$K5-기준정보!$C$6-$L5) | N5: =IF($M5="","",$M5-기준정보!$C$4) | S5: =IF($H5="","",IF($H5="C","본사(소재팀)",IF($H5="완","생산처","확인 필요"))) | T5: 기도 | U5: 베트남 | Z5: 300 | AA5: 20855400 | AB5: 66000000 | AD5: =IF($J5="","출고일 미정",IF($P5="X","작지 미발행",IF($P5="부분","작지 일부 미발행",IF(AND($R5<>"",$R5>$M5),"소재입고 마감("&TEXT($M5,"MM/DD")&") 초과",IF($P5="","발행여부 확인 필요",IF($R5="","소재 입고일정 확인 필요","정상")))))) | AE5: =IF($J5="","",IF(OR(LEFT($AD5,2)="작지",LEFT($AD5,4)="소재입고"),IF(LEFT($G5,1)="A","★ 납기위험(A코드)","◆ 지연주의"),IF($AD5="정상","✓ 정상","? 확인필요")))
A6: 2 | B6: 문도혁 | C6: 엄창용 | D6: JKPNA27612 | E6: 여성 릴렉스핏 벤틸레이션 팬츠 | F6: DEP/CTP | G6: =IF($D6="","",IF(MID($D6,5,1)="A","A(가을)",IF(MID($D6,5,1)="W","W(겨울)",IF(MID($D6,5,1)="X","X(사계절)",MID($D6,5,1))))) | I6: 8월1주 | J6: =IF($I6="","",IFERROR(DATE(기준정보!$C$7,VALUE(LEFT($I6,FIND("월",$I6)-1)),1+7*(VALUE(SUBSTITUTE(MID($I6,FIND("월",$I6)+1,5),"주",""))-1)),"")) | K6: =IF($J6="","",IF(AND(ISNUMBER(SEARCH("미얀마",$U6)),$J6-기준정보!$C$5>=기준정보!$C$8,$J6-기준정보!$C$5<=기준정보!$C$9),기준정보!$C$8-1,IF(AND(ISNUMBER(SEARCH("인도네시아",$U6)),$J6-기준정보!$C$5>=기준정보!$C$10,$J6-기준정보!$C$5<=기준정보!$C$11),기준정보!$C$10-1,$J6-기준정보!$C$5))) | L6: =IF($K6="","",IF(ISNUMBER(SEARCH("미얀마",$U6)),MAX(0,MIN($K6,기준정보!$C$9)-MAX($K6-기준정보!$C$6,기준정보!$C$8)+1),IF(ISNUMBER(SEARCH("인도네시아",$U6)),MAX(0,MIN($K6,기준정보!$C$11)-MAX($K6-기준정보!$C$6,기준정보!$C$10)+1),0))) | M6: =IF($K6="","",$K6-기준정보!$C$6-$L6) | N6: =IF($M6="","",$M6-기준정보!$C$4) | S6: =IF($H6="","",IF($H6="C","본사(소재팀)",IF($H6="완","생산처","확인 필요"))) | T6: TBO | U6: 베트남 | Z6: 400 | AA6: 17200000 | AB6: 88000000 | AD6: =IF($J6="","출고일 미정",IF($P6="X","작지 미발행",IF($P6="부분","작지 일부 미발행",IF(AND($R6<>"",$R6>$M6),"소재입고 마감("&TEXT($M6,"MM/DD")&") 초과",IF($P6="","발행여부 확인 필요",IF($R6="","소재 입고일정 확인 필요","정상")))))) | AE6: =IF($J6="","",IF(OR(LEFT($AD6,2)="작지",LEFT($AD6,4)="소재입고"),IF(LEFT($G6,1)="A","★ 납기위험(A코드)","◆ 지연주의"),IF($AD6="정상","✓ 정상","? 확인필요")))
A7: 3 | B7: 정영준 | C7: 엄창용 | D7: JKSXA27612 | E7: 여성 긴팔 스트라이프 셔츠 | F7: ABU/CHR | G7: =IF($D7="","",IF(MID($D7,5,1)="A","A(가을)",IF(MID($D7,5,1)="W","W(겨울)",IF(MID($D7,5,1)="X","X(사계절)",MID($D7,5,1))))) | I7: 8월1주 | J7: =IF($I7="","",IFERROR(DATE(기준정보!$C$7,VALUE(LEFT($I7,FIND("월",$I7)-1)),1+7*(VALUE(SUBSTITUTE(MID($I7,FIND("월",$I7)+1,5),"주",""))-1)),"")) | K7: =IF($J7="","",IF(AND(ISNUMBER(SEARCH("미얀마",$U7)),$J7-기준정보!$C$5>=기준정보!$C$8,$J7-기준정보!$C$5<=기준정보!$C$9),기준정보!$C$8-1,IF(AND(ISNUMBER(SEARCH("인도네시아",$U7)),$J7-기준정보!$C$5>=기준정보!$C$10,$J7-기준정보!$C$5<=기준정보!$C$11),기준정보!$C$10-1,$J7-기준정보!$C$5))) | L7: =IF($K7="","",IF(ISNUMBER(SEARCH("미얀마",$U7)),MAX(0,MIN($K7,기준정보!$C$9)-MAX($K7-기준정보!$C$6,기준정보!$C$8)+1),IF(ISNUMBER(SEARCH("인도네시아",$U7)),MAX(0,MIN($K7,기준정보!$C$11)-MAX($K7-기준정보!$C$6,기준정보!$C$10)+1),0))) | M7: =IF($K7="","",$K7-기준정보!$C$6-$L7) | N7: =IF($M7="","",$M7-기준정보!$C$4) | S7: =IF($H7="","",IF($H7="C","본사(소재팀)",IF($H7="완","생산처","확인 필요"))) | T7: 성원 | U7: 베트남 | Z7: 100 | AA7: 4800000 | AB7: 22000000 | AD7: =IF($J7="","출고일 미정",IF($P7="X","작지 미발행",IF($P7="부분","작지 일부 미발행",IF(AND($R7<>"",$R7>$M7),"소재입고 마감("&TEXT($M7,"MM/DD")&") 초과",IF($P7="","발행여부 확인 필요",IF($R7="","소재 입고일정 확인 필요","정상")))))) | AE7: =IF($J7="","",IF(OR(LEFT($AD7,2)="작지",LEFT($AD7,4)="소재입고"),IF(LEFT($G7,1)="A","★ 납기위험(A코드)","◆ 지연주의"),IF($AD7="정상","✓ 정상","? 확인필요")))
A8: 4 | B8: 정영준 | C8: 엄창용 | D8: JKTBA27612 | E8: 여성 긴팔 폴로 | F8: DEB/AWH | G8: =IF($D8="","",IF(MID($D8,5,1)="A","A(가을)",IF(MID($D8,5,1)="W","W(겨울)",IF(MID($D8,5,1)="X","X(사계절)",MID($D8,5,1))))) | I8: 8월1주 | J8: =IF($I8="","",IFERROR(DATE(기준정보!$C$7,VALUE(LEFT($I8,FIND("월",$I8)-1)),1+7*(VALUE(SUBSTITUTE(MID($I8,FIND("월",$I8)+1,5),"주",""))-1)),"")) | K8: =IF($J8="","",IF(AND(ISNUMBER(SEARCH("미얀마",$U8)),$J8-기준정보!$C$5>=기준정보!$C$8,$J8-기준정보!$C$5<=기준정보!$C$9),기준정보!$C$8-1,IF(AND(ISNUMBER(SEARCH("인도네시아",$U8)),$J8-기준정보!$C$5>=기준정보!$C$10,$J8-기준정보!$C$5<=기준정보!$C$11),기준정보!$C$10-1,$J8-기준정보!$C$5))) | L8: =IF($K8="","",IF(ISNUMBER(SEARCH("미얀마",$U8)),MAX(0,MIN($K8,기준정보!$C$9)-MAX($K8-기준정보!$C$6,기준정보!$C$8)+1),IF(ISNUMBER(SEARCH("인도네시아",$U8)),MAX(0,MIN($K8,기준정보!$C$11)-MAX($K8-기준정보!$C$6,기준정보!$C$10)+1),0))) | M8: =IF($K8="","",$K8-기준정보!$C$6-$L8) | N8: =IF($M8="","",$M8-기준정보!$C$4) | S8: =IF($H8="","",IF($H8="C","본사(소재팀)",IF($H8="완","생산처","확인 필요"))) | T8: IKG | U8: 인도네시아 | Z8: 100 | AA8: 2900000 | AB8: 15800000 | AD8: =IF($J8="","출고일 미정",IF($P8="X","작지 미발행",IF($P8="부분","작지 일부 미발행",IF(AND($R8<>"",$R8>$M8),"소재입고 마감("&TEXT($M8,"MM/DD")&") 초과",IF($P8="","발행여부 확인 필요",IF($R8="","소재 입고일정 확인 필요","정상")))))) | AE8: =IF($J8="","",IF(OR(LEFT($AD8,2)="작지",LEFT($AD8,4)="소재입고"),IF(LEFT($G8,1)="A","★ 납기위험(A코드)","◆ 지연주의"),IF($AD8="정상","✓ 정상","? 확인필요")))
A9: 5 | B9: 정영준 | C9: 엄창용 | D9: JKTCA27612 | E9: 여성 핫멜트 집업 폴로 반팔 티셔츠 | F9: CO1/CO2 | G9: =IF($D9="","",IF(MID($D9,5,1)="A","A(가을)",IF(MID($D9,5,1)="W","W(겨울)",IF(MID($D9,5,1)="X","X(사계절)",MID($D9,5,1))))) | I9: 8월1주 | J9: =IF($I9="","",IFERROR(DATE(기준정보!$C$7,VALUE(LEFT($I9,FIND("월",$I9)-1)),1+7*(VALUE(SUBSTITUTE(MID($I9,FIND("월",$I9)+1,5),"주",""))-1)),"")) | K9: =IF($J9="","",IF(AND(ISNUMBER(SEARCH("미얀마",$U9)),$J9-기준정보!$C$5>=기준정보!$C$8,$J9-기준정보!$C$5<=기준정보!$C$9),기준정보!$C$8-1,IF(AND(ISNUMBER(SEARCH("인도네시아",$U9)),$J9-기준정보!$C$5>=기준정보!$C$10,$J9-기준정보!$C$5<=기준정보!$C$11),기준정보!$C$10-1,$J9-기준정보!$C$5))) | L9: =IF($K9="","",IF(ISNUMBER(SEARCH("미얀마",$U9)),MAX(0,MIN($K9,기준정보!$C$9)-MAX($K9-기준정보!$C$6,기준정보!$C$8)+1),IF(ISNUMBER(SEARCH("인도네시아",$U9)),MAX(0,MIN($K9,기준정보!$C$11)-MAX($K9-기준정보!$C$6,기준정보!$C$10)+1),0))) | M9: =IF($K9="","",$K9-기준정보!$C$6-$L9) | N9: =IF($M9="","",$M9-기준정보!$C$4) | S9: =IF($H9="","",IF($H9="C","본사(소재팀)",IF($H9="완","생산처","확인 필요"))) | Z9: 500 | AA9: 9500000 | AB9: 69000000 | AD9: =IF($J9="","출고일 미정",IF($P9="X","작지 미발행",IF($P9="부분","작지 일부 미발행",IF(AND($R9<>"",$R9>$M9),"소재입고 마감("&TEXT($M9,"MM/DD")&") 초과",IF($P9="","발행여부 확인 필요",IF($R9="","소재 입고일정 확인 필요","정상")))))) | AE9: =IF($J9="","",IF(OR(LEFT($AD9,2)="작지",LEFT($AD9,4)="소재입고"),IF(LEFT($G9,1)="A","★ 납기위험(A코드)","◆ 지연주의"),IF($AD9="정상","✓ 정상","? 확인필요")))
A10: 6 | B10: 김준래 | C10: 엄창용 | D10: JNTBA27613 | E10: 남녀공용 로고 긴팔 라운드 티셔츠 | F10: AWH/DEB | G10: =IF($D10="","",IF(MID($D10,5,1)="A","A(가을)",IF(MID($D10,5,1)="W","W(겨울)",IF(MID($D10,5,1)="X","X(사계절)",MID($D10,5,1))))) | H10: 완 | I10: 8월1주 | J10: =IF($I10="","",IFERROR(DATE(기준정보!$C$7,VALUE(LEFT($I10,FIND("월",$I10)-1)),1+7*(VALUE(SUBSTITUTE(MID($I10,FIND("월",$I10)+1,5),"주",""))-1)),"")) | K10: =IF($J10="","",IF(AND(ISNUMBER(SEARCH("미얀마",$U10)),$J10-기준정보!$C$5>=기준정보!$C$8,$J10-기준정보!$C$5<=기준정보!$C$9),기준정보!$C$8-1,IF(AND(ISNUMBER(SEARCH("인도네시아",$U10)),$J10-기준정보!$C$5>=기준정보!$C$10,$J10-기준정보!$C$5<=기준정보!$C$11),기준정보!$C$10-1,$J10-기준정보!$C$5))) | L10: =IF($K10="","",IF(ISNUMBER(SEARCH("미얀마",$U10)),MAX(0,MIN($K10,기준정보!$C$9)-MAX($K10-기준정보!$C$6,기준정보!$C$8)+1),IF(ISNUMBER(SEARCH("인도네시아",$U10)),MAX(0,MIN($K10,기준정보!$C$11)-MAX($K10-기준정보!$C$6,기준정보!$C$10)+1),0))) | M10: =IF($K10="","",$K10-기준정보!$C$6-$L10) | N10: =IF($M10="","",$M10-기준정보!$C$4) | S10: =IF($H10="","",IF($H10="C","본사(소재팀)",IF($H10="완","생산처","확인 필요"))) | T10: IKG | U10: 인도네시아 | Z10: 1000 | AA10: 20698000 | AB10: 98000000 | AD10: =IF($J10="","출고일 미정",IF($P10="X","작지 미발행",IF($P10="부분","작지 일부 미발행",IF(AND($R10<>"",$R10>$M10),"소재입고 마감("&TEXT($M10,"MM/DD")&") 초과",IF($P10="","발행여부 확인 필요",IF($R10="","소재 입고일정 확인 필요","정상")))))) | AE10: =IF($J10="","",IF(OR(LEFT($AD10,2)="작지",LEFT($AD10,4)="소재입고"),IF(LEFT($G10,1)="A","★ 납기위험(A코드)","◆ 지연주의"),IF($AD10="정상","✓ 정상","? 확인필요")))
A11: 7 | B11: 김준래 | C11: 엄창용 | D11: JNTCA27617 | E11: 남녀공용 로고 반팔 라운드 티셔츠 | F11: CO1/CO2 | G11: =IF($D11="","",IF(MID($D11,5,1)="A","A(가을)",IF(MID($D11,5,1)="W","W(겨울)",IF(MID($D11,5,1)="X","X(사계절)",MID($D11,5,1))))) | H11: 완 | I11: 8월1주 | J11: =IF($I11="","",IFERROR(DATE(기준정보!$C$7,VALUE(LEFT($I11,FIND("월",$I11)-1)),1+7*(VALUE(SUBSTITUTE(MID($I11,FIND("월",$I11)+1,5),"주",""))-1)),"")) | K11: =IF($J11="","",IF(AND(ISNUMBER(SEARCH("미얀마",$U11)),$J11-기준정보!$C$5>=기준정보!$C$8,$J11-기준정보!$C$5<=기준정보!$C$9),기준정보!$C$8-1,IF(AND(ISNUMBER(SEARCH("인도네시아",$U11)),$J11-기준정보!$C$5>=기준정보!$C$10,$J11-기준정보!$C$5<=기준정보!$C$11),기준정보!$C$10-1,$J11-기준정보!$C$5))) | L11: =IF($K11="","",IF(ISNUMBER(SEARCH("미얀마",$U11)),MAX(0,MIN($K11,기준정보!$C$9)-MAX($K11-기준정보!$C$6,기준정보!$C$8)+1),IF(ISNUMBER(SEARCH("인도네시아",$U11)),MAX(0,MIN($K11,기준정보!$C$11)-MAX($K11-기준정보!$C$6,기준정보!$C$10)+1),0))) | M11: =IF($K11="","",$K11-기준정보!$C$6-$L11) | N11: =IF($M11="","",$M11-기준정보!$C$4) | S11: =IF($H11="","",IF($H11="C","본사(소재팀)",IF($H11="완","생산처","확인 필요"))) | T11: IKG | U11: 인도네시아 | Z11: 1000 | AA11: 15000000 | AB11: 88000000 | AD11: =IF($J11="","출고일 미정",IF($P11="X","작지 미발행",IF($P11="부분","작지 일부 미발행",IF(AND($R11<>"",$R11>$M11),"소재입고 마감("&TEXT($M11,"MM/DD")&") 초과",IF($P11="","발행여부 확인 필요",IF($R11="","소재 입고일정 확인 필요","정상")))))) | AE11: =IF($J11="","",IF(OR(LEFT($AD11,2)="작지",LEFT($AD11,4)="소재입고"),IF(LEFT($G11,1)="A","★ 납기위험(A코드)","◆ 지연주의"),IF($AD11="정상","✓ 정상","? 확인필요")))
A12: 8 | B12: 이재헌 | C12: 나영길 | D12: JWJJA27401 | E12: 남성 경량 후디드 방풍 재킷 | F12: ASB/NEG/DEB | G12: =IF($D12="","",IF(MID($D12,5,1)="A","A(가을)",IF(MID($D12,5,1)="W","W(겨울)",IF(MID($D12,5,1)="X","X(사계절)",MID($D12,5,1))))) | I12: 8월1주 | J12: =IF($I12="","",IFERROR(DATE(기준정보!$C$7,VALUE(LEFT($I12,FIND("월",$I12)-1)),1+7*(VALUE(SUBSTITUTE(MID($I12,FIND("월",$I12)+1,5),"주",""))-1)),"")) | K12: =IF($J12="","",IF(AND(ISNUMBER(SEARCH("미얀마",$U12)),$J12-기준정보!$C$5>=기준정보!$C$8,$J12-기준정보!$C$5<=기준정보!$C$9),기준정보!$C$8-1,IF(AND(ISNUMBER(SEARCH("인도네시아",$U12)),$J12-기준정보!$C$5>=기준정보!$C$10,$J12-기준정보!$C$5<=기준정보!$C$11),기준정보!$C$10-1,$J12-기준정보!$C$5))) | L12: =IF($K12="","",IF(ISNUMBER(SEARCH("미얀마",$U12)),MAX(0,MIN($K12,기준정보!$C$9)-MAX($K12-기준정보!$C$6,기준정보!$C$8)+1),IF(ISNUMBER(SEARCH("인도네시아",$U12)),MAX(0,MIN($K12,기준정보!$C$11)-MAX($K12-기준정보!$C$6,기준정보!$C$10)+1),0))) | M12: =IF($K12="","",$K12-기준정보!$C$6-$L12) | N12: =IF($M12="","",$M12-기준정보!$C$4) | S12: =IF($H12="","",IF($H12="C","본사(소재팀)",IF($H12="완","생산처","확인 필요"))) | T12: 기도 | U12: 베트남 | Z12: 900 | AA12: 64382400 | AB12: 198000000 | AD12: =IF($J12="","출고일 미정",IF($P12="X","작지 미발행",IF($P12="부분","작지 일부 미발행",IF(AND($R12<>"",$R12>$M12),"소재입고 마감("&TEXT($M12,"MM/DD")&") 초과",IF($P12="","발행여부 확인 필요",IF($R12="","소재 입고일정 확인 필요","정상")))))) | AE12: =IF($J12="","",IF(OR(LEFT($AD12,2)="작지",LEFT($AD12,4)="소재입고"),IF(LEFT($G12,1)="A","★ 납기위험(A코드)","◆ 지연주의"),IF($AD12="정상","✓ 정상","? 확인필요")))
A13: 9 | B13: 김준래 | C13: 강기환 | D13: JWSXA27611 | E13: 남성 스트라이프 집업 긴팔 셔츠 | F13: ABU/CHR | G13: =IF($D13="","",IF(MID($D13,5,1)="A","A(가을)",IF(MID($D13,5,1)="W","W(겨울)",IF(MID($D13,5,1)="X","X(사계절)",MID($D13,5,1))))) | H13: 완 | I13: 8월1주 | J13: =IF($I13="","",IFERROR(DATE(기준정보!$C$7,VALUE(LEFT($I13,FIND("월",$I13)-1)),1+7*(VALUE(SUBSTITUTE(MID($I13,FIND("월",$I13)+1,5),"주",""))-1)),"")) | K13: =IF($J13="","",IF(AND(ISNUMBER(SEARCH("미얀마",$U13)),$J13-기준정보!$C$5>=기준정보!$C$8,$J13-기준정보!$C$5<=기준정보!$C$9),기준정보!$C$8-1,IF(AND(ISNUMBER(SEARCH("인도네시아",$U13)),$J13-기준정보!$C$5>=기준정보!$C$10,$J13-기준정보!$C$5<=기준정보!$C$11),기준정보!$C$10-1,$J13-기준정보!$C$5))) | L13: =IF($K13="","",IF(ISNUMBER(SEARCH("미얀마",$U13)),MAX(0,MIN($K13,기준정보!$C$9)-MAX($K13-기준정보!$C$6,기준정보!$C$8)+1),IF(ISNUMBER(SEARCH("인도네시아",$U13)),MAX(0,MIN($K13,기준정보!$C$11)-MAX($K13-기준정보!$C$6,기준정보!$C$10)+1),0))) | M13: =IF($K13="","",$K13-기준정보!$C$6-$L13) | N13: =IF($M13="","",$M13-기준정보!$C$4) | S13: =IF($H13="","",IF($H13="C","본사(소재팀)",IF($H13="완","생산처","확인 필요"))) | T13: 성원 | U13: 베트남 | Z13: 600 | AA13: 30298800 | AB13: 162000000 | AD13: =IF($J13="","출고일 미정",IF($P13="X","작지 미발행",IF($P13="부분","작지 일부 미발행",IF(AND($R13<>"",$R13>$M13),"소재입고 마감("&TEXT($M13,"MM/DD")&") 초과",IF($P13="","발행여부 확인 필요",IF($R13="","소재 입고일정 확인 필요","정상")))))) | AE13: =IF($J13="","",IF(OR(LEFT($AD13,2)="작지",LEFT($AD13,4)="소재입고"),IF(LEFT($G13,1)="A","★ 납기위험(A코드)","◆ 지연주의"),IF($AD13="정상","✓ 정상","? 확인필요")))
A14: 10 | B14: 김준래 | C14: 강기환 | D14: JWTBA27611 | E14: 남성 메리노울 긴팔 폴로 | F14: PEG/DEB | G14: =IF($D14="","",IF(MID($D14,5,1)="A","A(가을)",IF(MID($D14,5,1)="W","W(겨울)",IF(MID($D14,5,1)="X","X(사계절)",MID($D14,5,1))))) | H14: 완 | I14: 8월1주 | J14: =IF($I14="","",IFERROR(DATE(기준정보!$C$7,VALUE(LEFT($I14,FIND("월",$I14)-1)),1+7*(VALUE(SUBSTITUTE(MID($I14,FIND("월",$I14)+1,5),"주",""))-1)),"")) | K14: =IF($J14="","",IF(AND(ISNUMBER(SEARCH("미얀마",$U14)),$J14-기준정보!$C$5>=기준정보!$C$8,$J14-기준정보!$C$5<=기준정보!$C$9),기준정보!$C$8-1,IF(AND(ISNUMBER(SEARCH("인도네시아",$U14)),$J14-기준정보!$C$5>=기준정보!$C$10,$J14-기준정보!$C$5<=기준정보!$C$11),기준정보!$C$10-1,$J14-기준정보!$C$5))) | L14: =IF($K14="","",IF(ISNUMBER(SEARCH("미얀마",$U14)),MAX(0,MIN($K14,기준정보!$C$9)-MAX($K14-기준정보!$C$6,기준정보!$C$8)+1),IF(ISNUMBER(SEARCH("인도네시아",$U14)),MAX(0,MIN($K14,기준정보!$C$11)-MAX($K14-기준정보!$C$6,기준정보!$C$10)+1),0))) | M14: =IF($K14="","",$K14-기준정보!$C$6-$L14) | N14: =IF($M14="","",$M14-기준정보!$C$4) | S14: =IF($H14="","",IF($H14="C","본사(소재팀)",IF($H14="완","생산처","확인 필요"))) | T14: IKG | U14: 인도네시아 | Z14: 900 | AA14: 44559000 | AB14: 178200000 | AD14: =IF($J14="","출고일 미정",IF($P14="X","작지 미발행",IF($P14="부분","작지 일부 미발행",IF(AND($R14<>"",$R14>$M14),"소재입고 마감("&TEXT($M14,"MM/DD")&") 초과",IF($P14="","발행여부 확인 필요",IF($R14="","소재 입고일정 확인 필요","정상")))))) | AE14: =IF($J14="","",IF(OR(LEFT($AD14,2)="작지",LEFT($AD14,4)="소재입고"),IF(LEFT($G14,1)="A","★ 납기위험(A코드)","◆ 지연주의"),IF($AD14="정상","✓ 정상","? 확인필요")))
A15: 11 | B15: 정영준 | C15: 엄창용 | D15: JWTCA27611 | E15: 남성 핫멜트 집업 폴로 반팔 티셔츠 | F15: CO1/CO2 | G15: =IF($D15="","",IF(MID($D15,5,1)="A","A(가을)",IF(MID($D15,5,1)="W","W(겨울)",IF(MID($D15,5,1)="X","X(사계절)",MID($D15,5,1))))) | I15: 8월1주 | J15: =IF($I15="","",IFERROR(DATE(기준정보!$C$7,VALUE(LEFT($I15,FIND("월",$I15)-1)),1+7*(VALUE(SUBSTITUTE(MID($I15,FIND("월",$I15)+1,5),"주",""))-1)),"")) | K15: =IF($J15="","",IF(AND(ISNUMBER(SEARCH("미얀마",$U15)),$J15-기준정보!$C$5>=기준정보!$C$8,$J15-기준정보!$C$5<=기준정보!$C$9),기준정보!$C$8-1,IF(AND(ISNUMBER(SEARCH("인도네시아",$U15)),$J15-기준정보!$C$5>=기준정보!$C$10,$J15-기준정보!$C$5<=기준정보!$C$11),기준정보!$C$10-1,$J15-기준정보!$C$5))) | L15: =IF($K15="","",IF(ISNUMBER(SEARCH("미얀마",$U15)),MAX(0,MIN($K15,기준정보!$C$9)-MAX($K15-기준정보!$C$6,기준정보!$C$8)+1),IF(ISNUMBER(SEARCH("인도네시아",$U15)),MAX(0,MIN($K15,기준정보!$C$11)-MAX($K15-기준정보!$C$6,기준정보!$C$10)+1),0))) | M15: =IF($K15="","",$K15-기준정보!$C$6-$L15) | N15: =IF($M15="","",$M15-기준정보!$C$4) | S15: =IF($H15="","",IF($H15="C","본사(소재팀)",IF($H15="완","생산처","확인 필요"))) | Z15: 700 | AA15: 14000000 | AB15: 96600000 | AD15: =IF($J15="","출고일 미정",IF($P15="X","작지 미발행",IF($P15="부분","작지 일부 미발행",IF(AND($R15<>"",$R15>$M15),"소재입고 마감("&TEXT($M15,"MM/DD")&") 초과",IF($P15="","발행여부 확인 필요",IF($R15="","소재 입고일정 확인 필요","정상")))))) | AE15: =IF($J15="","",IF(OR(LEFT($AD15,2)="작지",LEFT($AD15,4)="소재입고"),IF(LEFT($G15,1)="A","★ 납기위험(A코드)","◆ 지연주의"),IF($AD15="정상","✓ 정상","? 확인필요")))
A16: 12 | B16: 문도혁 | C16: 정희영 | D16: TLJJA27611 | E16: 남성 인후드 방풍 재킷 | F16: CTP/DTL/CHR | G16: =IF($D16="","",IF(MID($D16,5,1)="A","A(가을)",IF(MID($D16,5,1)="W","W(겨울)",IF(MID($D16,5,1)="X","X(사계절)",MID($D16,5,1))))) | H16: 완 | I16: 8월1주 | J16: =IF($I16="","",IFERROR(DATE(기준정보!$C$7,VALUE(LEFT($I16,FIND("월",$I16)-1)),1+7*(VALUE(SUBSTITUTE(MID($I16,FIND("월",$I16)+1,5),"주",""))-1)),"")) | K16: =IF($J16="","",IF(AND(ISNUMBER(SEARCH("미얀마",$U16)),$J16-기준정보!$C$5>=기준정보!$C$8,$J16-기준정보!$C$5<=기준정보!$C$9),기준정보!$C$8-1,IF(AND(ISNUMBER(SEARCH("인도네시아",$U16)),$J16-기준정보!$C$5>=기준정보!$C$10,$J16-기준정보!$C$5<=기준정보!$C$11),기준정보!$C$10-1,$J16-기준정보!$C$5))) | L16: =IF($K16="","",IF(ISNUMBER(SEARCH("미얀마",$U16)),MAX(0,MIN($K16,기준정보!$C$9)-MAX($K16-기준정보!$C$6,기준정보!$C$8)+1),IF(ISNUMBER(SEARCH("인도네시아",$U16)),MAX(0,MIN($K16,기준정보!$C$11)-MAX($K16-기준정보!$C$6,기준정보!$C$10)+1),0))) | M16: =IF($K16="","",$K16-기준정보!$C$6-$L16) | N16: =IF($M16="","",$M16-기준정보!$C$4) | S16: =IF($H16="","",IF($H16="C","본사(소재팀)",IF($H16="완","생산처","확인 필요"))) | T16: 아이블 | U16: 베트남 | Z16: 6000 | AA16: 311274000 | AB16: 1500000000 | AD16: =IF($J16="","출고일 미정",IF($P16="X","작지 미발행",IF($P16="부분","작지 일부 미발행",IF(AND($R16<>"",$R16>$M16),"소재입고 마감("&TEXT($M16,"MM/DD")&") 초과",IF($P16="","발행여부 확인 필요",IF($R16="","소재 입고일정 확인 필요","정상")))))) | AE16: =IF($J16="","",IF(OR(LEFT($AD16,2)="작지",LEFT($AD16,4)="소재입고"),IF(LEFT($G16,1)="A","★ 납기위험(A코드)","◆ 지연주의"),IF($AD16="정상","✓ 정상","? 확인필요")))
A17: 13 | B17: 문도혁 | C17: 정희영 | D17: TLJJA27621 | E17: 남성 소프트쉘 칼라넥 재킷 | F17: DOE/DEB | G17: =IF($D17="","",IF(MID($D17,5,1)="A","A(가을)",IF(MID($D17,5,1)="W","W(겨울)",IF(MID($D17,5,1)="X","X(사계절)",MID($D17,5,1))))) | H17: 완 | I17: 8월1주 | J17: =IF($I17="","",IFERROR(DATE(기준정보!$C$7,VALUE(LEFT($I17,FIND("월",$I17)-1)),1+7*(VALUE(SUBSTITUTE(MID($I17,FIND("월",$I17)+1,5),"주",""))-1)),"")) | K17: =IF($J17="","",IF(AND(ISNUMBER(SEARCH("미얀마",$U17)),$J17-기준정보!$C$5>=기준정보!$C$8,$J17-기준정보!$C$5<=기준정보!$C$9),기준정보!$C$8-1,IF(AND(ISNUMBER(SEARCH("인도네시아",$U17)),$J17-기준정보!$C$5>=기준정보!$C$10,$J17-기준정보!$C$5<=기준정보!$C$11),기준정보!$C$10-1,$J17-기준정보!$C$5))) | L17: =IF($K17="","",IF(ISNUMBER(SEARCH("미얀마",$U17)),MAX(0,MIN($K17,기준정보!$C$9)-MAX($K17-기준정보!$C$6,기준정보!$C$8)+1),IF(ISNUMBER(SEARCH("인도네시아",$U17)),MAX(0,MIN($K17,기준정보!$C$11)-MAX($K17-기준정보!$C$6,기준정보!$C$10)+1),0))) | M17: =IF($K17="","",$K17-기준정보!$C$6-$L17) | N17: =IF($M17="","",$M17-기준정보!$C$4) | S17: =IF($H17="","",IF($H17="C","본사(소재팀)",IF($H17="완","생산처","확인 필요"))) | T17: 원전 | U17: 인도네시아 | Z17: 3000 | AA17: 164781000 | AB17: 810000000 | AD17: =IF($J17="","출고일 미정",IF($P17="X","작지 미발행",IF($P17="부분","작지 일부 미발행",IF(AND($R17<>"",$R17>$M17),"소재입고 마감("&TEXT($M17,"MM/DD")&") 초과",IF($P17="","발행여부 확인 필요",IF($R17="","소재 입고일정 확인 필요","정상")))))) | AE17: =IF($J17="","",IF(OR(LEFT($AD17,2)="작지",LEFT($AD17,4)="소재입고"),IF(LEFT($G17,1)="A","★ 납기위험(A코드)","◆ 지연주의"),IF($AD17="정상","✓ 정상","? 확인필요")))
A18: 14 | B18: 김준래 | C18: 정희영 | D18: TLPNA27605 | E18: 남성 데님 스트레이트 팬츠 | F18: IND | G18: =IF($D18="","",IF(MID($D18,5,1)="A","A(가을)",IF(MID($D18,5,1)="W","W(겨울)",IF(MID($D18,5,1)="X","X(사계절)",MID($D18,5,1))))) | H18: 완 | I18: 8월1주 | J18: =IF($I18="","",IFERROR(DATE(기준정보!$C$7,VALUE(LEFT($I18,FIND("월",$I18)-1)),1+7*(VALUE(SUBSTITUTE(MID($I18,FIND("월",$I18)+1,5),"주",""))-1)),"")) | K18: =IF($J18="","",IF(AND(ISNUMBER(SEARCH("미얀마",$U18)),$J18-기준정보!$C$5>=기준정보!$C$8,$J18-기준정보!$C$5<=기준정보!$C$9),기준정보!$C$8-1,IF(AND(ISNUMBER(SEARCH("인도네시아",$U18)),$J18-기준정보!$C$5>=기준정보!$C$10,$J18-기준정보!$C$5<=기준정보!$C$11),기준정보!$C$10-1,$J18-기준정보!$C$5))) | L18: =IF($K18="","",IF(ISNUMBER(SEARCH("미얀마",$U18)),MAX(0,MIN($K18,기준정보!$C$9)-MAX($K18-기준정보!$C$6,기준정보!$C$8)+1),IF(ISNUMBER(SEARCH("인도네시아",$U18)),MAX(0,MIN($K18,기준정보!$C$11)-MAX($K18-기준정보!$C$6,기준정보!$C$10)+1),0))) | M18: =IF($K18="","",$K18-기준정보!$C$6-$L18) | N18: =IF($M18="","",$M18-기준정보!$C$4) | S18: =IF($H18="","",IF($H18="C","본사(소재팀)",IF($H18="완","생산처","확인 필요"))) | T18: 파란 | U18: 중국 | Z18: 1500 | AA18: 42000000 | AB18: 267000000 | AD18: =IF($J18="","출고일 미정",IF($P18="X","작지 미발행",IF($P18="부분","작지 일부 미발행",IF(AND($R18<>"",$R18>$M18),"소재입고 마감("&TEXT($M18,"MM/DD")&") 초과",IF($P18="","발행여부 확인 필요",IF($R18="","소재 입고일정 확인 필요","정상")))))) | AE18: =IF($J18="","",IF(OR(LEFT($AD18,2)="작지",LEFT($AD18,4)="소재입고"),IF(LEFT($G18,1)="A","★ 납기위험(A코드)","◆ 지연주의"),IF($AD18="정상","✓ 정상","? 확인필요")))
A19: 15 | B19: 김준래 | C19: 정희영 | D19: TLPNA27607 | E19: 남성 쿠션 릴렛스핏 팬츠 | F19: RBW/DEB | G19: =IF($D19="","",IF(MID($D19,5,1)="A","A(가을)",IF(MID($D19,5,1)="W","W(겨울)",IF(MID($D19,5,1)="X","X(사계절)",MID($D19,5,1))))) | H19: 완 | I19: 8월1주 | J19: =IF($I19="","",IFERROR(DATE(기준정보!$C$7,VALUE(LEFT($I19,FIND("월",$I19)-1)),1+7*(VALUE(SUBSTITUTE(MID($I19,FIND("월",$I19)+1,5),"주",""))-1)),"")) | K19: =IF($J19="","",IF(AND(ISNUMBER(SEARCH("미얀마",$U19)),$J19-기준정보!$C$5>=기준정보!$C$8,$J19-기준정보!$C$5<=기준정보!$C$9),기준정보!$C$8-1,IF(AND(ISNUMBER(SEARCH("인도네시아",$U19)),$J19-기준정보!$C$5>=기준정보!$C$10,$J19-기준정보!$C$5<=기준정보!$C$11),기준정보!$C$10-1,$J19-기준정보!$C$5))) | L19: =IF($K19="","",IF(ISNUMBER(SEARCH("미얀마",$U19)),MAX(0,MIN($K19,기준정보!$C$9)-MAX($K19-기준정보!$C$6,기준정보!$C$8)+1),IF(ISNUMBER(SEARCH("인도네시아",$U19)),MAX(0,MIN($K19,기준정보!$C$11)-MAX($K19-기준정보!$C$6,기준정보!$C$10)+1),0))) | M19: =IF($K19="","",$K19-기준정보!$C$6-$L19) | N19: =IF($M19="","",$M19-기준정보!$C$4) | S19: =IF($H19="","",IF($H19="C","본사(소재팀)",IF($H19="완","생산처","확인 필요"))) | T19: TESSELLATION | U19: 베트남 | Z19: 3000 | AA19: 89340000 | AB19: 444000000 | AD19: =IF($J19="","출고일 미정",IF($P19="X","작지 미발행",IF($P19="부분","작지 일부 미발행",IF(AND($R19<>"",$R19>$M19),"소재입고 마감("&TEXT($M19,"MM/DD")&") 초과",IF($P19="","발행여부 확인 필요",IF($R19="","소재 입고일정 확인 필요","정상")))))) | AE19: =IF($J19="","",IF(OR(LEFT($AD19,2)="작지",LEFT($AD19,4)="소재입고"),IF(LEFT($G19,1)="A","★ 납기위험(A코드)","◆ 지연주의"),IF($AD19="정상","✓ 정상","? 확인필요")))
A20: 16 | B20: 김준래 | C20: 정희영 | D20: TLPNA27609 | E20: 남성 트리코트 스트레이트 팬츠 | F20: CTP/MID | G20: =IF($D20="","",IF(MID($D20,5,1)="A","A(가을)",IF(MID($D20,5,1)="W","W(겨울)",IF(MID($D20,5,1)="X","X(사계절)",MID($D20,5,1))))) | H20: 완 | I20: 8월1주 | J20: =IF($I20="","",IFERROR(DATE(기준정보!$C$7,VALUE(LEFT($I20,FIND("월",$I20)-1)),1+7*(VALUE(SUBSTITUTE(MID($I20,FIND("월",$I20)+1,5),"주",""))-1)),"")) | K20: =IF($J20="","",IF(AND(ISNUMBER(SEARCH("미얀마",$U20)),$J20-기준정보!$C$5>=기준정보!$C$8,$J20-기준정보!$C$5<=기준정보!$C$9),기준정보!$C$8-1,IF(AND(ISNUMBER(SEARCH("인도네시아",$U20)),$J20-기준정보!$C$5>=기준정보!$C$10,$J20-기준정보!$C$5<=기준정보!$C$11),기준정보!$C$10-1,$J20-기준정보!$C$5))) | L20: =IF($K20="","",IF(ISNUMBER(SEARCH("미얀마",$U20)),MAX(0,MIN($K20,기준정보!$C$9)-MAX($K20-기준정보!$C$6,기준정보!$C$8)+1),IF(ISNUMBER(SEARCH("인도네시아",$U20)),MAX(0,MIN($K20,기준정보!$C$11)-MAX($K20-기준정보!$C$6,기준정보!$C$10)+1),0))) | M20: =IF($K20="","",$K20-기준정보!$C$6-$L20) | N20: =IF($M20="","",$M20-기준정보!$C$4) | S20: =IF($H20="","",IF($H20="C","본사(소재팀)",IF($H20="완","생산처","확인 필요"))) | T20: 거림 | U20: 베트남 | Z20: 1500 | AA20: 43552500 | AB20: 282000000 | AD20: =IF($J20="","출고일 미정",IF($P20="X","작지 미발행",IF($P20="부분","작지 일부 미발행",IF(AND($R20<>"",$R20>$M20),"소재입고 마감("&TEXT($M20,"MM/DD")&") 초과",IF($P20="","발행여부 확인 필요",IF($R20="","소재 입고일정 확인 필요","정상")))))) | AE20: =IF($J20="","",IF(OR(LEFT($AD20,2)="작지",LEFT($AD20,4)="소재입고"),IF(LEFT($G20,1)="A","★ 납기위험(A코드)","◆ 지연주의"),IF($AD20="정상","✓ 정상","? 확인필요")))
A21: 17 | B21: 김준래 | C21: 정희영 | D21: TLPNA27611 | E21: 남성 테이퍼드 팬츠 | F21: SKA/MID | G21: =IF($D21="","",IF(MID($D21,5,1)="A","A(가을)",IF(MID($D21,5,1)="W","W(겨울)",IF(MID($D21,5,1)="X","X(사계절)",MID($D21,5,1))))) | H21: 완 | I21: 8월1주 | J21: =IF($I21="","",IFERROR(DATE(기준정보!$C$7,VALUE(LEFT($I21,FIND("월",$I21)-1)),1+7*(VALUE(SUBSTITUTE(MID($I21,FIND("월",$I21)+1,5),"주",""))-1)),"")) | K21: =IF($J21="","",IF(AND(ISNUMBER(SEARCH("미얀마",$U21)),$J21-기준정보!$C$5>=기준정보!$C$8,$J21-기준정보!$C$5<=기준정보!$C$9),기준정보!$C$8-1,IF(AND(ISNUMBER(SEARCH("인도네시아",$U21)),$J21-기준정보!$C$5>=기준정보!$C$10,$J21-기준정보!$C$5<=기준정보!$C$11),기준정보!$C$10-1,$J21-기준정보!$C$5))) | L21: =IF($K21="","",IF(ISNUMBER(SEARCH("미얀마",$U21)),MAX(0,MIN($K21,기준정보!$C$9)-MAX($K21-기준정보!$C$6,기준정보!$C$8)+1),IF(ISNUMBER(SEARCH("인도네시아",$U21)),MAX(0,MIN($K21,기준정보!$C$11)-MAX($K21-기준정보!$C$6,기준정보!$C$10)+1),0))) | M21: =IF($K21="","",$K21-기준정보!$C$6-$L21) | N21: =IF($M21="","",$M21-기준정보!$C$4) | S21: =IF($H21="","",IF($H21="C","본사(소재팀)",IF($H21="완","생산처","확인 필요"))) | T21: TBO | U21: 베트남 | Z21: 2000 | AA21: 58974000 | AB21: 336000000 | AD21: =IF($J21="","출고일 미정",IF($P21="X","작지 미발행",IF($P21="부분","작지 일부 미발행",IF(AND($R21<>"",$R21>$M21),"소재입고 마감("&TEXT($M21,"MM/DD")&") 초과",IF($P21="","발행여부 확인 필요",IF($R21="","소재 입고일정 확인 필요","정상")))))) | AE21: =IF($J21="","",IF(OR(LEFT($AD21,2)="작지",LEFT($AD21,4)="소재입고"),IF(LEFT($G21,1)="A","★ 납기위험(A코드)","◆ 지연주의"),IF($AD21="정상","✓ 정상","? 확인필요")))
A22: 18 | B22: 김준래 | C22: 정희영 | D22: TLSXA27601 | E22: 남성 체크 긴팔 셔츠 | F22: ABE/ASB/DTL | G22: =IF($D22="","",IF(MID($D22,5,1)="A","A(가을)",IF(MID($D22,5,1)="W","W(겨울)",IF(MID($D22,5,1)="X","X(사계절)",MID($D22,5,1))))) | H22: 완 | I22: 8월1주 | J22: =IF($I22="","",IFERROR(DATE(기준정보!$C$7,VALUE(LEFT($I22,FIND("월",$I22)-1)),1+7*(VALUE(SUBSTITUTE(MID($I22,FIND("월",$I22)+1,5),"주",""))-1)),"")) | K22: =IF($J22="","",IF(AND(ISNUMBER(SEARCH("미얀마",$U22)),$J22-기준정보!$C$5>=기준정보!$C$8,$J22-기준정보!$C$5<=기준정보!$C$9),기준정보!$C$8-1,IF(AND(ISNUMBER(SEARCH("인도네시아",$U22)),$J22-기준정보!$C$5>=기준정보!$C$10,$J22-기준정보!$C$5<=기준정보!$C$11),기준정보!$C$10-1,$J22-기준정보!$C$5))) | L22: =IF($K22="","",IF(ISNUMBER(SEARCH("미얀마",$U22)),MAX(0,MIN($K22,기준정보!$C$9)-MAX($K22-기준정보!$C$6,기준정보!$C$8)+1),IF(ISNUMBER(SEARCH("인도네시아",$U22)),MAX(0,MIN($K22,기준정보!$C$11)-MAX($K22-기준정보!$C$6,기준정보!$C$10)+1),0))) | M22: =IF($K22="","",$K22-기준정보!$C$6-$L22) | N22: =IF($M22="","",$M22-기준정보!$C$4) | S22: =IF($H22="","",IF($H22="C","본사(소재팀)",IF($H22="완","생산처","확인 필요"))) | T22: 픽스쳐 | U22: 베트남 | Z22: 3000 | AA22: 90000000 | AB22: 504000000 | AD22: =IF($J22="","출고일 미정",IF($P22="X","작지 미발행",IF($P22="부분","작지 일부 미발행",IF(AND($R22<>"",$R22>$M22),"소재입고 마감("&TEXT($M22,"MM/DD")&") 초과",IF($P22="","발행여부 확인 필요",IF($R22="","소재 입고일정 확인 필요","정상")))))) | AE22: =IF($J22="","",IF(OR(LEFT($AD22,2)="작지",LEFT($AD22,4)="소재입고"),IF(LEFT($G22,1)="A","★ 납기위험(A코드)","◆ 지연주의"),IF($AD22="정상","✓ 정상","? 확인필요")))
A23: 19 | B23: 최진민 | C23: 조이슬 | D23: TLTBA27401 | E23: 남성 베이직 긴팔 쿼터집업 티셔츠 | F23: SKA/DTL/DEB | G23: =IF($D23="","",IF(MID($D23,5,1)="A","A(가을)",IF(MID($D23,5,1)="W","W(겨울)",IF(MID($D23,5,1)="X","X(사계절)",MID($D23,5,1))))) | I23: 8월1주 | J23: =IF($I23="","",IFERROR(DATE(기준정보!$C$7,VALUE(LEFT($I23,FIND("월",$I23)-1)),1+7*(VALUE(SUBSTITUTE(MID($I23,FIND("월",$I23)+1,5),"주",""))-1)),"")) | K23: =IF($J23="","",IF(AND(ISNUMBER(SEARCH("미얀마",$U23)),$J23-기준정보!$C$5>=기준정보!$C$8,$J23-기준정보!$C$5<=기준정보!$C$9),기준정보!$C$8-1,IF(AND(ISNUMBER(SEARCH("인도네시아",$U23)),$J23-기준정보!$C$5>=기준정보!$C$10,$J23-기준정보!$C$5<=기준정보!$C$11),기준정보!$C$10-1,$J23-기준정보!$C$5))) | L23: =IF($K23="","",IF(ISNUMBER(SEARCH("미얀마",$U23)),MAX(0,MIN($K23,기준정보!$C$9)-MAX($K23-기준정보!$C$6,기준정보!$C$8)+1),IF(ISNUMBER(SEARCH("인도네시아",$U23)),MAX(0,MIN($K23,기준정보!$C$11)-MAX($K23-기준정보!$C$6,기준정보!$C$10)+1),0))) | M23: =IF($K23="","",$K23-기준정보!$C$6-$L23) | N23: =IF($M23="","",$M23-기준정보!$C$4) | S23: =IF($H23="","",IF($H23="C","본사(소재팀)",IF($H23="완","생산처","확인 필요"))) | T23: 태화 | U23: 베트남 | Z23: 4500 | AA23: 112500000 | AB23: 576000000 | AD23: =IF($J23="","출고일 미정",IF($P23="X","작지 미발행",IF($P23="부분","작지 일부 미발행",IF(AND($R23<>"",$R23>$M23),"소재입고 마감("&TEXT($M23,"MM/DD")&") 초과",IF($P23="","발행여부 확인 필요",IF($R23="","소재 입고일정 확인 필요","정상")))))) | AE23: =IF($J23="","",IF(OR(LEFT($AD23,2)="작지",LEFT($AD23,4)="소재입고"),IF(LEFT($G23,1)="A","★ 납기위험(A코드)","◆ 지연주의"),IF($AD23="정상","✓ 정상","? 확인필요")))
A24: 20 | B24: 최진민 | C24: 조이슬 | D24: TLTBA27403 | E24: 남성 우븐 포켓 긴팔 쿼터집업 티셔츠 | F24: ASB/CHR | G24: =IF($D24="","",IF(MID($D24,5,1)="A","A(가을)",IF(MID($D24,5,1)="W","W(겨울)",IF(MID($D24,5,1)="X","X(사계절)",MID($D24,5,1))))) | I24: 8월1주 | J24: =IF($I24="","",IFERROR(DATE(기준정보!$C$7,VALUE(LEFT($I24,FIND("월",$I24)-1)),1+7*(VALUE(SUBSTITUTE(MID($I24,FIND("월",$I24)+1,5),"주",""))-1)),"")) | K24: =IF($J24="","",IF(AND(ISNUMBER(SEARCH("미얀마",$U24)),$J24-기준정보!$C$5>=기준정보!$C$8,$J24-기준정보!$C$5<=기준정보!$C$9),기준정보!$C$8-1,IF(AND(ISNUMBER(SEARCH("인도네시아",$U24)),$J24-기준정보!$C$5>=기준정보!$C$10,$J24-기준정보!$C$5<=기준정보!$C$11),기준정보!$C$10-1,$J24-기준정보!$C$5))) | L24: =IF($K24="","",IF(ISNUMBER(SEARCH("미얀마",$U24)),MAX(0,MIN($K24,기준정보!$C$9)-MAX($K24-기준정보!$C$6,기준정보!$C$8)+1),IF(ISNUMBER(SEARCH("인도네시아",$U24)),MAX(0,MIN($K24,기준정보!$C$11)-MAX($K24-기준정보!$C$6,기준정보!$C$10)+1),0))) | M24: =IF($K24="","",$K24-기준정보!$C$6-$L24) | N24: =IF($M24="","",$M24-기준정보!$C$4) | S24: =IF($H24="","",IF($H24="C","본사(소재팀)",IF($H24="완","생산처","확인 필요"))) | T24: 장안 | U24: 베트남 | Z24: 3000 | AA24: 78000000 | AB24: 414000000 | AD24: =IF($J24="","출고일 미정",IF($P24="X","작지 미발행",IF($P24="부분","작지 일부 미발행",IF(AND($R24<>"",$R24>$M24),"소재입고 마감("&TEXT($M24,"MM/DD")&") 초과",IF($P24="","발행여부 확인 필요",IF($R24="","소재 입고일정 확인 필요","정상")))))) | AE24: =IF($J24="","",IF(OR(LEFT($AD24,2)="작지",LEFT($AD24,4)="소재입고"),IF(LEFT($G24,1)="A","★ 납기위험(A코드)","◆ 지연주의"),IF($AD24="정상","✓ 정상","? 확인필요")))
A25: 21 | B25: 최진민 | C25: 조이슬 | D25: TLTBA27411 | E25: 남성 베이직 긴팔 라운드 티셔츠 | F25: CTP/DEB | G25: =IF($D25="","",IF(MID($D25,5,1)="A","A(가을)",IF(MID($D25,5,1)="W","W(겨울)",IF(MID($D25,5,1)="X","X(사계절)",MID($D25,5,1))))) | I25: 8월1주 | J25: =IF($I25="","",IFERROR(DATE(기준정보!$C$7,VALUE(LEFT($I25,FIND("월",$I25)-1)),1+7*(VALUE(SUBSTITUTE(MID($I25,FIND("월",$I25)+1,5),"주",""))-1)),"")) | K25: =IF($J25="","",IF(AND(ISNUMBER(SEARCH("미얀마",$U25)),$J25-기준정보!$C$5>=기준정보!$C$8,$J25-기준정보!$C$5<=기준정보!$C$9),기준정보!$C$8-1,IF(AND(ISNUMBER(SEARCH("인도네시아",$U25)),$J25-기준정보!$C$5>=기준정보!$C$10,$J25-기준정보!$C$5<=기준정보!$C$11),기준정보!$C$10-1,$J25-기준정보!$C$5))) | L25: =IF($K25="","",IF(ISNUMBER(SEARCH("미얀마",$U25)),MAX(0,MIN($K25,기준정보!$C$9)-MAX($K25-기준정보!$C$6,기준정보!$C$8)+1),IF(ISNUMBER(SEARCH("인도네시아",$U25)),MAX(0,MIN($K25,기준정보!$C$11)-MAX($K25-기준정보!$C$6,기준정보!$C$10)+1),0))) | M25: =IF($K25="","",$K25-기준정보!$C$6-$L25) | N25: =IF($M25="","",$M25-기준정보!$C$4) | S25: =IF($H25="","",IF($H25="C","본사(소재팀)",IF($H25="완","생산처","확인 필요"))) | T25: 장안 | U25: 베트남 | Z25: 1800 | AA25: 41400000 | AB25: 212400000 | AD25: =IF($J25="","출고일 미정",IF($P25="X","작지 미발행",IF($P25="부분","작지 일부 미발행",IF(AND($R25<>"",$R25>$M25),"소재입고 마감("&TEXT($M25,"MM/DD")&") 초과",IF($P25="","발행여부 확인 필요",IF($R25="","소재 입고일정 확인 필요","정상")))))) | AE25: =IF($J25="","",IF(OR(LEFT($AD25,2)="작지",LEFT($AD25,4)="소재입고"),IF(LEFT($G25,1)="A","★ 납기위험(A코드)","◆ 지연주의"),IF($AD25="정상","✓ 정상","? 확인필요")))
A26: 22 | B26: 최진민 | C26: 조이슬 | D26: TLTBA27421 | E26: 남성 울라이크 릴렉스핏 긴팔 후드 티셔츠 | F26: HYL/SKA | G26: =IF($D26="","",IF(MID($D26,5,1)="A","A(가을)",IF(MID($D26,5,1)="W","W(겨울)",IF(MID($D26,5,1)="X","X(사계절)",MID($D26,5,1))))) | I26: 8월1주 | J26: =IF($I26="","",IFERROR(DATE(기준정보!$C$7,VALUE(LEFT($I26,FIND("월",$I26)-1)),1+7*(VALUE(SUBSTITUTE(MID($I26,FIND("월",$I26)+1,5),"주",""))-1)),"")) | K26: =IF($J26="","",IF(AND(ISNUMBER(SEARCH("미얀마",$U26)),$J26-기준정보!$C$5>=기준정보!$C$8,$J26-기준정보!$C$5<=기준정보!$C$9),기준정보!$C$8-1,IF(AND(ISNUMBER(SEARCH("인도네시아",$U26)),$J26-기준정보!$C$5>=기준정보!$C$10,$J26-기준정보!$C$5<=기준정보!$C$11),기준정보!$C$10-1,$J26-기준정보!$C$5))) | L26: =IF($K26="","",IF(ISNUMBER(SEARCH("미얀마",$U26)),MAX(0,MIN($K26,기준정보!$C$9)-MAX($K26-기준정보!$C$6,기준정보!$C$8)+1),IF(ISNUMBER(SEARCH("인도네시아",$U26)),MAX(0,MIN($K26,기준정보!$C$11)-MAX($K26-기준정보!$C$6,기준정보!$C$10)+1),0))) | M26: =IF($K26="","",$K26-기준정보!$C$6-$L26) | N26: =IF($M26="","",$M26-기준정보!$C$4) | S26: =IF($H26="","",IF($H26="C","본사(소재팀)",IF($H26="완","생산처","확인 필요"))) | T26: 장안 | U26: 베트남 | Z26: 1500 | AA26: 48000000 | AB26: 222000000 | AD26: =IF($J26="","출고일 미정",IF($P26="X","작지 미발행",IF($P26="부분","작지 일부 미발행",IF(AND($R26<>"",$R26>$M26),"소재입고 마감("&TEXT($M26,"MM/DD")&") 초과",IF($P26="","발행여부 확인 필요",IF($R26="","소재 입고일정 확인 필요","정상")))))) | AE26: =IF($J26="","",IF(OR(LEFT($AD26,2)="작지",LEFT($AD26,4)="소재입고"),IF(LEFT($G26,1)="A","★ 납기위험(A코드)","◆ 지연주의"),IF($AD26="정상","✓ 정상","? 확인필요")))
A27: 23 | B27: 김준래 | C27: 정희영 | D27: TLTBA27601 | E27: 남성 폴로 긴팔 티셔츠 | F27: DTL/MID/ABE | G27: =IF($D27="","",IF(MID($D27,5,1)="A","A(가을)",IF(MID($D27,5,1)="W","W(겨울)",IF(MID($D27,5,1)="X","X(사계절)",MID($D27,5,1))))) | H27: 완 | I27: 8월1주 | J27: =IF($I27="","",IFERROR(DATE(기준정보!$C$7,VALUE(LEFT($I27,FIND("월",$I27)-1)),1+7*(VALUE(SUBSTITUTE(MID($I27,FIND("월",$I27)+1,5),"주",""))-1)),"")) | K27: =IF($J27="","",IF(AND(ISNUMBER(SEARCH("미얀마",$U27)),$J27-기준정보!$C$5>=기준정보!$C$8,$J27-기준정보!$C$5<=기준정보!$C$9),기준정보!$C$8-1,IF(AND(ISNUMBER(SEARCH("인도네시아",$U27)),$J27-기준정보!$C$5>=기준정보!$C$10,$J27-기준정보!$C$5<=기준정보!$C$11),기준정보!$C$10-1,$J27-기준정보!$C$5))) | L27: =IF($K27="","",IF(ISNUMBER(SEARCH("미얀마",$U27)),MAX(0,MIN($K27,기준정보!$C$9)-MAX($K27-기준정보!$C$6,기준정보!$C$8)+1),IF(ISNUMBER(SEARCH("인도네시아",$U27)),MAX(0,MIN($K27,기준정보!$C$11)-MAX($K27-기준정보!$C$6,기준정보!$C$10)+1),0))) | M27: =IF($K27="","",$K27-기준정보!$C$6-$L27) | N27: =IF($M27="","",$M27-기준정보!$C$4) | S27: =IF($H27="","",IF($H27="C","본사(소재팀)",IF($H27="완","생산처","확인 필요"))) | T27: TESSELLATION | U27: 베트남 | Z27: 5000 | AA27: 131340000 | AB27: 640000000 | AD27: =IF($J27="","출고일 미정",IF($P27="X","작지 미발행",IF($P27="부분","작지 일부 미발행",IF(AND($R27<>"",$R27>$M27),"소재입고 마감("&TEXT($M27,"MM/DD")&") 초과",IF($P27="","발행여부 확인 필요",IF($R27="","소재 입고일정 확인 필요","정상")))))) | AE27: =IF($J27="","",IF(OR(LEFT($AD27,2)="작지",LEFT($AD27,4)="소재입고"),IF(LEFT($G27,1)="A","★ 납기위험(A코드)","◆ 지연주의"),IF($AD27="정상","✓ 정상","? 확인필요")))
A28: 24 | B28: 김준래 | C28: 정희영 | D28: TLTBA27603 | E28: 남성 패턴 폴로 긴팔 티셔츠 | F28: SKA/CHR | G28: =IF($D28="","",IF(MID($D28,5,1)="A","A(가을)",IF(MID($D28,5,1)="W","W(겨울)",IF(MID($D28,5,1)="X","X(사계절)",MID($D28,5,1))))) | H28: 완 | I28: 8월1주 | J28: =IF($I28="","",IFERROR(DATE(기준정보!$C$7,VALUE(LEFT($I28,FIND("월",$I28)-1)),1+7*(VALUE(SUBSTITUTE(MID($I28,FIND("월",$I28)+1,5),"주",""))-1)),"")) | K28: =IF($J28="","",IF(AND(ISNUMBER(SEARCH("미얀마",$U28)),$J28-기준정보!$C$5>=기준정보!$C$8,$J28-기준정보!$C$5<=기준정보!$C$9),기준정보!$C$8-1,IF(AND(ISNUMBER(SEARCH("인도네시아",$U28)),$J28-기준정보!$C$5>=기준정보!$C$10,$J28-기준정보!$C$5<=기준정보!$C$11),기준정보!$C$10-1,$J28-기준정보!$C$5))) | L28: =IF($K28="","",IF(ISNUMBER(SEARCH("미얀마",$U28)),MAX(0,MIN($K28,기준정보!$C$9)-MAX($K28-기준정보!$C$6,기준정보!$C$8)+1),IF(ISNUMBER(SEARCH("인도네시아",$U28)),MAX(0,MIN($K28,기준정보!$C$11)-MAX($K28-기준정보!$C$6,기준정보!$C$10)+1),0))) | M28: =IF($K28="","",$K28-기준정보!$C$6-$L28) | N28: =IF($M28="","",$M28-기준정보!$C$4) | S28: =IF($H28="","",IF($H28="C","본사(소재팀)",IF($H28="완","생산처","확인 필요"))) | T28: 장안 | U28: 베트남 | Z28: 5000 | AA28: 134310000 | AB28: 690000000 | AD28: =IF($J28="","출고일 미정",IF($P28="X","작지 미발행",IF($P28="부분","작지 일부 미발행",IF(AND($R28<>"",$R28>$M28),"소재입고 마감("&TEXT($M28,"MM/DD")&") 초과",IF($P28="","발행여부 확인 필요",IF($R28="","소재 입고일정 확인 필요","정상")))))) | AE28: =IF($J28="","",IF(OR(LEFT($AD28,2)="작지",LEFT($AD28,4)="소재입고"),IF(LEFT($G28,1)="A","★ 납기위험(A코드)","◆ 지연주의"),IF($AD28="정상","✓ 정상","? 확인필요")))
A29: 25 | B29: 김준래 | C29: 정희영 | D29: TLTBA27621 | E29: 남성 소프트필 폴로 긴팔 티셔츠 | F29: ABU/DEB | G29: =IF($D29="","",IF(MID($D29,5,1)="A","A(가을)",IF(MID($D29,5,1)="W","W(겨울)",IF(MID($D29,5,1)="X","X(사계절)",MID($D29,5,1))))) | H29: 완 | I29: 8월1주 | J29: =IF($I29="","",IFERROR(DATE(기준정보!$C$7,VALUE(LEFT($I29,FIND("월",$I29)-1)),1+7*(VALUE(SUBSTITUTE(MID($I29,FIND("월",$I29)+1,5),"주",""))-1)),"")) | K29: =IF($J29="","",IF(AND(ISNUMBER(SEARCH("미얀마",$U29)),$J29-기준정보!$C$5>=기준정보!$C$8,$J29-기준정보!$C$5<=기준정보!$C$9),기준정보!$C$8-1,IF(AND(ISNUMBER(SEARCH("인도네시아",$U29)),$J29-기준정보!$C$5>=기준정보!$C$10,$J29-기준정보!$C$5<=기준정보!$C$11),기준정보!$C$10-1,$J29-기준정보!$C$5))) | L29: =IF($K29="","",IF(ISNUMBER(SEARCH("미얀마",$U29)),MAX(0,MIN($K29,기준정보!$C$9)-MAX($K29-기준정보!$C$6,기준정보!$C$8)+1),IF(ISNUMBER(SEARCH("인도네시아",$U29)),MAX(0,MIN($K29,기준정보!$C$11)-MAX($K29-기준정보!$C$6,기준정보!$C$10)+1),0))) | M29: =IF($K29="","",$K29-기준정보!$C$6-$L29) | N29: =IF($M29="","",$M29-기준정보!$C$4) | S29: =IF($H29="","",IF($H29="C","본사(소재팀)",IF($H29="완","생산처","확인 필요"))) | T29: IKG | U29: 인도네시아 | Z29: 5000 | AA29: 98560000 | AB29: 690000000 | AD29: =IF($J29="","출고일 미정",IF($P29="X","작지 미발행",IF($P29="부분","작지 일부 미발행",IF(AND($R29<>"",$R29>$M29),"소재입고 마감("&TEXT($M29,"MM/DD")&") 초과",IF($P29="","발행여부 확인 필요",IF($R29="","소재 입고일정 확인 필요","정상")))))) | AE29: =IF($J29="","",IF(OR(LEFT($AD29,2)="작지",LEFT($AD29,4)="소재입고"),IF(LEFT($G29,1)="A","★ 납기위험(A코드)","◆ 지연주의"),IF($AD29="정상","✓ 정상","? 확인필요")))
A30: 26 | B30: 김준래 | C30: 정희영 | D30: TNTBA27605 | E30: 남녀공용 쿠션 라운드 티셔츠 | F30: GBU/DEB | G30: =IF($D30="","",IF(MID($D30,5,1)="A","A(가을)",IF(MID($D30,5,1)="W","W(겨울)",IF(MID($D30,5,1)="X","X(사계절)",MID($D30,5,1))))) | H30: 완 | I30: 8월1주 | J30: =IF($I30="","",IFERROR(DATE(기준정보!$C$7,VALUE(LEFT($I30,FIND("월",$I30)-1)),1+7*(VALUE(SUBSTITUTE(MID($I30,FIND("월",$I30)+1,5),"주",""))-1)),"")) | K30: =IF($J30="","",IF(AND(ISNUMBER(SEARCH("미얀마",$U30)),$J30-기준정보!$C$5>=기준정보!$C$8,$J30-기준정보!$C$5<=기준정보!$C$9),기준정보!$C$8-1,IF(AND(ISNUMBER(SEARCH("인도네시아",$U30)),$J30-기준정보!$C$5>=기준정보!$C$10,$J30-기준정보!$C$5<=기준정보!$C$11),기준정보!$C$10-1,$J30-기준정보!$C$5))) | L30: =IF($K30="","",IF(ISNUMBER(SEARCH("미얀마",$U30)),MAX(0,MIN($K30,기준정보!$C$9)-MAX($K30-기준정보!$C$6,기준정보!$C$8)+1),IF(ISNUMBER(SEARCH("인도네시아",$U30)),MAX(0,MIN($K30,기준정보!$C$11)-MAX($K30-기준정보!$C$6,기준정보!$C$10)+1),0))) | M30: =IF($K30="","",$K30-기준정보!$C$6-$L30) | N30: =IF($M30="","",$M30-기준정보!$C$4) | S30: =IF($H30="","",IF($H30="C","본사(소재팀)",IF($H30="완","생산처","확인 필요"))) | T30: TESSELLATION | U30: 베트남 | Z30: 2000 | AA30: 52938000 | AB30: 276000000 | AD30: =IF($J30="","출고일 미정",IF($P30="X","작지 미발행",IF($P30="부분","작지 일부 미발행",IF(AND($R30<>"",$R30>$M30),"소재입고 마감("&TEXT($M30,"MM/DD")&") 초과",IF($P30="","발행여부 확인 필요",IF($R30="","소재 입고일정 확인 필요","정상")))))) | AE30: =IF($J30="","",IF(OR(LEFT($AD30,2)="작지",LEFT($AD30,4)="소재입고"),IF(LEFT($G30,1)="A","★ 납기위험(A코드)","◆ 지연주의"),IF($AD30="정상","✓ 정상","? 확인필요")))
A31: 27 | B31: 김준래 | C31: 정희영 | D31: TNTBA27607 | E31: 남녀공용 쿠션 후디드 긴팔 티셔츠 | F31: RBW/DEB | G31: =IF($D31="","",IF(MID($D31,5,1)="A","A(가을)",IF(MID($D31,5,1)="W","W(겨울)",IF(MID($D31,5,1)="X","X(사계절)",MID($D31,5,1))))) | H31: 완 | I31: 8월1주 | J31: =IF($I31="","",IFERROR(DATE(기준정보!$C$7,VALUE(LEFT($I31,FIND("월",$I31)-1)),1+7*(VALUE(SUBSTITUTE(MID($I31,FIND("월",$I31)+1,5),"주",""))-1)),"")) | K31: =IF($J31="","",IF(AND(ISNUMBER(SEARCH("미얀마",$U31)),$J31-기준정보!$C$5>=기준정보!$C$8,$J31-기준정보!$C$5<=기준정보!$C$9),기준정보!$C$8-1,IF(AND(ISNUMBER(SEARCH("인도네시아",$U31)),$J31-기준정보!$C$5>=기준정보!$C$10,$J31-기준정보!$C$5<=기준정보!$C$11),기준정보!$C$10-1,$J31-기준정보!$C$5))) | L31: =IF($K31="","",IF(ISNUMBER(SEARCH("미얀마",$U31)),MAX(0,MIN($K31,기준정보!$C$9)-MAX($K31-기준정보!$C$6,기준정보!$C$8)+1),IF(ISNUMBER(SEARCH("인도네시아",$U31)),MAX(0,MIN($K31,기준정보!$C$11)-MAX($K31-기준정보!$C$6,기준정보!$C$10)+1),0))) | M31: =IF($K31="","",$K31-기준정보!$C$6-$L31) | N31: =IF($M31="","",$M31-기준정보!$C$4) | S31: =IF($H31="","",IF($H31="C","본사(소재팀)",IF($H31="완","생산처","확인 필요"))) | T31: TESSELLATION | U31: 베트남 | Z31: 3000 | AA31: 104736000 | AB31: 504000000 | AD31: =IF($J31="","출고일 미정",IF($P31="X","작지 미발행",IF($P31="부분","작지 일부 미발행",IF(AND($R31<>"",$R31>$M31),"소재입고 마감("&TEXT($M31,"MM/DD")&") 초과",IF($P31="","발행여부 확인 필요",IF($R31="","소재 입고일정 확인 필요","정상")))))) | AE31: =IF($J31="","",IF(OR(LEFT($AD31,2)="작지",LEFT($AD31,4)="소재입고"),IF(LEFT($G31,1)="A","★ 납기위험(A코드)","◆ 지연주의"),IF($AD31="정상","✓ 정상","? 확인필요")))
A32: 28 | B32: 정영준 | C32: 서은미 | D32: TVJJA27612 | E32: 여성 중기장 후디드 재킷 | F32: GBU/DEB | G32: =IF($D32="","",IF(MID($D32,5,1)="A","A(가을)",IF(MID($D32,5,1)="W","W(겨울)",IF(MID($D32,5,1)="X","X(사계절)",MID($D32,5,1))))) | I32: 8월1주 | J32: =IF($I32="","",IFERROR(DATE(기준정보!$C$7,VALUE(LEFT($I32,FIND("월",$I32)-1)),1+7*(VALUE(SUBSTITUTE(MID($I32,FIND("월",$I32)+1,5),"주",""))-1)),"")) | K32: =IF($J32="","",IF(AND(ISNUMBER(SEARCH("미얀마",$U32)),$J32-기준정보!$C$5>=기준정보!$C$8,$J32-기준정보!$C$5<=기준정보!$C$9),기준정보!$C$8-1,IF(AND(ISNUMBER(SEARCH("인도네시아",$U32)),$J32-기준정보!$C$5>=기준정보!$C$10,$J32-기준정보!$C$5<=기준정보!$C$11),기준정보!$C$10-1,$J32-기준정보!$C$5))) | L32: =IF($K32="","",IF(ISNUMBER(SEARCH("미얀마",$U32)),MAX(0,MIN($K32,기준정보!$C$9)-MAX($K32-기준정보!$C$6,기준정보!$C$8)+1),IF(ISNUMBER(SEARCH("인도네시아",$U32)),MAX(0,MIN($K32,기준정보!$C$11)-MAX($K32-기준정보!$C$6,기준정보!$C$10)+1),0))) | M32: =IF($K32="","",$K32-기준정보!$C$6-$L32) | N32: =IF($M32="","",$M32-기준정보!$C$4) | S32: =IF($H32="","",IF($H32="C","본사(소재팀)",IF($H32="완","생산처","확인 필요"))) | T32: 아이블 | U32: 베트남 | Z32: 3000 | AA32: 144000000 | AB32: 660000000 | AD32: =IF($J32="","출고일 미정",IF($P32="X","작지 미발행",IF($P32="부분","작지 일부 미발행",IF(AND($R32<>"",$R32>$M32),"소재입고 마감("&TEXT($M32,"MM/DD")&") 초과",IF($P32="","발행여부 확인 필요",IF($R32="","소재 입고일정 확인 필요","정상")))))) | AE32: =IF($J32="","",IF(OR(LEFT($AD32,2)="작지",LEFT($AD32,4)="소재입고"),IF(LEFT($G32,1)="A","★ 납기위험(A코드)","◆ 지연주의"),IF($AD32="정상","✓ 정상","? 확인필요")))
A33: 29 | B33: 정영준 | C33: 서은미 | D33: TVJJA27622 | E33: 여성 중기장 스탠드넥 재킷 | F33: CO1/CO2 | G33: =IF($D33="","",IF(MID($D33,5,1)="A","A(가을)",IF(MID($D33,5,1)="W","W(겨울)",IF(MID($D33,5,1)="X","X(사계절)",MID($D33,5,1))))) | I33: 8월1주 | J33: =IF($I33="","",IFERROR(DATE(기준정보!$C$7,VALUE(LEFT($I33,FIND("월",$I33)-1)),1+7*(VALUE(SUBSTITUTE(MID($I33,FIND("월",$I33)+1,5),"주",""))-1)),"")) | K33: =IF($J33="","",IF(AND(ISNUMBER(SEARCH("미얀마",$U33)),$J33-기준정보!$C$5>=기준정보!$C$8,$J33-기준정보!$C$5<=기준정보!$C$9),기준정보!$C$8-1,IF(AND(ISNUMBER(SEARCH("인도네시아",$U33)),$J33-기준정보!$C$5>=기준정보!$C$10,$J33-기준정보!$C$5<=기준정보!$C$11),기준정보!$C$10-1,$J33-기준정보!$C$5))) | L33: =IF($K33="","",IF(ISNUMBER(SEARCH("미얀마",$U33)),MAX(0,MIN($K33,기준정보!$C$9)-MAX($K33-기준정보!$C$6,기준정보!$C$8)+1),IF(ISNUMBER(SEARCH("인도네시아",$U33)),MAX(0,MIN($K33,기준정보!$C$11)-MAX($K33-기준정보!$C$6,기준정보!$C$10)+1),0))) | M33: =IF($K33="","",$K33-기준정보!$C$6-$L33) | N33: =IF($M33="","",$M33-기준정보!$C$4) | S33: =IF($H33="","",IF($H33="C","본사(소재팀)",IF($H33="완","생산처","확인 필요"))) | T33: 포마트 | U33: 베트남 | Z33: 4000 | AA33: 160000000 | AB33: 792000000 | AD33: =IF($J33="","출고일 미정",IF($P33="X","작지 미발행",IF($P33="부분","작지 일부 미발행",IF(AND($R33<>"",$R33>$M33),"소재입고 마감("&TEXT($M33,"MM/DD")&") 초과",IF($P33="","발행여부 확인 필요",IF($R33="","소재 입고일정 확인 필요","정상")))))) | AE33: =IF($J33="","",IF(OR(LEFT($AD33,2)="작지",LEFT($AD33,4)="소재입고"),IF(LEFT($G33,1)="A","★ 납기위험(A코드)","◆ 지연주의"),IF($AD33="정상","✓ 정상","? 확인필요")))
A34: 30 | B34: 문도혁 | C34: 서은미 | D34: TVPNA27604 | E34: 여성 트리코트 팬츠 | F34: CHR/DBE | G34: =IF($D34="","",IF(MID($D34,5,1)="A","A(가을)",IF(MID($D34,5,1)="W","W(겨울)",IF(MID($D34,5,1)="X","X(사계절)",MID($D34,5,1))))) | H34: C | I34: 8월1주 | J34: =IF($I34="","",IFERROR(DATE(기준정보!$C$7,VALUE(LEFT($I34,FIND("월",$I34)-1)),1+7*(VALUE(SUBSTITUTE(MID($I34,FIND("월",$I34)+1,5),"주",""))-1)),"")) | K34: =IF($J34="","",IF(AND(ISNUMBER(SEARCH("미얀마",$U34)),$J34-기준정보!$C$5>=기준정보!$C$8,$J34-기준정보!$C$5<=기준정보!$C$9),기준정보!$C$8-1,IF(AND(ISNUMBER(SEARCH("인도네시아",$U34)),$J34-기준정보!$C$5>=기준정보!$C$10,$J34-기준정보!$C$5<=기준정보!$C$11),기준정보!$C$10-1,$J34-기준정보!$C$5))) | L34: =IF($K34="","",IF(ISNUMBER(SEARCH("미얀마",$U34)),MAX(0,MIN($K34,기준정보!$C$9)-MAX($K34-기준정보!$C$6,기준정보!$C$8)+1),IF(ISNUMBER(SEARCH("인도네시아",$U34)),MAX(0,MIN($K34,기준정보!$C$11)-MAX($K34-기준정보!$C$6,기준정보!$C$10)+1),0))) | M34: =IF($K34="","",$K34-기준정보!$C$6-$L34) | N34: =IF($M34="","",$M34-기준정보!$C$4) | S34: =IF($H34="","",IF($H34="C","본사(소재팀)",IF($H34="완","생산처","확인 필요"))) | T34: 거림 | U34: 베트남 | Z34: 1500 | AA34: 49314000 | AB34: 267000000 | AD34: =IF($J34="","출고일 미정",IF($P34="X","작지 미발행",IF($P34="부분","작지 일부 미발행",IF(AND($R34<>"",$R34>$M34),"소재입고 마감("&TEXT($M34,"MM/DD")&") 초과",IF($P34="","발행여부 확인 필요",IF($R34="","소재 입고일정 확인 필요","정상")))))) | AE34: =IF($J34="","",IF(OR(LEFT($AD34,2)="작지",LEFT($AD34,4)="소재입고"),IF(LEFT($G34,1)="A","★ 납기위험(A코드)","◆ 지연주의"),IF($AD34="정상","✓ 정상","? 확인필요")))
A35: 31 | B35: 문도혁 | C35: 서은미 | D35: TVPNA27606 | E35: 여성 데님 팬츠 | F35: IND | G35: =IF($D35="","",IF(MID($D35,5,1)="A","A(가을)",IF(MID($D35,5,1)="W","W(겨울)",IF(MID($D35,5,1)="X","X(사계절)",MID($D35,5,1))))) | H35: 완 | I35: 8월1주 | J35: =IF($I35="","",IFERROR(DATE(기준정보!$C$7,VALUE(LEFT($I35,FIND("월",$I35)-1)),1+7*(VALUE(SUBSTITUTE(MID($I35,FIND("월",$I35)+1,5),"주",""))-1)),"")) | K35: =IF($J35="","",IF(AND(ISNUMBER(SEARCH("미얀마",$U35)),$J35-기준정보!$C$5>=기준정보!$C$8,$J35-기준정보!$C$5<=기준정보!$C$9),기준정보!$C$8-1,IF(AND(ISNUMBER(SEARCH("인도네시아",$U35)),$J35-기준정보!$C$5>=기준정보!$C$10,$J35-기준정보!$C$5<=기준정보!$C$11),기준정보!$C$10-1,$J35-기준정보!$C$5))) | L35: =IF($K35="","",IF(ISNUMBER(SEARCH("미얀마",$U35)),MAX(0,MIN($K35,기준정보!$C$9)-MAX($K35-기준정보!$C$6,기준정보!$C$8)+1),IF(ISNUMBER(SEARCH("인도네시아",$U35)),MAX(0,MIN($K35,기준정보!$C$11)-MAX($K35-기준정보!$C$6,기준정보!$C$10)+1),0))) | M35: =IF($K35="","",$K35-기준정보!$C$6-$L35) | N35: =IF($M35="","",$M35-기준정보!$C$4) | S35: =IF($H35="","",IF($H35="C","본사(소재팀)",IF($H35="완","생산처","확인 필요"))) | T35: 파란 | U35: 중국 | Z35: 1500 | AA35: 57000000 | AB35: 282000000 | AD35: =IF($J35="","출고일 미정",IF($P35="X","작지 미발행",IF($P35="부분","작지 일부 미발행",IF(AND($R35<>"",$R35>$M35),"소재입고 마감("&TEXT($M35,"MM/DD")&") 초과",IF($P35="","발행여부 확인 필요",IF($R35="","소재 입고일정 확인 필요","정상")))))) | AE35: =IF($J35="","",IF(OR(LEFT($AD35,2)="작지",LEFT($AD35,4)="소재입고"),IF(LEFT($G35,1)="A","★ 납기위험(A코드)","◆ 지연주의"),IF($AD35="정상","✓ 정상","? 확인필요")))
A36: 32 | B36: 문도혁 | C36: 서은미 | D36: TVPNA27608 | E36: 여성 부츠컷 팬츠 | F36: DNV/DEB | G36: =IF($D36="","",IF(MID($D36,5,1)="A","A(가을)",IF(MID($D36,5,1)="W","W(겨울)",IF(MID($D36,5,1)="X","X(사계절)",MID($D36,5,1))))) | H36: C | I36: 8월1주 | J36: =IF($I36="","",IFERROR(DATE(기준정보!$C$7,VALUE(LEFT($I36,FIND("월",$I36)-1)),1+7*(VALUE(SUBSTITUTE(MID($I36,FIND("월",$I36)+1,5),"주",""))-1)),"")) | K36: =IF($J36="","",IF(AND(ISNUMBER(SEARCH("미얀마",$U36)),$J36-기준정보!$C$5>=기준정보!$C$8,$J36-기준정보!$C$5<=기준정보!$C$9),기준정보!$C$8-1,IF(AND(ISNUMBER(SEARCH("인도네시아",$U36)),$J36-기준정보!$C$5>=기준정보!$C$10,$J36-기준정보!$C$5<=기준정보!$C$11),기준정보!$C$10-1,$J36-기준정보!$C$5))) | L36: =IF($K36="","",IF(ISNUMBER(SEARCH("미얀마",$U36)),MAX(0,MIN($K36,기준정보!$C$9)-MAX($K36-기준정보!$C$6,기준정보!$C$8)+1),IF(ISNUMBER(SEARCH("인도네시아",$U36)),MAX(0,MIN($K36,기준정보!$C$11)-MAX($K36-기준정보!$C$6,기준정보!$C$10)+1),0))) | M36: =IF($K36="","",$K36-기준정보!$C$6-$L36) | N36: =IF($M36="","",$M36-기준정보!$C$4) | S36: =IF($H36="","",IF($H36="C","본사(소재팀)",IF($H36="완","생산처","확인 필요"))) | T36: 거림 | U36: 베트남 | Z36: 1500 | AA36: 48429000 | AB36: 282000000 | AD36: =IF($J36="","출고일 미정",IF($P36="X","작지 미발행",IF($P36="부분","작지 일부 미발행",IF(AND($R36<>"",$R36>$M36),"소재입고 마감("&TEXT($M36,"MM/DD")&") 초과",IF($P36="","발행여부 확인 필요",IF($R36="","소재 입고일정 확인 필요","정상")))))) | AE36: =IF($J36="","",IF(OR(LEFT($AD36,2)="작지",LEFT($AD36,4)="소재입고"),IF(LEFT($G36,1)="A","★ 납기위험(A코드)","◆ 지연주의"),IF($AD36="정상","✓ 정상","? 확인필요")))
A37: 33 | B37: 문도혁 | C37: 서은미 | D37: TVPNA27612 | E37: 여성 크롭 테이퍼드 팬츠 | F37: ABE/MID | G37: =IF($D37="","",IF(MID($D37,5,1)="A","A(가을)",IF(MID($D37,5,1)="W","W(겨울)",IF(MID($D37,5,1)="X","X(사계절)",MID($D37,5,1))))) | H37: C | I37: 8월1주 | J37: =IF($I37="","",IFERROR(DATE(기준정보!$C$7,VALUE(LEFT($I37,FIND("월",$I37)-1)),1+7*(VALUE(SUBSTITUTE(MID($I37,FIND("월",$I37)+1,5),"주",""))-1)),"")) | K37: =IF($J37="","",IF(AND(ISNUMBER(SEARCH("미얀마",$U37)),$J37-기준정보!$C$5>=기준정보!$C$8,$J37-기준정보!$C$5<=기준정보!$C$9),기준정보!$C$8-1,IF(AND(ISNUMBER(SEARCH("인도네시아",$U37)),$J37-기준정보!$C$5>=기준정보!$C$10,$J37-기준정보!$C$5<=기준정보!$C$11),기준정보!$C$10-1,$J37-기준정보!$C$5))) | L37: =IF($K37="","",IF(ISNUMBER(SEARCH("미얀마",$U37)),MAX(0,MIN($K37,기준정보!$C$9)-MAX($K37-기준정보!$C$6,기준정보!$C$8)+1),IF(ISNUMBER(SEARCH("인도네시아",$U37)),MAX(0,MIN($K37,기준정보!$C$11)-MAX($K37-기준정보!$C$6,기준정보!$C$10)+1),0))) | M37: =IF($K37="","",$K37-기준정보!$C$6-$L37) | N37: =IF($M37="","",$M37-기준정보!$C$4) | S37: =IF($H37="","",IF($H37="C","본사(소재팀)",IF($H37="완","생산처","확인 필요"))) | T37: TBO | U37: 베트남 | Z37: 2500 | AA37: 71710000 | AB37: 445000000 | AD37: =IF($J37="","출고일 미정",IF($P37="X","작지 미발행",IF($P37="부분","작지 일부 미발행",IF(AND($R37<>"",$R37>$M37),"소재입고 마감("&TEXT($M37,"MM/DD")&") 초과",IF($P37="","발행여부 확인 필요",IF($R37="","소재 입고일정 확인 필요","정상")))))) | AE37: =IF($J37="","",IF(OR(LEFT($AD37,2)="작지",LEFT($AD37,4)="소재입고"),IF(LEFT($G37,1)="A","★ 납기위험(A코드)","◆ 지연주의"),IF($AD37="정상","✓ 정상","? 확인필요")))
A38: 34 | B38: 문도혁 | C38: 서은미 | D38: TVPOA27622 | E38: 여성 메쉬 하이브리드 스커트 | F38: CO1/CO2 | G38: =IF($D38="","",IF(MID($D38,5,1)="A","A(가을)",IF(MID($D38,5,1)="W","W(겨울)",IF(MID($D38,5,1)="X","X(사계절)",MID($D38,5,1))))) | I38: 8월1주 | J38: =IF($I38="","",IFERROR(DATE(기준정보!$C$7,VALUE(LEFT($I38,FIND("월",$I38)-1)),1+7*(VALUE(SUBSTITUTE(MID($I38,FIND("월",$I38)+1,5),"주",""))-1)),"")) | K38: =IF($J38="","",IF(AND(ISNUMBER(SEARCH("미얀마",$U38)),$J38-기준정보!$C$5>=기준정보!$C$8,$J38-기준정보!$C$5<=기준정보!$C$9),기준정보!$C$8-1,IF(AND(ISNUMBER(SEARCH("인도네시아",$U38)),$J38-기준정보!$C$5>=기준정보!$C$10,$J38-기준정보!$C$5<=기준정보!$C$11),기준정보!$C$10-1,$J38-기준정보!$C$5))) | L38: =IF($K38="","",IF(ISNUMBER(SEARCH("미얀마",$U38)),MAX(0,MIN($K38,기준정보!$C$9)-MAX($K38-기준정보!$C$6,기준정보!$C$8)+1),IF(ISNUMBER(SEARCH("인도네시아",$U38)),MAX(0,MIN($K38,기준정보!$C$11)-MAX($K38-기준정보!$C$6,기준정보!$C$10)+1),0))) | M38: =IF($K38="","",$K38-기준정보!$C$6-$L38) | N38: =IF($M38="","",$M38-기준정보!$C$4) | S38: =IF($H38="","",IF($H38="C","본사(소재팀)",IF($H38="완","생산처","확인 필요"))) | Z38: 600 | AA38: 19800000 | AB38: 112800000 | AD38: =IF($J38="","출고일 미정",IF($P38="X","작지 미발행",IF($P38="부분","작지 일부 미발행",IF(AND($R38<>"",$R38>$M38),"소재입고 마감("&TEXT($M38,"MM/DD")&") 초과",IF($P38="","발행여부 확인 필요",IF($R38="","소재 입고일정 확인 필요","정상")))))) | AE38: =IF($J38="","",IF(OR(LEFT($AD38,2)="작지",LEFT($AD38,4)="소재입고"),IF(LEFT($G38,1)="A","★ 납기위험(A코드)","◆ 지연주의"),IF($AD38="정상","✓ 정상","? 확인필요")))
A39: 35 | B39: 정영준 | C39: 서은미 | D39: TVSXA27602 | E39: 여성 체크 긴팔 셔츠 | F39: CO1/CO2/CO3 | G39: =IF($D39="","",IF(MID($D39,5,1)="A","A(가을)",IF(MID($D39,5,1)="W","W(겨울)",IF(MID($D39,5,1)="X","X(사계절)",MID($D39,5,1))))) | I39: 8월1주 | J39: =IF($I39="","",IFERROR(DATE(기준정보!$C$7,VALUE(LEFT($I39,FIND("월",$I39)-1)),1+7*(VALUE(SUBSTITUTE(MID($I39,FIND("월",$I39)+1,5),"주",""))-1)),"")) | K39: =IF($J39="","",IF(AND(ISNUMBER(SEARCH("미얀마",$U39)),$J39-기준정보!$C$5>=기준정보!$C$8,$J39-기준정보!$C$5<=기준정보!$C$9),기준정보!$C$8-1,IF(AND(ISNUMBER(SEARCH("인도네시아",$U39)),$J39-기준정보!$C$5>=기준정보!$C$10,$J39-기준정보!$C$5<=기준정보!$C$11),기준정보!$C$10-1,$J39-기준정보!$C$5))) | L39: =IF($K39="","",IF(ISNUMBER(SEARCH("미얀마",$U39)),MAX(0,MIN($K39,기준정보!$C$9)-MAX($K39-기준정보!$C$6,기준정보!$C$8)+1),IF(ISNUMBER(SEARCH("인도네시아",$U39)),MAX(0,MIN($K39,기준정보!$C$11)-MAX($K39-기준정보!$C$6,기준정보!$C$10)+1),0))) | M39: =IF($K39="","",$K39-기준정보!$C$6-$L39) | N39: =IF($M39="","",$M39-기준정보!$C$4) | S39: =IF($H39="","",IF($H39="C","본사(소재팀)",IF($H39="완","생산처","확인 필요"))) | T39: 픽스쳐 | U39: 베트남 | Z39: 3000 | AA39: 78654000 | AB39: 444000000 | AD39: =IF($J39="","출고일 미정",IF($P39="X","작지 미발행",IF($P39="부분","작지 일부 미발행",IF(AND($R39<>"",$R39>$M39),"소재입고 마감("&TEXT($M39,"MM/DD")&") 초과",IF($P39="","발행여부 확인 필요",IF($R39="","소재 입고일정 확인 필요","정상")))))) | AE39: =IF($J39="","",IF(OR(LEFT($AD39,2)="작지",LEFT($AD39,4)="소재입고"),IF(LEFT($G39,1)="A","★ 납기위험(A코드)","◆ 지연주의"),IF($AD39="정상","✓ 정상","? 확인필요")))
A40: 36 | B40: 정영준 | C40: 서은미 | D40: TVTBA27602 | E40: 여성 베이직 피케 긴팔 폴로 | F40: CO1/CO2/CO3 | G40: =IF($D40="","",IF(MID($D40,5,1)="A","A(가을)",IF(MID($D40,5,1)="W","W(겨울)",IF(MID($D40,5,1)="X","X(사계절)",MID($D40,5,1))))) | H40: 슬림 | I40: 8월1주 | J40: =IF($I40="","",IFERROR(DATE(기준정보!$C$7,VALUE(LEFT($I40,FIND("월",$I40)-1)),1+7*(VALUE(SUBSTITUTE(MID($I40,FIND("월",$I40)+1,5),"주",""))-1)),"")) | K40: =IF($J40="","",IF(AND(ISNUMBER(SEARCH("미얀마",$U40)),$J40-기준정보!$C$5>=기준정보!$C$8,$J40-기준정보!$C$5<=기준정보!$C$9),기준정보!$C$8-1,IF(AND(ISNUMBER(SEARCH("인도네시아",$U40)),$J40-기준정보!$C$5>=기준정보!$C$10,$J40-기준정보!$C$5<=기준정보!$C$11),기준정보!$C$10-1,$J40-기준정보!$C$5))) | L40: =IF($K40="","",IF(ISNUMBER(SEARCH("미얀마",$U40)),MAX(0,MIN($K40,기준정보!$C$9)-MAX($K40-기준정보!$C$6,기준정보!$C$8)+1),IF(ISNUMBER(SEARCH("인도네시아",$U40)),MAX(0,MIN($K40,기준정보!$C$11)-MAX($K40-기준정보!$C$6,기준정보!$C$10)+1),0))) | M40: =IF($K40="","",$K40-기준정보!$C$6-$L40) | N40: =IF($M40="","",$M40-기준정보!$C$4) | S40: =IF($H40="","",IF($H40="C","본사(소재팀)",IF($H40="완","생산처","확인 필요"))) | T40: TESSELLATION | U40: 베트남 | Z40: 5000 | AA40: 90000000 | AB40: 640000000 | AD40: =IF($J40="","출고일 미정",IF($P40="X","작지 미발행",IF($P40="부분","작지 일부 미발행",IF(AND($R40<>"",$R40>$M40),"소재입고 마감("&TEXT($M40,"MM/DD")&") 초과",IF($P40="","발행여부 확인 필요",IF($R40="","소재 입고일정 확인 필요","정상")))))) | AE40: =IF($J40="","",IF(OR(LEFT($AD40,2)="작지",LEFT($AD40,4)="소재입고"),IF(LEFT($G40,1)="A","★ 납기위험(A코드)","◆ 지연주의"),IF($AD40="정상","✓ 정상","? 확인필요")))
A41: 37 | B41: 정영준 | C41: 서은미 | D41: TVTBA27604 | E41: 여성 체크 긴팔 폴로 | F41: CO1/CO2 | G41: =IF($D41="","",IF(MID($D41,5,1)="A","A(가을)",IF(MID($D41,5,1)="W","W(겨울)",IF(MID($D41,5,1)="X","X(사계절)",MID($D41,5,1))))) | H41: 슬림 | I41: 8월1주 | J41: =IF($I41="","",IFERROR(DATE(기준정보!$C$7,VALUE(LEFT($I41,FIND("월",$I41)-1)),1+7*(VALUE(SUBSTITUTE(MID($I41,FIND("월",$I41)+1,5),"주",""))-1)),"")) | K41: =IF($J41="","",IF(AND(ISNUMBER(SEARCH("미얀마",$U41)),$J41-기준정보!$C$5>=기준정보!$C$8,$J41-기준정보!$C$5<=기준정보!$C$9),기준정보!$C$8-1,IF(AND(ISNUMBER(SEARCH("인도네시아",$U41)),$J41-기준정보!$C$5>=기준정보!$C$10,$J41-기준정보!$C$5<=기준정보!$C$11),기준정보!$C$10-1,$J41-기준정보!$C$5))) | L41: =IF($K41="","",IF(ISNUMBER(SEARCH("미얀마",$U41)),MAX(0,MIN($K41,기준정보!$C$9)-MAX($K41-기준정보!$C$6,기준정보!$C$8)+1),IF(ISNUMBER(SEARCH("인도네시아",$U41)),MAX(0,MIN($K41,기준정보!$C$11)-MAX($K41-기준정보!$C$6,기준정보!$C$10)+1),0))) | M41: =IF($K41="","",$K41-기준정보!$C$6-$L41) | N41: =IF($M41="","",$M41-기준정보!$C$4) | S41: =IF($H41="","",IF($H41="C","본사(소재팀)",IF($H41="완","생산처","확인 필요"))) | T41: 장안 | U41: 베트남 | Z41: 3000 | AA41: 66000000 | AB41: 414000000 | AD41: =IF($J41="","출고일 미정",IF($P41="X","작지 미발행",IF($P41="부분","작지 일부 미발행",IF(AND($R41<>"",$R41>$M41),"소재입고 마감("&TEXT($M41,"MM/DD")&") 초과",IF($P41="","발행여부 확인 필요",IF($R41="","소재 입고일정 확인 필요","정상")))))) | AE41: =IF($J41="","",IF(OR(LEFT($AD41,2)="작지",LEFT($AD41,4)="소재입고"),IF(LEFT($G41,1)="A","★ 납기위험(A코드)","◆ 지연주의"),IF($AD41="정상","✓ 정상","? 확인필요")))
A42: 38 | B42: 정영준 | C42: 서은미 | D42: TVTBA27622 | E42: 여성 소로나 긴팔 폴로 | F42: ABE/ABU | G42: =IF($D42="","",IF(MID($D42,5,1)="A","A(가을)",IF(MID($D42,5,1)="W","W(겨울)",IF(MID($D42,5,1)="X","X(사계절)",MID($D42,5,1))))) | H42: 슬림 | I42: 8월1주 | J42: =IF($I42="","",IFERROR(DATE(기준정보!$C$7,VALUE(LEFT($I42,FIND("월",$I42)-1)),1+7*(VALUE(SUBSTITUTE(MID($I42,FIND("월",$I42)+1,5),"주",""))-1)),"")) | K42: =IF($J42="","",IF(AND(ISNUMBER(SEARCH("미얀마",$U42)),$J42-기준정보!$C$5>=기준정보!$C$8,$J42-기준정보!$C$5<=기준정보!$C$9),기준정보!$C$8-1,IF(AND(ISNUMBER(SEARCH("인도네시아",$U42)),$J42-기준정보!$C$5>=기준정보!$C$10,$J42-기준정보!$C$5<=기준정보!$C$11),기준정보!$C$10-1,$J42-기준정보!$C$5))) | L42: =IF($K42="","",IF(ISNUMBER(SEARCH("미얀마",$U42)),MAX(0,MIN($K42,기준정보!$C$9)-MAX($K42-기준정보!$C$6,기준정보!$C$8)+1),IF(ISNUMBER(SEARCH("인도네시아",$U42)),MAX(0,MIN($K42,기준정보!$C$11)-MAX($K42-기준정보!$C$6,기준정보!$C$10)+1),0))) | M42: =IF($K42="","",$K42-기준정보!$C$6-$L42) | N42: =IF($M42="","",$M42-기준정보!$C$4) | S42: =IF($H42="","",IF($H42="C","본사(소재팀)",IF($H42="완","생산처","확인 필요"))) | T42: 장안 | U42: 베트남 | Z42: 2000 | AA42: 48000000 | AB42: 276000000 | AD42: =IF($J42="","출고일 미정",IF($P42="X","작지 미발행",IF($P42="부분","작지 일부 미발행",IF(AND($R42<>"",$R42>$M42),"소재입고 마감("&TEXT($M42,"MM/DD")&") 초과",IF($P42="","발행여부 확인 필요",IF($R42="","소재 입고일정 확인 필요","정상")))))) | AE42: =IF($J42="","",IF(OR(LEFT($AD42,2)="작지",LEFT($AD42,4)="소재입고"),IF(LEFT($G42,1)="A","★ 납기위험(A코드)","◆ 지연주의"),IF($AD42="정상","✓ 정상","? 확인필요")))
A43: 39 | B43: 최진민 | C43: 김지원 | D43: JKIBA27402 | E43: 여성 PP 슬림핏 베이스레이어 하의 | F43: DEB | G43: =IF($D43="","",IF(MID($D43,5,1)="A","A(가을)",IF(MID($D43,5,1)="W","W(겨울)",IF(MID($D43,5,1)="X","X(사계절)",MID($D43,5,1))))) | H43: 완 | I43: 8월3주 | J43: =IF($I43="","",IFERROR(DATE(기준정보!$C$7,VALUE(LEFT($I43,FIND("월",$I43)-1)),1+7*(VALUE(SUBSTITUTE(MID($I43,FIND("월",$I43)+1,5),"주",""))-1)),"")) | K43: =IF($J43="","",IF(AND(ISNUMBER(SEARCH("미얀마",$U43)),$J43-기준정보!$C$5>=기준정보!$C$8,$J43-기준정보!$C$5<=기준정보!$C$9),기준정보!$C$8-1,IF(AND(ISNUMBER(SEARCH("인도네시아",$U43)),$J43-기준정보!$C$5>=기준정보!$C$10,$J43-기준정보!$C$5<=기준정보!$C$11),기준정보!$C$10-1,$J43-기준정보!$C$5))) | L43: =IF($K43="","",IF(ISNUMBER(SEARCH("미얀마",$U43)),MAX(0,MIN($K43,기준정보!$C$9)-MAX($K43-기준정보!$C$6,기준정보!$C$8)+1),IF(ISNUMBER(SEARCH("인도네시아",$U43)),MAX(0,MIN($K43,기준정보!$C$11)-MAX($K43-기준정보!$C$6,기준정보!$C$10)+1),0))) | M43: =IF($K43="","",$K43-기준정보!$C$6-$L43) | N43: =IF($M43="","",$M43-기준정보!$C$4) | S43: =IF($H43="","",IF($H43="C","본사(소재팀)",IF($H43="완","생산처","확인 필요"))) | T43: IKG | U43: 인도네시아 | Z43: 300 | AA43: 5239500 | AB43: 32400000 | AD43: =IF($J43="","출고일 미정",IF($P43="X","작지 미발행",IF($P43="부분","작지 일부 미발행",IF(AND($R43<>"",$R43>$M43),"소재입고 마감("&TEXT($M43,"MM/DD")&") 초과",IF($P43="","발행여부 확인 필요",IF($R43="","소재 입고일정 확인 필요","정상")))))) | AE43: =IF($J43="","",IF(OR(LEFT($AD43,2)="작지",LEFT($AD43,4)="소재입고"),IF(LEFT($G43,1)="A","★ 납기위험(A코드)","◆ 지연주의"),IF($AD43="정상","✓ 정상","? 확인필요")))
A44: 40 | B44: 최진민 | C44: 김지원 | D44: JKICA27402 | E44: 여성 PP 슬림핏 긴팔 베이스레이어 상의 | F44: DEB/PEG | G44: =IF($D44="","",IF(MID($D44,5,1)="A","A(가을)",IF(MID($D44,5,1)="W","W(겨울)",IF(MID($D44,5,1)="X","X(사계절)",MID($D44,5,1))))) | H44: 완 | I44: 8월3주 | J44: =IF($I44="","",IFERROR(DATE(기준정보!$C$7,VALUE(LEFT($I44,FIND("월",$I44)-1)),1+7*(VALUE(SUBSTITUTE(MID($I44,FIND("월",$I44)+1,5),"주",""))-1)),"")) | K44: =IF($J44="","",IF(AND(ISNUMBER(SEARCH("미얀마",$U44)),$J44-기준정보!$C$5>=기준정보!$C$8,$J44-기준정보!$C$5<=기준정보!$C$9),기준정보!$C$8-1,IF(AND(ISNUMBER(SEARCH("인도네시아",$U44)),$J44-기준정보!$C$5>=기준정보!$C$10,$J44-기준정보!$C$5<=기준정보!$C$11),기준정보!$C$10-1,$J44-기준정보!$C$5))) | L44: =IF($K44="","",IF(ISNUMBER(SEARCH("미얀마",$U44)),MAX(0,MIN($K44,기준정보!$C$9)-MAX($K44-기준정보!$C$6,기준정보!$C$8)+1),IF(ISNUMBER(SEARCH("인도네시아",$U44)),MAX(0,MIN($K44,기준정보!$C$11)-MAX($K44-기준정보!$C$6,기준정보!$C$10)+1),0))) | M44: =IF($K44="","",$K44-기준정보!$C$6-$L44) | N44: =IF($M44="","",$M44-기준정보!$C$4) | S44: =IF($H44="","",IF($H44="C","본사(소재팀)",IF($H44="완","생산처","확인 필요"))) | T44: IKG | U44: 인도네시아 | Z44: 350 | AA44: 5233900 | AB44: 41300000 | AD44: =IF($J44="","출고일 미정",IF($P44="X","작지 미발행",IF($P44="부분","작지 일부 미발행",IF(AND($R44<>"",$R44>$M44),"소재입고 마감("&TEXT($M44,"MM/DD")&") 초과",IF($P44="","발행여부 확인 필요",IF($R44="","소재 입고일정 확인 필요","정상")))))) | AE44: =IF($J44="","",IF(OR(LEFT($AD44,2)="작지",LEFT($AD44,4)="소재입고"),IF(LEFT($G44,1)="A","★ 납기위험(A코드)","◆ 지연주의"),IF($AD44="정상","✓ 정상","? 확인필요")))
A45: 41 | B45: 이재헌 | C45: 나영길 | D45: JKJGA27412 | E45: 여성 윈드체이서 고어텍스 2L 릴렉스핏 후디드 방수 재킷 | F45: ABE/ASB/DEB | G45: =IF($D45="","",IF(MID($D45,5,1)="A","A(가을)",IF(MID($D45,5,1)="W","W(겨울)",IF(MID($D45,5,1)="X","X(사계절)",MID($D45,5,1))))) | I45: 8월3주 | J45: =IF($I45="","",IFERROR(DATE(기준정보!$C$7,VALUE(LEFT($I45,FIND("월",$I45)-1)),1+7*(VALUE(SUBSTITUTE(MID($I45,FIND("월",$I45)+1,5),"주",""))-1)),"")) | K45: =IF($J45="","",IF(AND(ISNUMBER(SEARCH("미얀마",$U45)),$J45-기준정보!$C$5>=기준정보!$C$8,$J45-기준정보!$C$5<=기준정보!$C$9),기준정보!$C$8-1,IF(AND(ISNUMBER(SEARCH("인도네시아",$U45)),$J45-기준정보!$C$5>=기준정보!$C$10,$J45-기준정보!$C$5<=기준정보!$C$11),기준정보!$C$10-1,$J45-기준정보!$C$5))) | L45: =IF($K45="","",IF(ISNUMBER(SEARCH("미얀마",$U45)),MAX(0,MIN($K45,기준정보!$C$9)-MAX($K45-기준정보!$C$6,기준정보!$C$8)+1),IF(ISNUMBER(SEARCH("인도네시아",$U45)),MAX(0,MIN($K45,기준정보!$C$11)-MAX($K45-기준정보!$C$6,기준정보!$C$10)+1),0))) | M45: =IF($K45="","",$K45-기준정보!$C$6-$L45) | N45: =IF($M45="","",$M45-기준정보!$C$4) | S45: =IF($H45="","",IF($H45="C","본사(소재팀)",IF($H45="완","생산처","확인 필요"))) | T45: 기도 | U45: 베트남 | Z45: 600 | AA45: 72000000 | AB45: 294000000 | AD45: =IF($J45="","출고일 미정",IF($P45="X","작지 미발행",IF($P45="부분","작지 일부 미발행",IF(AND($R45<>"",$R45>$M45),"소재입고 마감("&TEXT($M45,"MM/DD")&") 초과",IF($P45="","발행여부 확인 필요",IF($R45="","소재 입고일정 확인 필요","정상")))))) | AE45: =IF($J45="","",IF(OR(LEFT($AD45,2)="작지",LEFT($AD45,4)="소재입고"),IF(LEFT($G45,1)="A","★ 납기위험(A코드)","◆ 지연주의"),IF($AD45="정상","✓ 정상","? 확인필요")))
A46: 42 | B46: 이재헌 | C46: 나영길 | D46: JKJJA27414 | E46: 여성 윈드체이서 릴렉스핏 후디드 방수 재킷 | F46: WGY | G46: =IF($D46="","",IF(MID($D46,5,1)="A","A(가을)",IF(MID($D46,5,1)="W","W(겨울)",IF(MID($D46,5,1)="X","X(사계절)",MID($D46,5,1))))) | I46: 8월3주 | J46: =IF($I46="","",IFERROR(DATE(기준정보!$C$7,VALUE(LEFT($I46,FIND("월",$I46)-1)),1+7*(VALUE(SUBSTITUTE(MID($I46,FIND("월",$I46)+1,5),"주",""))-1)),"")) | K46: =IF($J46="","",IF(AND(ISNUMBER(SEARCH("미얀마",$U46)),$J46-기준정보!$C$5>=기준정보!$C$8,$J46-기준정보!$C$5<=기준정보!$C$9),기준정보!$C$8-1,IF(AND(ISNUMBER(SEARCH("인도네시아",$U46)),$J46-기준정보!$C$5>=기준정보!$C$10,$J46-기준정보!$C$5<=기준정보!$C$11),기준정보!$C$10-1,$J46-기준정보!$C$5))) | L46: =IF($K46="","",IF(ISNUMBER(SEARCH("미얀마",$U46)),MAX(0,MIN($K46,기준정보!$C$9)-MAX($K46-기준정보!$C$6,기준정보!$C$8)+1),IF(ISNUMBER(SEARCH("인도네시아",$U46)),MAX(0,MIN($K46,기준정보!$C$11)-MAX($K46-기준정보!$C$6,기준정보!$C$10)+1),0))) | M46: =IF($K46="","",$K46-기준정보!$C$6-$L46) | N46: =IF($M46="","",$M46-기준정보!$C$4) | S46: =IF($H46="","",IF($H46="C","본사(소재팀)",IF($H46="완","생산처","확인 필요"))) | T46: 기도 | U46: 베트남 | Z46: 50 | AA46: 10000000 | AB46: 44500000 | AD46: =IF($J46="","출고일 미정",IF($P46="X","작지 미발행",IF($P46="부분","작지 일부 미발행",IF(AND($R46<>"",$R46>$M46),"소재입고 마감("&TEXT($M46,"MM/DD")&") 초과",IF($P46="","발행여부 확인 필요",IF($R46="","소재 입고일정 확인 필요","정상")))))) | AE46: =IF($J46="","",IF(OR(LEFT($AD46,2)="작지",LEFT($AD46,4)="소재입고"),IF(LEFT($G46,1)="A","★ 납기위험(A코드)","◆ 지연주의"),IF($AD46="정상","✓ 정상","? 확인필요")))
A47: 43 | B47: 이재헌 | C47: 나영길 | D47: JKJJA27416 | E47: 여성 윈드체이서 릴렉스핏 후디드 방수 재킷 | F47: DEB | G47: =IF($D47="","",IF(MID($D47,5,1)="A","A(가을)",IF(MID($D47,5,1)="W","W(겨울)",IF(MID($D47,5,1)="X","X(사계절)",MID($D47,5,1))))) | I47: 8월3주 | J47: =IF($I47="","",IFERROR(DATE(기준정보!$C$7,VALUE(LEFT($I47,FIND("월",$I47)-1)),1+7*(VALUE(SUBSTITUTE(MID($I47,FIND("월",$I47)+1,5),"주",""))-1)),"")) | K47: =IF($J47="","",IF(AND(ISNUMBER(SEARCH("미얀마",$U47)),$J47-기준정보!$C$5>=기준정보!$C$8,$J47-기준정보!$C$5<=기준정보!$C$9),기준정보!$C$8-1,IF(AND(ISNUMBER(SEARCH("인도네시아",$U47)),$J47-기준정보!$C$5>=기준정보!$C$10,$J47-기준정보!$C$5<=기준정보!$C$11),기준정보!$C$10-1,$J47-기준정보!$C$5))) | L47: =IF($K47="","",IF(ISNUMBER(SEARCH("미얀마",$U47)),MAX(0,MIN($K47,기준정보!$C$9)-MAX($K47-기준정보!$C$6,기준정보!$C$8)+1),IF(ISNUMBER(SEARCH("인도네시아",$U47)),MAX(0,MIN($K47,기준정보!$C$11)-MAX($K47-기준정보!$C$6,기준정보!$C$10)+1),0))) | M47: =IF($K47="","",$K47-기준정보!$C$6-$L47) | N47: =IF($M47="","",$M47-기준정보!$C$4) | S47: =IF($H47="","",IF($H47="C","본사(소재팀)",IF($H47="완","생산처","확인 필요"))) | T47: 기도 | U47: 베트남 | Z47: 100 | AA47: 17000000 | AB47: 69000000 | AD47: =IF($J47="","출고일 미정",IF($P47="X","작지 미발행",IF($P47="부분","작지 일부 미발행",IF(AND($R47<>"",$R47>$M47),"소재입고 마감("&TEXT($M47,"MM/DD")&") 초과",IF($P47="","발행여부 확인 필요",IF($R47="","소재 입고일정 확인 필요","정상")))))) | AE47: =IF($J47="","",IF(OR(LEFT($AD47,2)="작지",LEFT($AD47,4)="소재입고"),IF(LEFT($G47,1)="A","★ 납기위험(A코드)","◆ 지연주의"),IF($AD47="정상","✓ 정상","? 확인필요")))
A48: 44 | B48: 박진아 | C48: 김지원 | D48: JKPNA27402 | E48: 여성 올라운드 팬츠 | F48: PEG/DEB | G48: =IF($D48="","",IF(MID($D48,5,1)="A","A(가을)",IF(MID($D48,5,1)="W","W(겨울)",IF(MID($D48,5,1)="X","X(사계절)",MID($D48,5,1))))) | I48: 8월3주 | J48: =IF($I48="","",IFERROR(DATE(기준정보!$C$7,VALUE(LEFT($I48,FIND("월",$I48)-1)),1+7*(VALUE(SUBSTITUTE(MID($I48,FIND("월",$I48)+1,5),"주",""))-1)),"")) | K48: =IF($J48="","",IF(AND(ISNUMBER(SEARCH("미얀마",$U48)),$J48-기준정보!$C$5>=기준정보!$C$8,$J48-기준정보!$C$5<=기준정보!$C$9),기준정보!$C$8-1,IF(AND(ISNUMBER(SEARCH("인도네시아",$U48)),$J48-기준정보!$C$5>=기준정보!$C$10,$J48-기준정보!$C$5<=기준정보!$C$11),기준정보!$C$10-1,$J48-기준정보!$C$5))) | L48: =IF($K48="","",IF(ISNUMBER(SEARCH("미얀마",$U48)),MAX(0,MIN($K48,기준정보!$C$9)-MAX($K48-기준정보!$C$6,기준정보!$C$8)+1),IF(ISNUMBER(SEARCH("인도네시아",$U48)),MAX(0,MIN($K48,기준정보!$C$11)-MAX($K48-기준정보!$C$6,기준정보!$C$10)+1),0))) | M48: =IF($K48="","",$K48-기준정보!$C$6-$L48) | N48: =IF($M48="","",$M48-기준정보!$C$4) | S48: =IF($H48="","",IF($H48="C","본사(소재팀)",IF($H48="완","생산처","확인 필요"))) | T48: TBO | U48: 베트남 | Z48: 1000 | AA48: 55254000 | AB48: 220000000 | AD48: =IF($J48="","출고일 미정",IF($P48="X","작지 미발행",IF($P48="부분","작지 일부 미발행",IF(AND($R48<>"",$R48>$M48),"소재입고 마감("&TEXT($M48,"MM/DD")&") 초과",IF($P48="","발행여부 확인 필요",IF($R48="","소재 입고일정 확인 필요","정상")))))) | AE48: =IF($J48="","",IF(OR(LEFT($AD48,2)="작지",LEFT($AD48,4)="소재입고"),IF(LEFT($G48,1)="A","★ 납기위험(A코드)","◆ 지연주의"),IF($AD48="정상","✓ 정상","? 확인필요")))
A49: 45 | B49: 박진아 | C49: 김지원 | D49: JKTBA27402 | E49: 여성 긴팔 라운드 티셔츠 | F49: AWH/ASB/DEB | G49: =IF($D49="","",IF(MID($D49,5,1)="A","A(가을)",IF(MID($D49,5,1)="W","W(겨울)",IF(MID($D49,5,1)="X","X(사계절)",MID($D49,5,1))))) | I49: 8월3주 | J49: =IF($I49="","",IFERROR(DATE(기준정보!$C$7,VALUE(LEFT($I49,FIND("월",$I49)-1)),1+7*(VALUE(SUBSTITUTE(MID($I49,FIND("월",$I49)+1,5),"주",""))-1)),"")) | K49: =IF($J49="","",IF(AND(ISNUMBER(SEARCH("미얀마",$U49)),$J49-기준정보!$C$5>=기준정보!$C$8,$J49-기준정보!$C$5<=기준정보!$C$9),기준정보!$C$8-1,IF(AND(ISNUMBER(SEARCH("인도네시아",$U49)),$J49-기준정보!$C$5>=기준정보!$C$10,$J49-기준정보!$C$5<=기준정보!$C$11),기준정보!$C$10-1,$J49-기준정보!$C$5))) | L49: =IF($K49="","",IF(ISNUMBER(SEARCH("미얀마",$U49)),MAX(0,MIN($K49,기준정보!$C$9)-MAX($K49-기준정보!$C$6,기준정보!$C$8)+1),IF(ISNUMBER(SEARCH("인도네시아",$U49)),MAX(0,MIN($K49,기준정보!$C$11)-MAX($K49-기준정보!$C$6,기준정보!$C$10)+1),0))) | M49: =IF($K49="","",$K49-기준정보!$C$6-$L49) | N49: =IF($M49="","",$M49-기준정보!$C$4) | S49: =IF($H49="","",IF($H49="C","본사(소재팀)",IF($H49="완","생산처","확인 필요"))) | T49: 장안 | U49: 베트남 | Z49: 300 | AA49: 7174500 | AB49: 35400000 | AD49: =IF($J49="","출고일 미정",IF($P49="X","작지 미발행",IF($P49="부분","작지 일부 미발행",IF(AND($R49<>"",$R49>$M49),"소재입고 마감("&TEXT($M49,"MM/DD")&") 초과",IF($P49="","발행여부 확인 필요",IF($R49="","소재 입고일정 확인 필요","정상")))))) | AE49: =IF($J49="","",IF(OR(LEFT($AD49,2)="작지",LEFT($AD49,4)="소재입고"),IF(LEFT($G49,1)="A","★ 납기위험(A코드)","◆ 지연주의"),IF($AD49="정상","✓ 정상","? 확인필요")))
A50: 46 | B50: 박진아 | C50: 김지원 | D50: JKTCA27402 | E50: 여성 반팔 라운드 티셔츠 | F50: EFL/CHR/DEB | G50: =IF($D50="","",IF(MID($D50,5,1)="A","A(가을)",IF(MID($D50,5,1)="W","W(겨울)",IF(MID($D50,5,1)="X","X(사계절)",MID($D50,5,1))))) | I50: 8월3주 | J50: =IF($I50="","",IFERROR(DATE(기준정보!$C$7,VALUE(LEFT($I50,FIND("월",$I50)-1)),1+7*(VALUE(SUBSTITUTE(MID($I50,FIND("월",$I50)+1,5),"주",""))-1)),"")) | K50: =IF($J50="","",IF(AND(ISNUMBER(SEARCH("미얀마",$U50)),$J50-기준정보!$C$5>=기준정보!$C$8,$J50-기준정보!$C$5<=기준정보!$C$9),기준정보!$C$8-1,IF(AND(ISNUMBER(SEARCH("인도네시아",$U50)),$J50-기준정보!$C$5>=기준정보!$C$10,$J50-기준정보!$C$5<=기준정보!$C$11),기준정보!$C$10-1,$J50-기준정보!$C$5))) | L50: =IF($K50="","",IF(ISNUMBER(SEARCH("미얀마",$U50)),MAX(0,MIN($K50,기준정보!$C$9)-MAX($K50-기준정보!$C$6,기준정보!$C$8)+1),IF(ISNUMBER(SEARCH("인도네시아",$U50)),MAX(0,MIN($K50,기준정보!$C$11)-MAX($K50-기준정보!$C$6,기준정보!$C$10)+1),0))) | M50: =IF($K50="","",$K50-기준정보!$C$6-$L50) | N50: =IF($M50="","",$M50-기준정보!$C$4) | S50: =IF($H50="","",IF($H50="C","본사(소재팀)",IF($H50="완","생산처","확인 필요"))) | T50: 장안 | U50: 베트남 | Z50: 500 | AA50: 11240000 | AB50: 44000000 | AD50: =IF($J50="","출고일 미정",IF($P50="X","작지 미발행",IF($P50="부분","작지 일부 미발행",IF(AND($R50<>"",$R50>$M50),"소재입고 마감("&TEXT($M50,"MM/DD")&") 초과",IF($P50="","발행여부 확인 필요",IF($R50="","소재 입고일정 확인 필요","정상")))))) | AE50: =IF($J50="","",IF(OR(LEFT($AD50,2)="작지",LEFT($AD50,4)="소재입고"),IF(LEFT($G50,1)="A","★ 납기위험(A코드)","◆ 지연주의"),IF($AD50="정상","✓ 정상","? 확인필요")))
A51: 47 | B51: 박진아 | C51: 김지원 | D51: JKTCA27404 | E51: 여성 반팔 라운드 티셔츠 | F51: EFL/CO2 | G51: =IF($D51="","",IF(MID($D51,5,1)="A","A(가을)",IF(MID($D51,5,1)="W","W(겨울)",IF(MID($D51,5,1)="X","X(사계절)",MID($D51,5,1))))) | I51: 8월3주 | J51: =IF($I51="","",IFERROR(DATE(기준정보!$C$7,VALUE(LEFT($I51,FIND("월",$I51)-1)),1+7*(VALUE(SUBSTITUTE(MID($I51,FIND("월",$I51)+1,5),"주",""))-1)),"")) | K51: =IF($J51="","",IF(AND(ISNUMBER(SEARCH("미얀마",$U51)),$J51-기준정보!$C$5>=기준정보!$C$8,$J51-기준정보!$C$5<=기준정보!$C$9),기준정보!$C$8-1,IF(AND(ISNUMBER(SEARCH("인도네시아",$U51)),$J51-기준정보!$C$5>=기준정보!$C$10,$J51-기준정보!$C$5<=기준정보!$C$11),기준정보!$C$10-1,$J51-기준정보!$C$5))) | L51: =IF($K51="","",IF(ISNUMBER(SEARCH("미얀마",$U51)),MAX(0,MIN($K51,기준정보!$C$9)-MAX($K51-기준정보!$C$6,기준정보!$C$8)+1),IF(ISNUMBER(SEARCH("인도네시아",$U51)),MAX(0,MIN($K51,기준정보!$C$11)-MAX($K51-기준정보!$C$6,기준정보!$C$10)+1),0))) | M51: =IF($K51="","",$K51-기준정보!$C$6-$L51) | N51: =IF($M51="","",$M51-기준정보!$C$4) | S51: =IF($H51="","",IF($H51="C","본사(소재팀)",IF($H51="완","생산처","확인 필요"))) | T51: 장안 | U51: 베트남 | Z51: 500 | AA51: 10794000 | AB51: 44000000 | AD51: =IF($J51="","출고일 미정",IF($P51="X","작지 미발행",IF($P51="부분","작지 일부 미발행",IF(AND($R51<>"",$R51>$M51),"소재입고 마감("&TEXT($M51,"MM/DD")&") 초과",IF($P51="","발행여부 확인 필요",IF($R51="","소재 입고일정 확인 필요","정상")))))) | AE51: =IF($J51="","",IF(OR(LEFT($AD51,2)="작지",LEFT($AD51,4)="소재입고"),IF(LEFT($G51,1)="A","★ 납기위험(A코드)","◆ 지연주의"),IF($AD51="정상","✓ 정상","? 확인필요")))
A52: 48 | B52: 박진아 | C52: 김지원 | D52: JNPNA27401 | E52: 남녀공용 경량 나일론 팬츠 | F52: NEG/DOE/DEB | G52: =IF($D52="","",IF(MID($D52,5,1)="A","A(가을)",IF(MID($D52,5,1)="W","W(겨울)",IF(MID($D52,5,1)="X","X(사계절)",MID($D52,5,1))))) | I52: 8월3주 | J52: =IF($I52="","",IFERROR(DATE(기준정보!$C$7,VALUE(LEFT($I52,FIND("월",$I52)-1)),1+7*(VALUE(SUBSTITUTE(MID($I52,FIND("월",$I52)+1,5),"주",""))-1)),"")) | K52: =IF($J52="","",IF(AND(ISNUMBER(SEARCH("미얀마",$U52)),$J52-기준정보!$C$5>=기준정보!$C$8,$J52-기준정보!$C$5<=기준정보!$C$9),기준정보!$C$8-1,IF(AND(ISNUMBER(SEARCH("인도네시아",$U52)),$J52-기준정보!$C$5>=기준정보!$C$10,$J52-기준정보!$C$5<=기준정보!$C$11),기준정보!$C$10-1,$J52-기준정보!$C$5))) | L52: =IF($K52="","",IF(ISNUMBER(SEARCH("미얀마",$U52)),MAX(0,MIN($K52,기준정보!$C$9)-MAX($K52-기준정보!$C$6,기준정보!$C$8)+1),IF(ISNUMBER(SEARCH("인도네시아",$U52)),MAX(0,MIN($K52,기준정보!$C$11)-MAX($K52-기준정보!$C$6,기준정보!$C$10)+1),0))) | M52: =IF($K52="","",$K52-기준정보!$C$6-$L52) | N52: =IF($M52="","",$M52-기준정보!$C$4) | S52: =IF($H52="","",IF($H52="C","본사(소재팀)",IF($H52="완","생산처","확인 필요"))) | T52: TBO | U52: 베트남 | Z52: 800 | AA52: 45103200 | AB52: 176000000 | AD52: =IF($J52="","출고일 미정",IF($P52="X","작지 미발행",IF($P52="부분","작지 일부 미발행",IF(AND($R52<>"",$R52>$M52),"소재입고 마감("&TEXT($M52,"MM/DD")&") 초과",IF($P52="","발행여부 확인 필요",IF($R52="","소재 입고일정 확인 필요","정상")))))) | AE52: =IF($J52="","",IF(OR(LEFT($AD52,2)="작지",LEFT($AD52,4)="소재입고"),IF(LEFT($G52,1)="A","★ 납기위험(A코드)","◆ 지연주의"),IF($AD52="정상","✓ 정상","? 확인필요")))
A53: 49 | B53: 박진아 | C53: 나영길 | D53: JNPNA27403 | E53: 남녀공용 투웨이 디테처블 팬츠 | F53: PEG/CTP | G53: =IF($D53="","",IF(MID($D53,5,1)="A","A(가을)",IF(MID($D53,5,1)="W","W(겨울)",IF(MID($D53,5,1)="X","X(사계절)",MID($D53,5,1))))) | I53: 8월3주 | J53: =IF($I53="","",IFERROR(DATE(기준정보!$C$7,VALUE(LEFT($I53,FIND("월",$I53)-1)),1+7*(VALUE(SUBSTITUTE(MID($I53,FIND("월",$I53)+1,5),"주",""))-1)),"")) | K53: =IF($J53="","",IF(AND(ISNUMBER(SEARCH("미얀마",$U53)),$J53-기준정보!$C$5>=기준정보!$C$8,$J53-기준정보!$C$5<=기준정보!$C$9),기준정보!$C$8-1,IF(AND(ISNUMBER(SEARCH("인도네시아",$U53)),$J53-기준정보!$C$5>=기준정보!$C$10,$J53-기준정보!$C$5<=기준정보!$C$11),기준정보!$C$10-1,$J53-기준정보!$C$5))) | L53: =IF($K53="","",IF(ISNUMBER(SEARCH("미얀마",$U53)),MAX(0,MIN($K53,기준정보!$C$9)-MAX($K53-기준정보!$C$6,기준정보!$C$8)+1),IF(ISNUMBER(SEARCH("인도네시아",$U53)),MAX(0,MIN($K53,기준정보!$C$11)-MAX($K53-기준정보!$C$6,기준정보!$C$10)+1),0))) | M53: =IF($K53="","",$K53-기준정보!$C$6-$L53) | N53: =IF($M53="","",$M53-기준정보!$C$4) | S53: =IF($H53="","",IF($H53="C","본사(소재팀)",IF($H53="완","생산처","확인 필요"))) | T53: YIC | U53: 베트남 | Z53: 500 | AA53: 28807000 | AB53: 125000000 | AD53: =IF($J53="","출고일 미정",IF($P53="X","작지 미발행",IF($P53="부분","작지 일부 미발행",IF(AND($R53<>"",$R53>$M53),"소재입고 마감("&TEXT($M53,"MM/DD")&") 초과",IF($P53="","발행여부 확인 필요",IF($R53="","소재 입고일정 확인 필요","정상")))))) | AE53: =IF($J53="","",IF(OR(LEFT($AD53,2)="작지",LEFT($AD53,4)="소재입고"),IF(LEFT($G53,1)="A","★ 납기위험(A코드)","◆ 지연주의"),IF($AD53="정상","✓ 정상","? 확인필요")))
A54: 50 | B54: 박진아 | C54: 김지원 | D54: JNTBA27403 | E54: 남녀공용 베이직 릴렉스핏 긴팔 라운드 티셔츠 | F54: CO1/CO2 | G54: =IF($D54="","",IF(MID($D54,5,1)="A","A(가을)",IF(MID($D54,5,1)="W","W(겨울)",IF(MID($D54,5,1)="X","X(사계절)",MID($D54,5,1))))) | I54: 8월3주 | J54: =IF($I54="","",IFERROR(DATE(기준정보!$C$7,VALUE(LEFT($I54,FIND("월",$I54)-1)),1+7*(VALUE(SUBSTITUTE(MID($I54,FIND("월",$I54)+1,5),"주",""))-1)),"")) | K54: =IF($J54="","",IF(AND(ISNUMBER(SEARCH("미얀마",$U54)),$J54-기준정보!$C$5>=기준정보!$C$8,$J54-기준정보!$C$5<=기준정보!$C$9),기준정보!$C$8-1,IF(AND(ISNUMBER(SEARCH("인도네시아",$U54)),$J54-기준정보!$C$5>=기준정보!$C$10,$J54-기준정보!$C$5<=기준정보!$C$11),기준정보!$C$10-1,$J54-기준정보!$C$5))) | L54: =IF($K54="","",IF(ISNUMBER(SEARCH("미얀마",$U54)),MAX(0,MIN($K54,기준정보!$C$9)-MAX($K54-기준정보!$C$6,기준정보!$C$8)+1),IF(ISNUMBER(SEARCH("인도네시아",$U54)),MAX(0,MIN($K54,기준정보!$C$11)-MAX($K54-기준정보!$C$6,기준정보!$C$10)+1),0))) | M54: =IF($K54="","",$K54-기준정보!$C$6-$L54) | N54: =IF($M54="","",$M54-기준정보!$C$4) | S54: =IF($H54="","",IF($H54="C","본사(소재팀)",IF($H54="완","생산처","확인 필요"))) | T54: 장안 | U54: 베트남 | Z54: 300 | AA54: 10384800 | AB54: 38400000 | AD54: =IF($J54="","출고일 미정",IF($P54="X","작지 미발행",IF($P54="부분","작지 일부 미발행",IF(AND($R54<>"",$R54>$M54),"소재입고 마감("&TEXT($M54,"MM/DD")&") 초과",IF($P54="","발행여부 확인 필요",IF($R54="","소재 입고일정 확인 필요","정상")))))) | AE54: =IF($J54="","",IF(OR(LEFT($AD54,2)="작지",LEFT($AD54,4)="소재입고"),IF(LEFT($G54,1)="A","★ 납기위험(A코드)","◆ 지연주의"),IF($AD54="정상","✓ 정상","? 확인필요")))
A55: 51 | B55: 최진민 | C55: 김지원 | D55: JWIBA27401 | E55: 남성 PP 슬림핏 베이스레이어 하의 | F55: DEB | G55: =IF($D55="","",IF(MID($D55,5,1)="A","A(가을)",IF(MID($D55,5,1)="W","W(겨울)",IF(MID($D55,5,1)="X","X(사계절)",MID($D55,5,1))))) | H55: 완 | I55: 8월3주 | J55: =IF($I55="","",IFERROR(DATE(기준정보!$C$7,VALUE(LEFT($I55,FIND("월",$I55)-1)),1+7*(VALUE(SUBSTITUTE(MID($I55,FIND("월",$I55)+1,5),"주",""))-1)),"")) | K55: =IF($J55="","",IF(AND(ISNUMBER(SEARCH("미얀마",$U55)),$J55-기준정보!$C$5>=기준정보!$C$8,$J55-기준정보!$C$5<=기준정보!$C$9),기준정보!$C$8-1,IF(AND(ISNUMBER(SEARCH("인도네시아",$U55)),$J55-기준정보!$C$5>=기준정보!$C$10,$J55-기준정보!$C$5<=기준정보!$C$11),기준정보!$C$10-1,$J55-기준정보!$C$5))) | L55: =IF($K55="","",IF(ISNUMBER(SEARCH("미얀마",$U55)),MAX(0,MIN($K55,기준정보!$C$9)-MAX($K55-기준정보!$C$6,기준정보!$C$8)+1),IF(ISNUMBER(SEARCH("인도네시아",$U55)),MAX(0,MIN($K55,기준정보!$C$11)-MAX($K55-기준정보!$C$6,기준정보!$C$10)+1),0))) | M55: =IF($K55="","",$K55-기준정보!$C$6-$L55) | N55: =IF($M55="","",$M55-기준정보!$C$4) | S55: =IF($H55="","",IF($H55="C","본사(소재팀)",IF($H55="완","생산처","확인 필요"))) | T55: IKG | U55: 인도네시아 | Z55: 400 | AA55: 7602000 | AB55: 43200000 | AD55: =IF($J55="","출고일 미정",IF($P55="X","작지 미발행",IF($P55="부분","작지 일부 미발행",IF(AND($R55<>"",$R55>$M55),"소재입고 마감("&TEXT($M55,"MM/DD")&") 초과",IF($P55="","발행여부 확인 필요",IF($R55="","소재 입고일정 확인 필요","정상")))))) | AE55: =IF($J55="","",IF(OR(LEFT($AD55,2)="작지",LEFT($AD55,4)="소재입고"),IF(LEFT($G55,1)="A","★ 납기위험(A코드)","◆ 지연주의"),IF($AD55="정상","✓ 정상","? 확인필요")))
A56: 52 | B56: 최진민 | C56: 김지원 | D56: JWICA27401 | E56: 남성 PP 슬림핏 긴팔 베이스레이어 상의 | F56: PEG/DEB | G56: =IF($D56="","",IF(MID($D56,5,1)="A","A(가을)",IF(MID($D56,5,1)="W","W(겨울)",IF(MID($D56,5,1)="X","X(사계절)",MID($D56,5,1))))) | H56: 완 | I56: 8월3주 | J56: =IF($I56="","",IFERROR(DATE(기준정보!$C$7,VALUE(LEFT($I56,FIND("월",$I56)-1)),1+7*(VALUE(SUBSTITUTE(MID($I56,FIND("월",$I56)+1,5),"주",""))-1)),"")) | K56: =IF($J56="","",IF(AND(ISNUMBER(SEARCH("미얀마",$U56)),$J56-기준정보!$C$5>=기준정보!$C$8,$J56-기준정보!$C$5<=기준정보!$C$9),기준정보!$C$8-1,IF(AND(ISNUMBER(SEARCH("인도네시아",$U56)),$J56-기준정보!$C$5>=기준정보!$C$10,$J56-기준정보!$C$5<=기준정보!$C$11),기준정보!$C$10-1,$J56-기준정보!$C$5))) | L56: =IF($K56="","",IF(ISNUMBER(SEARCH("미얀마",$U56)),MAX(0,MIN($K56,기준정보!$C$9)-MAX($K56-기준정보!$C$6,기준정보!$C$8)+1),IF(ISNUMBER(SEARCH("인도네시아",$U56)),MAX(0,MIN($K56,기준정보!$C$11)-MAX($K56-기준정보!$C$6,기준정보!$C$10)+1),0))) | M56: =IF($K56="","",$K56-기준정보!$C$6-$L56) | N56: =IF($M56="","",$M56-기준정보!$C$4) | S56: =IF($H56="","",IF($H56="C","본사(소재팀)",IF($H56="완","생산처","확인 필요"))) | T56: IKG | U56: 인도네시아 | Z56: 500 | AA56: 15000000 | AB56: 59000000 | AD56: =IF($J56="","출고일 미정",IF($P56="X","작지 미발행",IF($P56="부분","작지 일부 미발행",IF(AND($R56<>"",$R56>$M56),"소재입고 마감("&TEXT($M56,"MM/DD")&") 초과",IF($P56="","발행여부 확인 필요",IF($R56="","소재 입고일정 확인 필요","정상")))))) | AE56: =IF($J56="","",IF(OR(LEFT($AD56,2)="작지",LEFT($AD56,4)="소재입고"),IF(LEFT($G56,1)="A","★ 납기위험(A코드)","◆ 지연주의"),IF($AD56="정상","✓ 정상","? 확인필요")))
A57: 53 | B57: 이재헌 | C57: 나영길 | D57: JWJGA27411 | E57: 남성 윈드체이서 고어텍스 2L 릴렉스핏 후디드 방수 재킷 | F57: NEG/DOE/DEB | G57: =IF($D57="","",IF(MID($D57,5,1)="A","A(가을)",IF(MID($D57,5,1)="W","W(겨울)",IF(MID($D57,5,1)="X","X(사계절)",MID($D57,5,1))))) | I57: 8월3주 | J57: =IF($I57="","",IFERROR(DATE(기준정보!$C$7,VALUE(LEFT($I57,FIND("월",$I57)-1)),1+7*(VALUE(SUBSTITUTE(MID($I57,FIND("월",$I57)+1,5),"주",""))-1)),"")) | K57: =IF($J57="","",IF(AND(ISNUMBER(SEARCH("미얀마",$U57)),$J57-기준정보!$C$5>=기준정보!$C$8,$J57-기준정보!$C$5<=기준정보!$C$9),기준정보!$C$8-1,IF(AND(ISNUMBER(SEARCH("인도네시아",$U57)),$J57-기준정보!$C$5>=기준정보!$C$10,$J57-기준정보!$C$5<=기준정보!$C$11),기준정보!$C$10-1,$J57-기준정보!$C$5))) | L57: =IF($K57="","",IF(ISNUMBER(SEARCH("미얀마",$U57)),MAX(0,MIN($K57,기준정보!$C$9)-MAX($K57-기준정보!$C$6,기준정보!$C$8)+1),IF(ISNUMBER(SEARCH("인도네시아",$U57)),MAX(0,MIN($K57,기준정보!$C$11)-MAX($K57-기준정보!$C$6,기준정보!$C$10)+1),0))) | M57: =IF($K57="","",$K57-기준정보!$C$6-$L57) | N57: =IF($M57="","",$M57-기준정보!$C$4) | S57: =IF($H57="","",IF($H57="C","본사(소재팀)",IF($H57="완","생산처","확인 필요"))) | T57: 기도 | U57: 베트남 | Z57: 850 | AA57: 102000000 | AB57: 416500000 | AD57: =IF($J57="","출고일 미정",IF($P57="X","작지 미발행",IF($P57="부분","작지 일부 미발행",IF(AND($R57<>"",$R57>$M57),"소재입고 마감("&TEXT($M57,"MM/DD")&") 초과",IF($P57="","발행여부 확인 필요",IF($R57="","소재 입고일정 확인 필요","정상")))))) | AE57: =IF($J57="","",IF(OR(LEFT($AD57,2)="작지",LEFT($AD57,4)="소재입고"),IF(LEFT($G57,1)="A","★ 납기위험(A코드)","◆ 지연주의"),IF($AD57="정상","✓ 정상","? 확인필요")))
A58: 54 | B58: 이재헌 | C58: 나영길 | D58: JWJJA27413 | E58: 남성 윈드체이서 릴렉스핏 후디드 방수 재킷 | F58: WHY | G58: =IF($D58="","",IF(MID($D58,5,1)="A","A(가을)",IF(MID($D58,5,1)="W","W(겨울)",IF(MID($D58,5,1)="X","X(사계절)",MID($D58,5,1))))) | I58: 8월3주 | J58: =IF($I58="","",IFERROR(DATE(기준정보!$C$7,VALUE(LEFT($I58,FIND("월",$I58)-1)),1+7*(VALUE(SUBSTITUTE(MID($I58,FIND("월",$I58)+1,5),"주",""))-1)),"")) | K58: =IF($J58="","",IF(AND(ISNUMBER(SEARCH("미얀마",$U58)),$J58-기준정보!$C$5>=기준정보!$C$8,$J58-기준정보!$C$5<=기준정보!$C$9),기준정보!$C$8-1,IF(AND(ISNUMBER(SEARCH("인도네시아",$U58)),$J58-기준정보!$C$5>=기준정보!$C$10,$J58-기준정보!$C$5<=기준정보!$C$11),기준정보!$C$10-1,$J58-기준정보!$C$5))) | L58: =IF($K58="","",IF(ISNUMBER(SEARCH("미얀마",$U58)),MAX(0,MIN($K58,기준정보!$C$9)-MAX($K58-기준정보!$C$6,기준정보!$C$8)+1),IF(ISNUMBER(SEARCH("인도네시아",$U58)),MAX(0,MIN($K58,기준정보!$C$11)-MAX($K58-기준정보!$C$6,기준정보!$C$10)+1),0))) | M58: =IF($K58="","",$K58-기준정보!$C$6-$L58) | N58: =IF($M58="","",$M58-기준정보!$C$4) | S58: =IF($H58="","",IF($H58="C","본사(소재팀)",IF($H58="완","생산처","확인 필요"))) | T58: 기도 | U58: 베트남 | Z58: 50 | AA58: 10000000 | AB58: 44500000 | AD58: =IF($J58="","출고일 미정",IF($P58="X","작지 미발행",IF($P58="부분","작지 일부 미발행",IF(AND($R58<>"",$R58>$M58),"소재입고 마감("&TEXT($M58,"MM/DD")&") 초과",IF($P58="","발행여부 확인 필요",IF($R58="","소재 입고일정 확인 필요","정상")))))) | AE58: =IF($J58="","",IF(OR(LEFT($AD58,2)="작지",LEFT($AD58,4)="소재입고"),IF(LEFT($G58,1)="A","★ 납기위험(A코드)","◆ 지연주의"),IF($AD58="정상","✓ 정상","? 확인필요")))
A59: 55 | B59: 이재헌 | C59: 나영길 | D59: JWJJA27415 | E59: 남성 윈드체이서 릴렉스핏 후디드 방수 재킷 | F59: DEB | G59: =IF($D59="","",IF(MID($D59,5,1)="A","A(가을)",IF(MID($D59,5,1)="W","W(겨울)",IF(MID($D59,5,1)="X","X(사계절)",MID($D59,5,1))))) | I59: 8월3주 | J59: =IF($I59="","",IFERROR(DATE(기준정보!$C$7,VALUE(LEFT($I59,FIND("월",$I59)-1)),1+7*(VALUE(SUBSTITUTE(MID($I59,FIND("월",$I59)+1,5),"주",""))-1)),"")) | K59: =IF($J59="","",IF(AND(ISNUMBER(SEARCH("미얀마",$U59)),$J59-기준정보!$C$5>=기준정보!$C$8,$J59-기준정보!$C$5<=기준정보!$C$9),기준정보!$C$8-1,IF(AND(ISNUMBER(SEARCH("인도네시아",$U59)),$J59-기준정보!$C$5>=기준정보!$C$10,$J59-기준정보!$C$5<=기준정보!$C$11),기준정보!$C$10-1,$J59-기준정보!$C$5))) | L59: =IF($K59="","",IF(ISNUMBER(SEARCH("미얀마",$U59)),MAX(0,MIN($K59,기준정보!$C$9)-MAX($K59-기준정보!$C$6,기준정보!$C$8)+1),IF(ISNUMBER(SEARCH("인도네시아",$U59)),MAX(0,MIN($K59,기준정보!$C$11)-MAX($K59-기준정보!$C$6,기준정보!$C$10)+1),0))) | M59: =IF($K59="","",$K59-기준정보!$C$6-$L59) | N59: =IF($M59="","",$M59-기준정보!$C$4) | S59: =IF($H59="","",IF($H59="C","본사(소재팀)",IF($H59="완","생산처","확인 필요"))) | T59: 기도 | U59: 베트남 | Z59: 100 | AA59: 17000000 | AB59: 69000000 | AD59: =IF($J59="","출고일 미정",IF($P59="X","작지 미발행",IF($P59="부분","작지 일부 미발행",IF(AND($R59<>"",$R59>$M59),"소재입고 마감("&TEXT($M59,"MM/DD")&") 초과",IF($P59="","발행여부 확인 필요",IF($R59="","소재 입고일정 확인 필요","정상")))))) | AE59: =IF($J59="","",IF(OR(LEFT($AD59,2)="작지",LEFT($AD59,4)="소재입고"),IF(LEFT($G59,1)="A","★ 납기위험(A코드)","◆ 지연주의"),IF($AD59="정상","✓ 정상","? 확인필요")))
A60: 56 | B60: 박진아 | C60: 김지원 | D60: JWPNA27401 | E60: 남성 올라운드 팬츠 | F60: PEG/EFL/CHR/DEB | G60: =IF($D60="","",IF(MID($D60,5,1)="A","A(가을)",IF(MID($D60,5,1)="W","W(겨울)",IF(MID($D60,5,1)="X","X(사계절)",MID($D60,5,1))))) | I60: 8월3주 | J60: =IF($I60="","",IFERROR(DATE(기준정보!$C$7,VALUE(LEFT($I60,FIND("월",$I60)-1)),1+7*(VALUE(SUBSTITUTE(MID($I60,FIND("월",$I60)+1,5),"주",""))-1)),"")) | K60: =IF($J60="","",IF(AND(ISNUMBER(SEARCH("미얀마",$U60)),$J60-기준정보!$C$5>=기준정보!$C$8,$J60-기준정보!$C$5<=기준정보!$C$9),기준정보!$C$8-1,IF(AND(ISNUMBER(SEARCH("인도네시아",$U60)),$J60-기준정보!$C$5>=기준정보!$C$10,$J60-기준정보!$C$5<=기준정보!$C$11),기준정보!$C$10-1,$J60-기준정보!$C$5))) | L60: =IF($K60="","",IF(ISNUMBER(SEARCH("미얀마",$U60)),MAX(0,MIN($K60,기준정보!$C$9)-MAX($K60-기준정보!$C$6,기준정보!$C$8)+1),IF(ISNUMBER(SEARCH("인도네시아",$U60)),MAX(0,MIN($K60,기준정보!$C$11)-MAX($K60-기준정보!$C$6,기준정보!$C$10)+1),0))) | M60: =IF($K60="","",$K60-기준정보!$C$6-$L60) | N60: =IF($M60="","",$M60-기준정보!$C$4) | S60: =IF($H60="","",IF($H60="C","본사(소재팀)",IF($H60="완","생산처","확인 필요"))) | T60: TBO | U60: 베트남 | Z60: 1200 | AA60: 56342400 | AB60: 264000000 | AD60: =IF($J60="","출고일 미정",IF($P60="X","작지 미발행",IF($P60="부분","작지 일부 미발행",IF(AND($R60<>"",$R60>$M60),"소재입고 마감("&TEXT($M60,"MM/DD")&") 초과",IF($P60="","발행여부 확인 필요",IF($R60="","소재 입고일정 확인 필요","정상")))))) | AE60: =IF($J60="","",IF(OR(LEFT($AD60,2)="작지",LEFT($AD60,4)="소재입고"),IF(LEFT($G60,1)="A","★ 납기위험(A코드)","◆ 지연주의"),IF($AD60="정상","✓ 정상","? 확인필요")))
A61: 57 | B61: 박진아 | C61: 김지원 | D61: JWTBA27401 | E61: 남성 긴팔 라운드 티셔츠 | F61: AWH/CHR/DEB | G61: =IF($D61="","",IF(MID($D61,5,1)="A","A(가을)",IF(MID($D61,5,1)="W","W(겨울)",IF(MID($D61,5,1)="X","X(사계절)",MID($D61,5,1))))) | I61: 8월3주 | J61: =IF($I61="","",IFERROR(DATE(기준정보!$C$7,VALUE(LEFT($I61,FIND("월",$I61)-1)),1+7*(VALUE(SUBSTITUTE(MID($I61,FIND("월",$I61)+1,5),"주",""))-1)),"")) | K61: =IF($J61="","",IF(AND(ISNUMBER(SEARCH("미얀마",$U61)),$J61-기준정보!$C$5>=기준정보!$C$8,$J61-기준정보!$C$5<=기준정보!$C$9),기준정보!$C$8-1,IF(AND(ISNUMBER(SEARCH("인도네시아",$U61)),$J61-기준정보!$C$5>=기준정보!$C$10,$J61-기준정보!$C$5<=기준정보!$C$11),기준정보!$C$10-1,$J61-기준정보!$C$5))) | L61: =IF($K61="","",IF(ISNUMBER(SEARCH("미얀마",$U61)),MAX(0,MIN($K61,기준정보!$C$9)-MAX($K61-기준정보!$C$6,기준정보!$C$8)+1),IF(ISNUMBER(SEARCH("인도네시아",$U61)),MAX(0,MIN($K61,기준정보!$C$11)-MAX($K61-기준정보!$C$6,기준정보!$C$10)+1),0))) | M61: =IF($K61="","",$K61-기준정보!$C$6-$L61) | N61: =IF($M61="","",$M61-기준정보!$C$4) | S61: =IF($H61="","",IF($H61="C","본사(소재팀)",IF($H61="완","생산처","확인 필요"))) | T61: 장안 | U61: 베트남 | Z61: 400 | AA61: 14406400 | AB61: 47200000 | AD61: =IF($J61="","출고일 미정",IF($P61="X","작지 미발행",IF($P61="부분","작지 일부 미발행",IF(AND($R61<>"",$R61>$M61),"소재입고 마감("&TEXT($M61,"MM/DD")&") 초과",IF($P61="","발행여부 확인 필요",IF($R61="","소재 입고일정 확인 필요","정상")))))) | AE61: =IF($J61="","",IF(OR(LEFT($AD61,2)="작지",LEFT($AD61,4)="소재입고"),IF(LEFT($G61,1)="A","★ 납기위험(A코드)","◆ 지연주의"),IF($AD61="정상","✓ 정상","? 확인필요")))
A62: 58 | B62: 박진아 | C62: 김지원 | D62: JWTCA27401 | E62: 남성 반팔 라운드 티셔츠 | F62: NEG/DEB | G62: =IF($D62="","",IF(MID($D62,5,1)="A","A(가을)",IF(MID($D62,5,1)="W","W(겨울)",IF(MID($D62,5,1)="X","X(사계절)",MID($D62,5,1))))) | I62: 8월3주 | J62: =IF($I62="","",IFERROR(DATE(기준정보!$C$7,VALUE(LEFT($I62,FIND("월",$I62)-1)),1+7*(VALUE(SUBSTITUTE(MID($I62,FIND("월",$I62)+1,5),"주",""))-1)),"")) | K62: =IF($J62="","",IF(AND(ISNUMBER(SEARCH("미얀마",$U62)),$J62-기준정보!$C$5>=기준정보!$C$8,$J62-기준정보!$C$5<=기준정보!$C$9),기준정보!$C$8-1,IF(AND(ISNUMBER(SEARCH("인도네시아",$U62)),$J62-기준정보!$C$5>=기준정보!$C$10,$J62-기준정보!$C$5<=기준정보!$C$11),기준정보!$C$10-1,$J62-기준정보!$C$5))) | L62: =IF($K62="","",IF(ISNUMBER(SEARCH("미얀마",$U62)),MAX(0,MIN($K62,기준정보!$C$9)-MAX($K62-기준정보!$C$6,기준정보!$C$8)+1),IF(ISNUMBER(SEARCH("인도네시아",$U62)),MAX(0,MIN($K62,기준정보!$C$11)-MAX($K62-기준정보!$C$6,기준정보!$C$10)+1),0))) | M62: =IF($K62="","",$K62-기준정보!$C$6-$L62) | N62: =IF($M62="","",$M62-기준정보!$C$4) | S62: =IF($H62="","",IF($H62="C","본사(소재팀)",IF($H62="완","생산처","확인 필요"))) | T62: 장안 | U62: 베트남 | Z62: 800 | AA62: 18308000 | AB62: 70400000 | AD62: =IF($J62="","출고일 미정",IF($P62="X","작지 미발행",IF($P62="부분","작지 일부 미발행",IF(AND($R62<>"",$R62>$M62),"소재입고 마감("&TEXT($M62,"MM/DD")&") 초과",IF($P62="","발행여부 확인 필요",IF($R62="","소재 입고일정 확인 필요","정상")))))) | AE62: =IF($J62="","",IF(OR(LEFT($AD62,2)="작지",LEFT($AD62,4)="소재입고"),IF(LEFT($G62,1)="A","★ 납기위험(A코드)","◆ 지연주의"),IF($AD62="정상","✓ 정상","? 확인필요")))
A63: 59 | B63: 박진아 | C63: 김지원 | D63: JWTCA27403 | E63: 남성 반팔 라운드 티셔츠 | F63: CO1 | G63: =IF($D63="","",IF(MID($D63,5,1)="A","A(가을)",IF(MID($D63,5,1)="W","W(겨울)",IF(MID($D63,5,1)="X","X(사계절)",MID($D63,5,1))))) | I63: 8월3주 | J63: =IF($I63="","",IFERROR(DATE(기준정보!$C$7,VALUE(LEFT($I63,FIND("월",$I63)-1)),1+7*(VALUE(SUBSTITUTE(MID($I63,FIND("월",$I63)+1,5),"주",""))-1)),"")) | K63: =IF($J63="","",IF(AND(ISNUMBER(SEARCH("미얀마",$U63)),$J63-기준정보!$C$5>=기준정보!$C$8,$J63-기준정보!$C$5<=기준정보!$C$9),기준정보!$C$8-1,IF(AND(ISNUMBER(SEARCH("인도네시아",$U63)),$J63-기준정보!$C$5>=기준정보!$C$10,$J63-기준정보!$C$5<=기준정보!$C$11),기준정보!$C$10-1,$J63-기준정보!$C$5))) | L63: =IF($K63="","",IF(ISNUMBER(SEARCH("미얀마",$U63)),MAX(0,MIN($K63,기준정보!$C$9)-MAX($K63-기준정보!$C$6,기준정보!$C$8)+1),IF(ISNUMBER(SEARCH("인도네시아",$U63)),MAX(0,MIN($K63,기준정보!$C$11)-MAX($K63-기준정보!$C$6,기준정보!$C$10)+1),0))) | M63: =IF($K63="","",$K63-기준정보!$C$6-$L63) | N63: =IF($M63="","",$M63-기준정보!$C$4) | S63: =IF($H63="","",IF($H63="C","본사(소재팀)",IF($H63="완","생산처","확인 필요"))) | T63: 장안 | U63: 베트남 | Z63: 400 | AA63: 9438000 | AB63: 39200000 | AD63: =IF($J63="","출고일 미정",IF($P63="X","작지 미발행",IF($P63="부분","작지 일부 미발행",IF(AND($R63<>"",$R63>$M63),"소재입고 마감("&TEXT($M63,"MM/DD")&") 초과",IF($P63="","발행여부 확인 필요",IF($R63="","소재 입고일정 확인 필요","정상")))))) | AE63: =IF($J63="","",IF(OR(LEFT($AD63,2)="작지",LEFT($AD63,4)="소재입고"),IF(LEFT($G63,1)="A","★ 납기위험(A코드)","◆ 지연주의"),IF($AD63="정상","✓ 정상","? 확인필요")))
A64: 60 | B64: 김준래 | C64: 강기환 | D64: JNPNA27621 | E64: 남녀공용 스트라이프 루즈핏 팬츠 | F64: CHR | G64: =IF($D64="","",IF(MID($D64,5,1)="A","A(가을)",IF(MID($D64,5,1)="W","W(겨울)",IF(MID($D64,5,1)="X","X(사계절)",MID($D64,5,1))))) | H64: 완 | I64: 9월1주 | J64: =IF($I64="","",IFERROR(DATE(기준정보!$C$7,VALUE(LEFT($I64,FIND("월",$I64)-1)),1+7*(VALUE(SUBSTITUTE(MID($I64,FIND("월",$I64)+1,5),"주",""))-1)),"")) | K64: =IF($J64="","",IF(AND(ISNUMBER(SEARCH("미얀마",$U64)),$J64-기준정보!$C$5>=기준정보!$C$8,$J64-기준정보!$C$5<=기준정보!$C$9),기준정보!$C$8-1,IF(AND(ISNUMBER(SEARCH("인도네시아",$U64)),$J64-기준정보!$C$5>=기준정보!$C$10,$J64-기준정보!$C$5<=기준정보!$C$11),기준정보!$C$10-1,$J64-기준정보!$C$5))) | L64: =IF($K64="","",IF(ISNUMBER(SEARCH("미얀마",$U64)),MAX(0,MIN($K64,기준정보!$C$9)-MAX($K64-기준정보!$C$6,기준정보!$C$8)+1),IF(ISNUMBER(SEARCH("인도네시아",$U64)),MAX(0,MIN($K64,기준정보!$C$11)-MAX($K64-기준정보!$C$6,기준정보!$C$10)+1),0))) | M64: =IF($K64="","",$K64-기준정보!$C$6-$L64) | N64: =IF($M64="","",$M64-기준정보!$C$4) | S64: =IF($H64="","",IF($H64="C","본사(소재팀)",IF($H64="완","생산처","확인 필요"))) | T64: 거림 | U64: 베트남 | Z64: 400 | AA64: 19620800 | AB64: 79200000 | AD64: =IF($J64="","출고일 미정",IF($P64="X","작지 미발행",IF($P64="부분","작지 일부 미발행",IF(AND($R64<>"",$R64>$M64),"소재입고 마감("&TEXT($M64,"MM/DD")&") 초과",IF($P64="","발행여부 확인 필요",IF($R64="","소재 입고일정 확인 필요","정상")))))) | AE64: =IF($J64="","",IF(OR(LEFT($AD64,2)="작지",LEFT($AD64,4)="소재입고"),IF(LEFT($G64,1)="A","★ 납기위험(A코드)","◆ 지연주의"),IF($AD64="정상","✓ 정상","? 확인필요")))
A65: 61 | B65: 김준래 | C65: 강기환 | D65: JWPNA27611 | E65: 남성 벤틸레이션 스트레이트 팬츠 | F65: DEB/RBW | G65: =IF($D65="","",IF(MID($D65,5,1)="A","A(가을)",IF(MID($D65,5,1)="W","W(겨울)",IF(MID($D65,5,1)="X","X(사계절)",MID($D65,5,1))))) | H65: 완 | I65: 9월1주 | J65: =IF($I65="","",IFERROR(DATE(기준정보!$C$7,VALUE(LEFT($I65,FIND("월",$I65)-1)),1+7*(VALUE(SUBSTITUTE(MID($I65,FIND("월",$I65)+1,5),"주",""))-1)),"")) | K65: =IF($J65="","",IF(AND(ISNUMBER(SEARCH("미얀마",$U65)),$J65-기준정보!$C$5>=기준정보!$C$8,$J65-기준정보!$C$5<=기준정보!$C$9),기준정보!$C$8-1,IF(AND(ISNUMBER(SEARCH("인도네시아",$U65)),$J65-기준정보!$C$5>=기준정보!$C$10,$J65-기준정보!$C$5<=기준정보!$C$11),기준정보!$C$10-1,$J65-기준정보!$C$5))) | L65: =IF($K65="","",IF(ISNUMBER(SEARCH("미얀마",$U65)),MAX(0,MIN($K65,기준정보!$C$9)-MAX($K65-기준정보!$C$6,기준정보!$C$8)+1),IF(ISNUMBER(SEARCH("인도네시아",$U65)),MAX(0,MIN($K65,기준정보!$C$11)-MAX($K65-기준정보!$C$6,기준정보!$C$10)+1),0))) | M65: =IF($K65="","",$K65-기준정보!$C$6-$L65) | N65: =IF($M65="","",$M65-기준정보!$C$4) | S65: =IF($H65="","",IF($H65="C","본사(소재팀)",IF($H65="완","생산처","확인 필요"))) | T65: TBO | U65: 베트남 | Z65: 1000 | AA65: 58375000 | AB65: 270000000 | AD65: =IF($J65="","출고일 미정",IF($P65="X","작지 미발행",IF($P65="부분","작지 일부 미발행",IF(AND($R65<>"",$R65>$M65),"소재입고 마감("&TEXT($M65,"MM/DD")&") 초과",IF($P65="","발행여부 확인 필요",IF($R65="","소재 입고일정 확인 필요","정상")))))) | AE65: =IF($J65="","",IF(OR(LEFT($AD65,2)="작지",LEFT($AD65,4)="소재입고"),IF(LEFT($G65,1)="A","★ 납기위험(A코드)","◆ 지연주의"),IF($AD65="정상","✓ 정상","? 확인필요")))
A66: 62 | B66: 박진아 | C66: 김지원 | D66: JKPNA27406 | E66: 여성 부츠컷 팬츠 | F66: CHR/DEB | G66: =IF($D66="","",IF(MID($D66,5,1)="A","A(가을)",IF(MID($D66,5,1)="W","W(겨울)",IF(MID($D66,5,1)="X","X(사계절)",MID($D66,5,1))))) | I66: 9월2주 | J66: =IF($I66="","",IFERROR(DATE(기준정보!$C$7,VALUE(LEFT($I66,FIND("월",$I66)-1)),1+7*(VALUE(SUBSTITUTE(MID($I66,FIND("월",$I66)+1,5),"주",""))-1)),"")) | K66: =IF($J66="","",IF(AND(ISNUMBER(SEARCH("미얀마",$U66)),$J66-기준정보!$C$5>=기준정보!$C$8,$J66-기준정보!$C$5<=기준정보!$C$9),기준정보!$C$8-1,IF(AND(ISNUMBER(SEARCH("인도네시아",$U66)),$J66-기준정보!$C$5>=기준정보!$C$10,$J66-기준정보!$C$5<=기준정보!$C$11),기준정보!$C$10-1,$J66-기준정보!$C$5))) | L66: =IF($K66="","",IF(ISNUMBER(SEARCH("미얀마",$U66)),MAX(0,MIN($K66,기준정보!$C$9)-MAX($K66-기준정보!$C$6,기준정보!$C$8)+1),IF(ISNUMBER(SEARCH("인도네시아",$U66)),MAX(0,MIN($K66,기준정보!$C$11)-MAX($K66-기준정보!$C$6,기준정보!$C$10)+1),0))) | M66: =IF($K66="","",$K66-기준정보!$C$6-$L66) | N66: =IF($M66="","",$M66-기준정보!$C$4) | S66: =IF($H66="","",IF($H66="C","본사(소재팀)",IF($H66="완","생산처","확인 필요"))) | T66: TBO | U66: 베트남 | Z66: 300 | AA66: 14145000 | AB66: 66000000 | AD66: =IF($J66="","출고일 미정",IF($P66="X","작지 미발행",IF($P66="부분","작지 일부 미발행",IF(AND($R66<>"",$R66>$M66),"소재입고 마감("&TEXT($M66,"MM/DD")&") 초과",IF($P66="","발행여부 확인 필요",IF($R66="","소재 입고일정 확인 필요","정상")))))) | AE66: =IF($J66="","",IF(OR(LEFT($AD66,2)="작지",LEFT($AD66,4)="소재입고"),IF(LEFT($G66,1)="A","★ 납기위험(A코드)","◆ 지연주의"),IF($AD66="정상","✓ 정상","? 확인필요")))
A67: 63 | B67: 이재헌 | C67: 조이슬 | D67: TLJGA27451 | E67: 남성 고어텍스 2L 디테쳐블 후디드 방수 재킷 | F67: DOE/SKA/DEB | G67: =IF($D67="","",IF(MID($D67,5,1)="A","A(가을)",IF(MID($D67,5,1)="W","W(겨울)",IF(MID($D67,5,1)="X","X(사계절)",MID($D67,5,1))))) | J67: =IF($I67="","",IFERROR(DATE(기준정보!$C$7,VALUE(LEFT($I67,FIND("월",$I67)-1)),1+7*(VALUE(SUBSTITUTE(MID($I67,FIND("월",$I67)+1,5),"주",""))-1)),"")) | K67: =IF($J67="","",IF(AND(ISNUMBER(SEARCH("미얀마",$U67)),$J67-기준정보!$C$5>=기준정보!$C$8,$J67-기준정보!$C$5<=기준정보!$C$9),기준정보!$C$8-1,IF(AND(ISNUMBER(SEARCH("인도네시아",$U67)),$J67-기준정보!$C$5>=기준정보!$C$10,$J67-기준정보!$C$5<=기준정보!$C$11),기준정보!$C$10-1,$J67-기준정보!$C$5))) | L67: =IF($K67="","",IF(ISNUMBER(SEARCH("미얀마",$U67)),MAX(0,MIN($K67,기준정보!$C$9)-MAX($K67-기준정보!$C$6,기준정보!$C$8)+1),IF(ISNUMBER(SEARCH("인도네시아",$U67)),MAX(0,MIN($K67,기준정보!$C$11)-MAX($K67-기준정보!$C$6,기준정보!$C$10)+1),0))) | M67: =IF($K67="","",$K67-기준정보!$C$6-$L67) | N67: =IF($M67="","",$M67-기준정보!$C$4) | S67: =IF($H67="","",IF($H67="C","본사(소재팀)",IF($H67="완","생산처","확인 필요"))) | T67: 호전 | U67: 인도네시아 | Z67: 9000 | AA67: 810000000 | AB67: 3510000000 | AD67: =IF($J67="","출고일 미정",IF($P67="X","작지 미발행",IF($P67="부분","작지 일부 미발행",IF(AND($R67<>"",$R67>$M67),"소재입고 마감("&TEXT($M67,"MM/DD")&") 초과",IF($P67="","발행여부 확인 필요",IF($R67="","소재 입고일정 확인 필요","정상")))))) | AE67: =IF($J67="","",IF(OR(LEFT($AD67,2)="작지",LEFT($AD67,4)="소재입고"),IF(LEFT($G67,1)="A","★ 납기위험(A코드)","◆ 지연주의"),IF($AD67="정상","✓ 정상","? 확인필요")))
A68: 64 | B68: 이재헌 | C68: 조이슬 | D68: TLJGA27461 | E68: 남성 경량 3L 릴렉스핏 후디드 방수 재킷 | F68: NEG/DEB | G68: =IF($D68="","",IF(MID($D68,5,1)="A","A(가을)",IF(MID($D68,5,1)="W","W(겨울)",IF(MID($D68,5,1)="X","X(사계절)",MID($D68,5,1))))) | J68: =IF($I68="","",IFERROR(DATE(기준정보!$C$7,VALUE(LEFT($I68,FIND("월",$I68)-1)),1+7*(VALUE(SUBSTITUTE(MID($I68,FIND("월",$I68)+1,5),"주",""))-1)),"")) | K68: =IF($J68="","",IF(AND(ISNUMBER(SEARCH("미얀마",$U68)),$J68-기준정보!$C$5>=기준정보!$C$8,$J68-기준정보!$C$5<=기준정보!$C$9),기준정보!$C$8-1,IF(AND(ISNUMBER(SEARCH("인도네시아",$U68)),$J68-기준정보!$C$5>=기준정보!$C$10,$J68-기준정보!$C$5<=기준정보!$C$11),기준정보!$C$10-1,$J68-기준정보!$C$5))) | L68: =IF($K68="","",IF(ISNUMBER(SEARCH("미얀마",$U68)),MAX(0,MIN($K68,기준정보!$C$9)-MAX($K68-기준정보!$C$6,기준정보!$C$8)+1),IF(ISNUMBER(SEARCH("인도네시아",$U68)),MAX(0,MIN($K68,기준정보!$C$11)-MAX($K68-기준정보!$C$6,기준정보!$C$10)+1),0))) | M68: =IF($K68="","",$K68-기준정보!$C$6-$L68) | N68: =IF($M68="","",$M68-기준정보!$C$4) | S68: =IF($H68="","",IF($H68="C","본사(소재팀)",IF($H68="완","생산처","확인 필요"))) | T68: 기도 | U68: 미얀마 | Z68: 1500 | AA68: 165000000 | AB68: 735000000 | AD68: =IF($J68="","출고일 미정",IF($P68="X","작지 미발행",IF($P68="부분","작지 일부 미발행",IF(AND($R68<>"",$R68>$M68),"소재입고 마감("&TEXT($M68,"MM/DD")&") 초과",IF($P68="","발행여부 확인 필요",IF($R68="","소재 입고일정 확인 필요","정상")))))) | AE68: =IF($J68="","",IF(OR(LEFT($AD68,2)="작지",LEFT($AD68,4)="소재입고"),IF(LEFT($G68,1)="A","★ 납기위험(A코드)","◆ 지연주의"),IF($AD68="정상","✓ 정상","? 확인필요")))
A69: 65 | B69: 이재헌 | C69: 조이슬 | D69: TLJJA27401 | E69: 남성 스탠드넥 트레이닝 집업 재킷 | F69: CHR/DEB | G69: =IF($D69="","",IF(MID($D69,5,1)="A","A(가을)",IF(MID($D69,5,1)="W","W(겨울)",IF(MID($D69,5,1)="X","X(사계절)",MID($D69,5,1))))) | J69: =IF($I69="","",IFERROR(DATE(기준정보!$C$7,VALUE(LEFT($I69,FIND("월",$I69)-1)),1+7*(VALUE(SUBSTITUTE(MID($I69,FIND("월",$I69)+1,5),"주",""))-1)),"")) | K69: =IF($J69="","",IF(AND(ISNUMBER(SEARCH("미얀마",$U69)),$J69-기준정보!$C$5>=기준정보!$C$8,$J69-기준정보!$C$5<=기준정보!$C$9),기준정보!$C$8-1,IF(AND(ISNUMBER(SEARCH("인도네시아",$U69)),$J69-기준정보!$C$5>=기준정보!$C$10,$J69-기준정보!$C$5<=기준정보!$C$11),기준정보!$C$10-1,$J69-기준정보!$C$5))) | L69: =IF($K69="","",IF(ISNUMBER(SEARCH("미얀마",$U69)),MAX(0,MIN($K69,기준정보!$C$9)-MAX($K69-기준정보!$C$6,기준정보!$C$8)+1),IF(ISNUMBER(SEARCH("인도네시아",$U69)),MAX(0,MIN($K69,기준정보!$C$11)-MAX($K69-기준정보!$C$6,기준정보!$C$10)+1),0))) | M69: =IF($K69="","",$K69-기준정보!$C$6-$L69) | N69: =IF($M69="","",$M69-기준정보!$C$4) | S69: =IF($H69="","",IF($H69="C","본사(소재팀)",IF($H69="완","생산처","확인 필요"))) | T69: YIC | U69: 베트남 | Z69: 3000 | AA69: 103293000 | AB69: 534000000 | AD69: =IF($J69="","출고일 미정",IF($P69="X","작지 미발행",IF($P69="부분","작지 일부 미발행",IF(AND($R69<>"",$R69>$M69),"소재입고 마감("&TEXT($M69,"MM/DD")&") 초과",IF($P69="","발행여부 확인 필요",IF($R69="","소재 입고일정 확인 필요","정상")))))) | AE69: =IF($J69="","",IF(OR(LEFT($AD69,2)="작지",LEFT($AD69,4)="소재입고"),IF(LEFT($G69,1)="A","★ 납기위험(A코드)","◆ 지연주의"),IF($AD69="정상","✓ 정상","? 확인필요")))
A70: 66 | B70: 이재헌 | C70: 조이슬 | D70: TLJJA27421 | E70: 남성 소프트 안감 후디드 방풍 재킷 | F70: SHA/DEB | G70: =IF($D70="","",IF(MID($D70,5,1)="A","A(가을)",IF(MID($D70,5,1)="W","W(겨울)",IF(MID($D70,5,1)="X","X(사계절)",MID($D70,5,1))))) | J70: =IF($I70="","",IFERROR(DATE(기준정보!$C$7,VALUE(LEFT($I70,FIND("월",$I70)-1)),1+7*(VALUE(SUBSTITUTE(MID($I70,FIND("월",$I70)+1,5),"주",""))-1)),"")) | K70: =IF($J70="","",IF(AND(ISNUMBER(SEARCH("미얀마",$U70)),$J70-기준정보!$C$5>=기준정보!$C$8,$J70-기준정보!$C$5<=기준정보!$C$9),기준정보!$C$8-1,IF(AND(ISNUMBER(SEARCH("인도네시아",$U70)),$J70-기준정보!$C$5>=기준정보!$C$10,$J70-기준정보!$C$5<=기준정보!$C$11),기준정보!$C$10-1,$J70-기준정보!$C$5))) | L70: =IF($K70="","",IF(ISNUMBER(SEARCH("미얀마",$U70)),MAX(0,MIN($K70,기준정보!$C$9)-MAX($K70-기준정보!$C$6,기준정보!$C$8)+1),IF(ISNUMBER(SEARCH("인도네시아",$U70)),MAX(0,MIN($K70,기준정보!$C$11)-MAX($K70-기준정보!$C$6,기준정보!$C$10)+1),0))) | M70: =IF($K70="","",$K70-기준정보!$C$6-$L70) | N70: =IF($M70="","",$M70-기준정보!$C$4) | S70: =IF($H70="","",IF($H70="C","본사(소재팀)",IF($H70="완","생산처","확인 필요"))) | T70: 기도 | U70: 미얀마 | Z70: 3000 | AA70: 195000000 | AB70: 870000000 | AD70: =IF($J70="","출고일 미정",IF($P70="X","작지 미발행",IF($P70="부분","작지 일부 미발행",IF(AND($R70<>"",$R70>$M70),"소재입고 마감("&TEXT($M70,"MM/DD")&") 초과",IF($P70="","발행여부 확인 필요",IF($R70="","소재 입고일정 확인 필요","정상")))))) | AE70: =IF($J70="","",IF(OR(LEFT($AD70,2)="작지",LEFT($AD70,4)="소재입고"),IF(LEFT($G70,1)="A","★ 납기위험(A코드)","◆ 지연주의"),IF($AD70="정상","✓ 정상","? 확인필요")))
A71: 67 | B71: 이재헌 | C71: 조이슬 | D71: TLJJA27431 | E71: 남성 소프트쉘 스탠드넥 방풍 재킷 | F71: CTP/CHR | G71: =IF($D71="","",IF(MID($D71,5,1)="A","A(가을)",IF(MID($D71,5,1)="W","W(겨울)",IF(MID($D71,5,1)="X","X(사계절)",MID($D71,5,1))))) | J71: =IF($I71="","",IFERROR(DATE(기준정보!$C$7,VALUE(LEFT($I71,FIND("월",$I71)-1)),1+7*(VALUE(SUBSTITUTE(MID($I71,FIND("월",$I71)+1,5),"주",""))-1)),"")) | K71: =IF($J71="","",IF(AND(ISNUMBER(SEARCH("미얀마",$U71)),$J71-기준정보!$C$5>=기준정보!$C$8,$J71-기준정보!$C$5<=기준정보!$C$9),기준정보!$C$8-1,IF(AND(ISNUMBER(SEARCH("인도네시아",$U71)),$J71-기준정보!$C$5>=기준정보!$C$10,$J71-기준정보!$C$5<=기준정보!$C$11),기준정보!$C$10-1,$J71-기준정보!$C$5))) | L71: =IF($K71="","",IF(ISNUMBER(SEARCH("미얀마",$U71)),MAX(0,MIN($K71,기준정보!$C$9)-MAX($K71-기준정보!$C$6,기준정보!$C$8)+1),IF(ISNUMBER(SEARCH("인도네시아",$U71)),MAX(0,MIN($K71,기준정보!$C$11)-MAX($K71-기준정보!$C$6,기준정보!$C$10)+1),0))) | M71: =IF($K71="","",$K71-기준정보!$C$6-$L71) | N71: =IF($M71="","",$M71-기준정보!$C$4) | S71: =IF($H71="","",IF($H71="C","본사(소재팀)",IF($H71="완","생산처","확인 필요"))) | T71: 원전 | U71: 미얀마 | Z71: 2000 | AA71: 110000000 | AB71: 580000000 | AD71: =IF($J71="","출고일 미정",IF($P71="X","작지 미발행",IF($P71="부분","작지 일부 미발행",IF(AND($R71<>"",$R71>$M71),"소재입고 마감("&TEXT($M71,"MM/DD")&") 초과",IF($P71="","발행여부 확인 필요",IF($R71="","소재 입고일정 확인 필요","정상")))))) | AE71: =IF($J71="","",IF(OR(LEFT($AD71,2)="작지",LEFT($AD71,4)="소재입고"),IF(LEFT($G71,1)="A","★ 납기위험(A코드)","◆ 지연주의"),IF($AD71="정상","✓ 정상","? 확인필요")))
A72: 68 | B72: 박술홍 | C72: 조이슬 | D72: TLPNA27401 | E72: 남성 베이직 슬림핏 노턱 팬츠 | F72: CHR/MID | G72: =IF($D72="","",IF(MID($D72,5,1)="A","A(가을)",IF(MID($D72,5,1)="W","W(겨울)",IF(MID($D72,5,1)="X","X(사계절)",MID($D72,5,1))))) | J72: =IF($I72="","",IFERROR(DATE(기준정보!$C$7,VALUE(LEFT($I72,FIND("월",$I72)-1)),1+7*(VALUE(SUBSTITUTE(MID($I72,FIND("월",$I72)+1,5),"주",""))-1)),"")) | K72: =IF($J72="","",IF(AND(ISNUMBER(SEARCH("미얀마",$U72)),$J72-기준정보!$C$5>=기준정보!$C$8,$J72-기준정보!$C$5<=기준정보!$C$9),기준정보!$C$8-1,IF(AND(ISNUMBER(SEARCH("인도네시아",$U72)),$J72-기준정보!$C$5>=기준정보!$C$10,$J72-기준정보!$C$5<=기준정보!$C$11),기준정보!$C$10-1,$J72-기준정보!$C$5))) | L72: =IF($K72="","",IF(ISNUMBER(SEARCH("미얀마",$U72)),MAX(0,MIN($K72,기준정보!$C$9)-MAX($K72-기준정보!$C$6,기준정보!$C$8)+1),IF(ISNUMBER(SEARCH("인도네시아",$U72)),MAX(0,MIN($K72,기준정보!$C$11)-MAX($K72-기준정보!$C$6,기준정보!$C$10)+1),0))) | M72: =IF($K72="","",$K72-기준정보!$C$6-$L72) | N72: =IF($M72="","",$M72-기준정보!$C$4) | S72: =IF($H72="","",IF($H72="C","본사(소재팀)",IF($H72="완","생산처","확인 필요"))) | T72: TBO | U72: 베트남 | Z72: 6000 | AA72: 192738000 | AB72: 1068000000 | AD72: =IF($J72="","출고일 미정",IF($P72="X","작지 미발행",IF($P72="부분","작지 일부 미발행",IF(AND($R72<>"",$R72>$M72),"소재입고 마감("&TEXT($M72,"MM/DD")&") 초과",IF($P72="","발행여부 확인 필요",IF($R72="","소재 입고일정 확인 필요","정상")))))) | AE72: =IF($J72="","",IF(OR(LEFT($AD72,2)="작지",LEFT($AD72,4)="소재입고"),IF(LEFT($G72,1)="A","★ 납기위험(A코드)","◆ 지연주의"),IF($AD72="정상","✓ 정상","? 확인필요")))
A73: 69 | B73: 박술홍 | C73: 조이슬 | D73: TLPNA27403 | E73: 남성 베이직 원턱 팬츠 | F73: DEB/DNV | G73: =IF($D73="","",IF(MID($D73,5,1)="A","A(가을)",IF(MID($D73,5,1)="W","W(겨울)",IF(MID($D73,5,1)="X","X(사계절)",MID($D73,5,1))))) | J73: =IF($I73="","",IFERROR(DATE(기준정보!$C$7,VALUE(LEFT($I73,FIND("월",$I73)-1)),1+7*(VALUE(SUBSTITUTE(MID($I73,FIND("월",$I73)+1,5),"주",""))-1)),"")) | K73: =IF($J73="","",IF(AND(ISNUMBER(SEARCH("미얀마",$U73)),$J73-기준정보!$C$5>=기준정보!$C$8,$J73-기준정보!$C$5<=기준정보!$C$9),기준정보!$C$8-1,IF(AND(ISNUMBER(SEARCH("인도네시아",$U73)),$J73-기준정보!$C$5>=기준정보!$C$10,$J73-기준정보!$C$5<=기준정보!$C$11),기준정보!$C$10-1,$J73-기준정보!$C$5))) | L73: =IF($K73="","",IF(ISNUMBER(SEARCH("미얀마",$U73)),MAX(0,MIN($K73,기준정보!$C$9)-MAX($K73-기준정보!$C$6,기준정보!$C$8)+1),IF(ISNUMBER(SEARCH("인도네시아",$U73)),MAX(0,MIN($K73,기준정보!$C$11)-MAX($K73-기준정보!$C$6,기준정보!$C$10)+1),0))) | M73: =IF($K73="","",$K73-기준정보!$C$6-$L73) | N73: =IF($M73="","",$M73-기준정보!$C$4) | S73: =IF($H73="","",IF($H73="C","본사(소재팀)",IF($H73="완","생산처","확인 필요"))) | T73: 거림 | U73: 베트남 | Z73: 4000 | AA73: 123596000 | AB73: 712000000 | AD73: =IF($J73="","출고일 미정",IF($P73="X","작지 미발행",IF($P73="부분","작지 일부 미발행",IF(AND($R73<>"",$R73>$M73),"소재입고 마감("&TEXT($M73,"MM/DD")&") 초과",IF($P73="","발행여부 확인 필요",IF($R73="","소재 입고일정 확인 필요","정상")))))) | AE73: =IF($J73="","",IF(OR(LEFT($AD73,2)="작지",LEFT($AD73,4)="소재입고"),IF(LEFT($G73,1)="A","★ 납기위험(A코드)","◆ 지연주의"),IF($AD73="정상","✓ 정상","? 확인필요")))
A74: 70 | B74: 박술홍 | C74: 조이슬 | D74: TLPNA27405 | E74: 남성 위고 팬츠 | F74: DEB | G74: =IF($D74="","",IF(MID($D74,5,1)="A","A(가을)",IF(MID($D74,5,1)="W","W(겨울)",IF(MID($D74,5,1)="X","X(사계절)",MID($D74,5,1))))) | J74: =IF($I74="","",IFERROR(DATE(기준정보!$C$7,VALUE(LEFT($I74,FIND("월",$I74)-1)),1+7*(VALUE(SUBSTITUTE(MID($I74,FIND("월",$I74)+1,5),"주",""))-1)),"")) | K74: =IF($J74="","",IF(AND(ISNUMBER(SEARCH("미얀마",$U74)),$J74-기준정보!$C$5>=기준정보!$C$8,$J74-기준정보!$C$5<=기준정보!$C$9),기준정보!$C$8-1,IF(AND(ISNUMBER(SEARCH("인도네시아",$U74)),$J74-기준정보!$C$5>=기준정보!$C$10,$J74-기준정보!$C$5<=기준정보!$C$11),기준정보!$C$10-1,$J74-기준정보!$C$5))) | L74: =IF($K74="","",IF(ISNUMBER(SEARCH("미얀마",$U74)),MAX(0,MIN($K74,기준정보!$C$9)-MAX($K74-기준정보!$C$6,기준정보!$C$8)+1),IF(ISNUMBER(SEARCH("인도네시아",$U74)),MAX(0,MIN($K74,기준정보!$C$11)-MAX($K74-기준정보!$C$6,기준정보!$C$10)+1),0))) | M74: =IF($K74="","",$K74-기준정보!$C$6-$L74) | N74: =IF($M74="","",$M74-기준정보!$C$4) | S74: =IF($H74="","",IF($H74="C","본사(소재팀)",IF($H74="완","생산처","확인 필요"))) | T74: 거림 | U74: 베트남 | Z74: 1500 | AA74: 76852500 | AB74: 330000000 | AD74: =IF($J74="","출고일 미정",IF($P74="X","작지 미발행",IF($P74="부분","작지 일부 미발행",IF(AND($R74<>"",$R74>$M74),"소재입고 마감("&TEXT($M74,"MM/DD")&") 초과",IF($P74="","발행여부 확인 필요",IF($R74="","소재 입고일정 확인 필요","정상")))))) | AE74: =IF($J74="","",IF(OR(LEFT($AD74,2)="작지",LEFT($AD74,4)="소재입고"),IF(LEFT($G74,1)="A","★ 납기위험(A코드)","◆ 지연주의"),IF($AD74="정상","✓ 정상","? 확인필요")))
A75: 71 | B75: 박술홍 | C75: 조이슬 | D75: TLPNA27411 | E75: 남성 테이퍼드 트레이닝 팬츠 | F75: DEB/CHR | G75: =IF($D75="","",IF(MID($D75,5,1)="A","A(가을)",IF(MID($D75,5,1)="W","W(겨울)",IF(MID($D75,5,1)="X","X(사계절)",MID($D75,5,1))))) | J75: =IF($I75="","",IFERROR(DATE(기준정보!$C$7,VALUE(LEFT($I75,FIND("월",$I75)-1)),1+7*(VALUE(SUBSTITUTE(MID($I75,FIND("월",$I75)+1,5),"주",""))-1)),"")) | K75: =IF($J75="","",IF(AND(ISNUMBER(SEARCH("미얀마",$U75)),$J75-기준정보!$C$5>=기준정보!$C$8,$J75-기준정보!$C$5<=기준정보!$C$9),기준정보!$C$8-1,IF(AND(ISNUMBER(SEARCH("인도네시아",$U75)),$J75-기준정보!$C$5>=기준정보!$C$10,$J75-기준정보!$C$5<=기준정보!$C$11),기준정보!$C$10-1,$J75-기준정보!$C$5))) | L75: =IF($K75="","",IF(ISNUMBER(SEARCH("미얀마",$U75)),MAX(0,MIN($K75,기준정보!$C$9)-MAX($K75-기준정보!$C$6,기준정보!$C$8)+1),IF(ISNUMBER(SEARCH("인도네시아",$U75)),MAX(0,MIN($K75,기준정보!$C$11)-MAX($K75-기준정보!$C$6,기준정보!$C$10)+1),0))) | M75: =IF($K75="","",$K75-기준정보!$C$6-$L75) | N75: =IF($M75="","",$M75-기준정보!$C$4) | S75: =IF($H75="","",IF($H75="C","본사(소재팀)",IF($H75="완","생산처","확인 필요"))) | T75: YIC | U75: 베트남 | Z75: 1500 | AA75: 58072500 | AB75: 267000000 | AD75: =IF($J75="","출고일 미정",IF($P75="X","작지 미발행",IF($P75="부분","작지 일부 미발행",IF(AND($R75<>"",$R75>$M75),"소재입고 마감("&TEXT($M75,"MM/DD")&") 초과",IF($P75="","발행여부 확인 필요",IF($R75="","소재 입고일정 확인 필요","정상")))))) | AE75: =IF($J75="","",IF(OR(LEFT($AD75,2)="작지",LEFT($AD75,4)="소재입고"),IF(LEFT($G75,1)="A","★ 납기위험(A코드)","◆ 지연주의"),IF($AD75="정상","✓ 정상","? 확인필요")))
A76: 72 | B76: 박술홍 | C76: 조이슬 | D76: TLPNA27431 | E76: 남성 소프트쉘 팬츠 | F76: CHR/CTP | G76: =IF($D76="","",IF(MID($D76,5,1)="A","A(가을)",IF(MID($D76,5,1)="W","W(겨울)",IF(MID($D76,5,1)="X","X(사계절)",MID($D76,5,1))))) | J76: =IF($I76="","",IFERROR(DATE(기준정보!$C$7,VALUE(LEFT($I76,FIND("월",$I76)-1)),1+7*(VALUE(SUBSTITUTE(MID($I76,FIND("월",$I76)+1,5),"주",""))-1)),"")) | K76: =IF($J76="","",IF(AND(ISNUMBER(SEARCH("미얀마",$U76)),$J76-기준정보!$C$5>=기준정보!$C$8,$J76-기준정보!$C$5<=기준정보!$C$9),기준정보!$C$8-1,IF(AND(ISNUMBER(SEARCH("인도네시아",$U76)),$J76-기준정보!$C$5>=기준정보!$C$10,$J76-기준정보!$C$5<=기준정보!$C$11),기준정보!$C$10-1,$J76-기준정보!$C$5))) | L76: =IF($K76="","",IF(ISNUMBER(SEARCH("미얀마",$U76)),MAX(0,MIN($K76,기준정보!$C$9)-MAX($K76-기준정보!$C$6,기준정보!$C$8)+1),IF(ISNUMBER(SEARCH("인도네시아",$U76)),MAX(0,MIN($K76,기준정보!$C$11)-MAX($K76-기준정보!$C$6,기준정보!$C$10)+1),0))) | M76: =IF($K76="","",$K76-기준정보!$C$6-$L76) | N76: =IF($M76="","",$M76-기준정보!$C$4) | S76: =IF($H76="","",IF($H76="C","본사(소재팀)",IF($H76="완","생산처","확인 필요"))) | T76: YIC | U76: 베트남 | Z76: 2500 | AA76: 107852500 | AB76: 470000000 | AD76: =IF($J76="","출고일 미정",IF($P76="X","작지 미발행",IF($P76="부분","작지 일부 미발행",IF(AND($R76<>"",$R76>$M76),"소재입고 마감("&TEXT($M76,"MM/DD")&") 초과",IF($P76="","발행여부 확인 필요",IF($R76="","소재 입고일정 확인 필요","정상")))))) | AE76: =IF($J76="","",IF(OR(LEFT($AD76,2)="작지",LEFT($AD76,4)="소재입고"),IF(LEFT($G76,1)="A","★ 납기위험(A코드)","◆ 지연주의"),IF($AD76="정상","✓ 정상","? 확인필요")))
A77: 73 | B77: 박술홍 | C77: 조이슬 | D77: TLSXA27401 | E77: 남성 긴팔 셔츠 | F77: DEB/RBW | G77: =IF($D77="","",IF(MID($D77,5,1)="A","A(가을)",IF(MID($D77,5,1)="W","W(겨울)",IF(MID($D77,5,1)="X","X(사계절)",MID($D77,5,1))))) | J77: =IF($I77="","",IFERROR(DATE(기준정보!$C$7,VALUE(LEFT($I77,FIND("월",$I77)-1)),1+7*(VALUE(SUBSTITUTE(MID($I77,FIND("월",$I77)+1,5),"주",""))-1)),"")) | K77: =IF($J77="","",IF(AND(ISNUMBER(SEARCH("미얀마",$U77)),$J77-기준정보!$C$5>=기준정보!$C$8,$J77-기준정보!$C$5<=기준정보!$C$9),기준정보!$C$8-1,IF(AND(ISNUMBER(SEARCH("인도네시아",$U77)),$J77-기준정보!$C$5>=기준정보!$C$10,$J77-기준정보!$C$5<=기준정보!$C$11),기준정보!$C$10-1,$J77-기준정보!$C$5))) | L77: =IF($K77="","",IF(ISNUMBER(SEARCH("미얀마",$U77)),MAX(0,MIN($K77,기준정보!$C$9)-MAX($K77-기준정보!$C$6,기준정보!$C$8)+1),IF(ISNUMBER(SEARCH("인도네시아",$U77)),MAX(0,MIN($K77,기준정보!$C$11)-MAX($K77-기준정보!$C$6,기준정보!$C$10)+1),0))) | M77: =IF($K77="","",$K77-기준정보!$C$6-$L77) | N77: =IF($M77="","",$M77-기준정보!$C$4) | S77: =IF($H77="","",IF($H77="C","본사(소재팀)",IF($H77="완","생산처","확인 필요"))) | T77: 픽스쳐 | U77: 베트남 | Z77: 2000 | AA77: 65908000 | AB77: 336000000 | AD77: =IF($J77="","출고일 미정",IF($P77="X","작지 미발행",IF($P77="부분","작지 일부 미발행",IF(AND($R77<>"",$R77>$M77),"소재입고 마감("&TEXT($M77,"MM/DD")&") 초과",IF($P77="","발행여부 확인 필요",IF($R77="","소재 입고일정 확인 필요","정상")))))) | AE77: =IF($J77="","",IF(OR(LEFT($AD77,2)="작지",LEFT($AD77,4)="소재입고"),IF(LEFT($G77,1)="A","★ 납기위험(A코드)","◆ 지연주의"),IF($AD77="정상","✓ 정상","? 확인필요")))
A78: 74 | B78: 박술홍 | C78: 조이슬 | D78: TLSXA27411 | E78: 남녀공용 소프트쉘 긴팔 셔츠 | F78: DEB/SKA | G78: =IF($D78="","",IF(MID($D78,5,1)="A","A(가을)",IF(MID($D78,5,1)="W","W(겨울)",IF(MID($D78,5,1)="X","X(사계절)",MID($D78,5,1))))) | J78: =IF($I78="","",IFERROR(DATE(기준정보!$C$7,VALUE(LEFT($I78,FIND("월",$I78)-1)),1+7*(VALUE(SUBSTITUTE(MID($I78,FIND("월",$I78)+1,5),"주",""))-1)),"")) | K78: =IF($J78="","",IF(AND(ISNUMBER(SEARCH("미얀마",$U78)),$J78-기준정보!$C$5>=기준정보!$C$8,$J78-기준정보!$C$5<=기준정보!$C$9),기준정보!$C$8-1,IF(AND(ISNUMBER(SEARCH("인도네시아",$U78)),$J78-기준정보!$C$5>=기준정보!$C$10,$J78-기준정보!$C$5<=기준정보!$C$11),기준정보!$C$10-1,$J78-기준정보!$C$5))) | L78: =IF($K78="","",IF(ISNUMBER(SEARCH("미얀마",$U78)),MAX(0,MIN($K78,기준정보!$C$9)-MAX($K78-기준정보!$C$6,기준정보!$C$8)+1),IF(ISNUMBER(SEARCH("인도네시아",$U78)),MAX(0,MIN($K78,기준정보!$C$11)-MAX($K78-기준정보!$C$6,기준정보!$C$10)+1),0))) | M78: =IF($K78="","",$K78-기준정보!$C$6-$L78) | N78: =IF($M78="","",$M78-기준정보!$C$4) | S78: =IF($H78="","",IF($H78="C","본사(소재팀)",IF($H78="완","생산처","확인 필요"))) | T78: 성원 | U78: 베트남 | Z78: 1500 | AA78: 55263000 | AB78: 282000000 | AD78: =IF($J78="","출고일 미정",IF($P78="X","작지 미발행",IF($P78="부분","작지 일부 미발행",IF(AND($R78<>"",$R78>$M78),"소재입고 마감("&TEXT($M78,"MM/DD")&") 초과",IF($P78="","발행여부 확인 필요",IF($R78="","소재 입고일정 확인 필요","정상")))))) | AE78: =IF($J78="","",IF(OR(LEFT($AD78,2)="작지",LEFT($AD78,4)="소재입고"),IF(LEFT($G78,1)="A","★ 납기위험(A코드)","◆ 지연주의"),IF($AD78="정상","✓ 정상","? 확인필요")))
... A94: 90 | B94: 박진아 | C94: 권혁일 | D94: TVTBA27424 | E94: 여성 울라이크 슬림핏 긴팔 후드 티셔츠 | F94: HYL/MID | G94: =IF($D94="","",IF(MID($D94,5,1)="A","A(가을)",IF(MID($D94,5,1)="W","W(겨울)",IF(MID($D94,5,1)="X","X(사계절)",MID($D94,5,1))))) | J94: =IF($I94="","",IFERROR(DATE(기준정보!$C$7,VALUE(LEFT($I94,FIND("월",$I94)-1)),1+7*(VALUE(SUBSTITUTE(MID($I94,FIND("월",$I94)+1,5),"주",""))-1)),"")) | K94: =IF($J94="","",IF(AND(ISNUMBER(SEARCH("미얀마",$U94)),$J94-기준정보!$C$5>=기준정보!$C$8,$J94-기준정보!$C$5<=기준정보!$C$9),기준정보!$C$8-1,IF(AND(ISNUMBER(SEARCH("인도네시아",$U94)),$J94-기준정보!$C$5>=기준정보!$C$10,$J94-기준정보!$C$5<=기준정보!$C$11),기준정보!$C$10-1,$J94-기준정보!$C$5))) | L94: =IF($K94="","",IF(ISNUMBER(SEARCH("미얀마",$U94)),MAX(0,MIN($K94,기준정보!$C$9)-MAX($K94-기준정보!$C$6,기준정보!$C$8)+1),IF(ISNUMBER(SEARCH("인도네시아",$U94)),MAX(0,MIN($K94,기준정보!$C$11)-MAX($K94-기준정보!$C$6,기준정보!$C$10)+1),0))) | M94: =IF($K94="","",$K94-기준정보!$C$6-$L94) | N94: =IF($M94="","",$M94-기준정보!$C$4) | S94: =IF($H94="","",IF($H94="C","본사(소재팀)",IF($H94="완","생산처","확인 필요"))) | T94: 장안 | U94: 베트남 | Z94: 1800 | AA94: 39542400 | AB94: 266400000 | AD94: =IF($J94="","출고일 미정",IF($P94="X","작지 미발행",IF($P94="부분","작지 일부 미발행",IF(AND($R94<>"",$R94>$M94),"소재입고 마감("&TEXT($M94,"MM/DD")&") 초과",IF($P94="","발행여부 확인 필요",IF($R94="","소재 입고일정 확인 필요","정상")))))) | AE94: =IF($J94="","",IF(OR(LEFT($AD94,2)="작지",LEFT($AD94,4)="소재입고"),IF(LEFT($G94,1)="A","★ 납기위험(A코드)","◆ 지연주의"),IF($AD94="정상","✓ 정상","? 확인필요")))
A95: 91 | B95: 박술홍 | C95: 나영길 | D95: JKJJW27752 | E95: 여성 트레일러닝 초경량 후드 슬림핏 방수 재킷 | F95: PEG | G95: =IF($D95="","",IF(MID($D95,5,1)="A","A(가을)",IF(MID($D95,5,1)="W","W(겨울)",IF(MID($D95,5,1)="X","X(사계절)",MID($D95,5,1))))) | I95: 8월1주 | J95: =IF($I95="","",IFERROR(DATE(기준정보!$C$7,VALUE(LEFT($I95,FIND("월",$I95)-1)),1+7*(VALUE(SUBSTITUTE(MID($I95,FIND("월",$I95)+1,5),"주",""))-1)),"")) | K95: =IF($J95="","",IF(AND(ISNUMBER(SEARCH("미얀마",$U95)),$J95-기준정보!$C$5>=기준정보!$C$8,$J95-기준정보!$C$5<=기준정보!$C$9),기준정보!$C$8-1,IF(AND(ISNUMBER(SEARCH("인도네시아",$U95)),$J95-기준정보!$C$5>=기준정보!$C$10,$J95-기준정보!$C$5<=기준정보!$C$11),기준정보!$C$10-1,$J95-기준정보!$C$5))) | L95: =IF($K95="","",IF(ISNUMBER(SEARCH("미얀마",$U95)),MAX(0,MIN($K95,기준정보!$C$9)-MAX($K95-기준정보!$C$6,기준정보!$C$8)+1),IF(ISNUMBER(SEARCH("인도네시아",$U95)),MAX(0,MIN($K95,기준정보!$C$11)-MAX($K95-기준정보!$C$6,기준정보!$C$10)+1),0))) | M95: =IF($K95="","",$K95-기준정보!$C$6-$L95) | N95: =IF($M95="","",$M95-기준정보!$C$4) | S95: =IF($H95="","",IF($H95="C","본사(소재팀)",IF($H95="완","생산처","확인 필요"))) | T95: 포마트 | U95: 베트남 | Z95: 150 | AA95: 19564200 | AB95: 73500000 | AD95: =IF($J95="","출고일 미정",IF($P95="X","작지 미발행",IF($P95="부분","작지 일부 미발행",IF(AND($R95<>"",$R95>$M95),"소재입고 마감("&TEXT($M95,"MM/DD")&") 초과",IF($P95="","발행여부 확인 필요",IF($R95="","소재 입고일정 확인 필요","정상")))))) | AE95: =IF($J95="","",IF(OR(LEFT($AD95,2)="작지",LEFT($AD95,4)="소재입고"),IF(LEFT($G95,1)="A","★ 납기위험(A코드)","◆ 지연주의"),IF($AD95="정상","✓ 정상","? 확인필요")))
A96: 92 | B96: 박술홍 | C96: 나영길 | D96: JKJJW27754 | E96: 여성 트레일러닝 옥타 후드 슬림핏 재킷 | F96: DEB/DPL | G96: =IF($D96="","",IF(MID($D96,5,1)="A","A(가을)",IF(MID($D96,5,1)="W","W(겨울)",IF(MID($D96,5,1)="X","X(사계절)",MID($D96,5,1))))) | I96: 8월1주 | J96: =IF($I96="","",IFERROR(DATE(기준정보!$C$7,VALUE(LEFT($I96,FIND("월",$I96)-1)),1+7*(VALUE(SUBSTITUTE(MID($I96,FIND("월",$I96)+1,5),"주",""))-1)),"")) | K96: =IF($J96="","",IF(AND(ISNUMBER(SEARCH("미얀마",$U96)),$J96-기준정보!$C$5>=기준정보!$C$8,$J96-기준정보!$C$5<=기준정보!$C$9),기준정보!$C$8-1,IF(AND(ISNUMBER(SEARCH("인도네시아",$U96)),$J96-기준정보!$C$5>=기준정보!$C$10,$J96-기준정보!$C$5<=기준정보!$C$11),기준정보!$C$10-1,$J96-기준정보!$C$5))) | L96: =IF($K96="","",IF(ISNUMBER(SEARCH("미얀마",$U96)),MAX(0,MIN($K96,기준정보!$C$9)-MAX($K96-기준정보!$C$6,기준정보!$C$8)+1),IF(ISNUMBER(SEARCH("인도네시아",$U96)),MAX(0,MIN($K96,기준정보!$C$11)-MAX($K96-기준정보!$C$6,기준정보!$C$10)+1),0))) | M96: =IF($K96="","",$K96-기준정보!$C$6-$L96) | N96: =IF($M96="","",$M96-기준정보!$C$4) | S96: =IF($H96="","",IF($H96="C","본사(소재팀)",IF($H96="완","생산처","확인 필요"))) | T96: 태화 | U96: 베트남 | Z96: 500 | AA96: 24268500 | AB96: 110000000 | AD96: =IF($J96="","출고일 미정",IF($P96="X","작지 미발행",IF($P96="부분","작지 일부 미발행",IF(AND($R96<>"",$R96>$M96),"소재입고 마감("&TEXT($M96,"MM/DD")&") 초과",IF($P96="","발행여부 확인 필요",IF($R96="","소재 입고일정 확인 필요","정상")))))) | AE96: =IF($J96="","",IF(OR(LEFT($AD96,2)="작지",LEFT($AD96,4)="소재입고"),IF(LEFT($G96,1)="A","★ 납기위험(A코드)","◆ 지연주의"),IF($AD96="정상","✓ 정상","? 확인필요")))
A97: 93 | B97: 박술홍 | C97: 나영길 | D97: JKPOW27772 | E97: 여성 트레일러닝 3인치 쇼츠 | F97: RBW | G97: =IF($D97="","",IF(MID($D97,5,1)="A","A(가을)",IF(MID($D97,5,1)="W","W(겨울)",IF(MID($D97,5,1)="X","X(사계절)",MID($D97,5,1))))) | I97: 8월1주 | J97: =IF($I97="","",IFERROR(DATE(기준정보!$C$7,VALUE(LEFT($I97,FIND("월",$I97)-1)),1+7*(VALUE(SUBSTITUTE(MID($I97,FIND("월",$I97)+1,5),"주",""))-1)),"")) | K97: =IF($J97="","",IF(AND(ISNUMBER(SEARCH("미얀마",$U97)),$J97-기준정보!$C$5>=기준정보!$C$8,$J97-기준정보!$C$5<=기준정보!$C$9),기준정보!$C$8-1,IF(AND(ISNUMBER(SEARCH("인도네시아",$U97)),$J97-기준정보!$C$5>=기준정보!$C$10,$J97-기준정보!$C$5<=기준정보!$C$11),기준정보!$C$10-1,$J97-기준정보!$C$5))) | L97: =IF($K97="","",IF(ISNUMBER(SEARCH("미얀마",$U97)),MAX(0,MIN($K97,기준정보!$C$9)-MAX($K97-기준정보!$C$6,기준정보!$C$8)+1),IF(ISNUMBER(SEARCH("인도네시아",$U97)),MAX(0,MIN($K97,기준정보!$C$11)-MAX($K97-기준정보!$C$6,기준정보!$C$10)+1),0))) | M97: =IF($K97="","",$K97-기준정보!$C$6-$L97) | N97: =IF($M97="","",$M97-기준정보!$C$4) | S97: =IF($H97="","",IF($H97="C","본사(소재팀)",IF($H97="완","생산처","확인 필요"))) | T97: YIC | U97: 베트남 | Z97: 100 | AA97: 2776500 | AB97: 12800000 | AD97: =IF($J97="","출고일 미정",IF($P97="X","작지 미발행",IF($P97="부분","작지 일부 미발행",IF(AND($R97<>"",$R97>$M97),"소재입고 마감("&TEXT($M97,"MM/DD")&") 초과",IF($P97="","발행여부 확인 필요",IF($R97="","소재 입고일정 확인 필요","정상")))))) | AE97: =IF($J97="","",IF(OR(LEFT($AD97,2)="작지",LEFT($AD97,4)="소재입고"),IF(LEFT($G97,1)="A","★ 납기위험(A코드)","◆ 지연주의"),IF($AD97="정상","✓ 정상","? 확인필요")))
A98: 94 | B98: 박술홍 | C98: 나영길 | D98: JKPOW27774 | E98: 여성 트레일러닝 스토리지 4인치 하프 타이즈 | F98: DPL | G98: =IF($D98="","",IF(MID($D98,5,1)="A","A(가을)",IF(MID($D98,5,1)="W","W(겨울)",IF(MID($D98,5,1)="X","X(사계절)",MID($D98,5,1))))) | I98: 8월1주 | J98: =IF($I98="","",IFERROR(DATE(기준정보!$C$7,VALUE(LEFT($I98,FIND("월",$I98)-1)),1+7*(VALUE(SUBSTITUTE(MID($I98,FIND("월",$I98)+1,5),"주",""))-1)),"")) | K98: =IF($J98="","",IF(AND(ISNUMBER(SEARCH("미얀마",$U98)),$J98-기준정보!$C$5>=기준정보!$C$8,$J98-기준정보!$C$5<=기준정보!$C$9),기준정보!$C$8-1,IF(AND(ISNUMBER(SEARCH("인도네시아",$U98)),$J98-기준정보!$C$5>=기준정보!$C$10,$J98-기준정보!$C$5<=기준정보!$C$11),기준정보!$C$10-1,$J98-기준정보!$C$5))) | L98: =IF($K98="","",IF(ISNUMBER(SEARCH("미얀마",$U98)),MAX(0,MIN($K98,기준정보!$C$9)-MAX($K98-기준정보!$C$6,기준정보!$C$8)+1),IF(ISNUMBER(SEARCH("인도네시아",$U98)),MAX(0,MIN($K98,기준정보!$C$11)-MAX($K98-기준정보!$C$6,기준정보!$C$10)+1),0))) | M98: =IF($K98="","",$K98-기준정보!$C$6-$L98) | N98: =IF($M98="","",$M98-기준정보!$C$4) | S98: =IF($H98="","",IF($H98="C","본사(소재팀)",IF($H98="완","생산처","확인 필요"))) | T98: IKG | U98: 인도네시아 | Z98: 120 | AA98: 4676160 | AB98: 15360000 | AD98: =IF($J98="","출고일 미정",IF($P98="X","작지 미발행",IF($P98="부분","작지 일부 미발행",IF(AND($R98<>"",$R98>$M98),"소재입고 마감("&TEXT($M98,"MM/DD")&") 초과",IF($P98="","발행여부 확인 필요",IF($R98="","소재 입고일정 확인 필요","정상")))))) | AE98: =IF($J98="","",IF(OR(LEFT($AD98,2)="작지",LEFT($AD98,4)="소재입고"),IF(LEFT($G98,1)="A","★ 납기위험(A코드)","◆ 지연주의"),IF($AD98="정상","✓ 정상","? 확인필요")))
A99: 95 | B99: 박술홍 | C99: 나영길 | D99: JKTBW27766 | E99: 여성 트레일러닝 슬림핏 라운드넥 긴팔 티셔츠 | F99: ABE/DPL | G99: =IF($D99="","",IF(MID($D99,5,1)="A","A(가을)",IF(MID($D99,5,1)="W","W(겨울)",IF(MID($D99,5,1)="X","X(사계절)",MID($D99,5,1))))) | I99: 8월1주 | J99: =IF($I99="","",IFERROR(DATE(기준정보!$C$7,VALUE(LEFT($I99,FIND("월",$I99)-1)),1+7*(VALUE(SUBSTITUTE(MID($I99,FIND("월",$I99)+1,5),"주",""))-1)),"")) | K99: =IF($J99="","",IF(AND(ISNUMBER(SEARCH("미얀마",$U99)),$J99-기준정보!$C$5>=기준정보!$C$8,$J99-기준정보!$C$5<=기준정보!$C$9),기준정보!$C$8-1,IF(AND(ISNUMBER(SEARCH("인도네시아",$U99)),$J99-기준정보!$C$5>=기준정보!$C$10,$J99-기준정보!$C$5<=기준정보!$C$11),기준정보!$C$10-1,$J99-기준정보!$C$5))) | L99: =IF($K99="","",IF(ISNUMBER(SEARCH("미얀마",$U99)),MAX(0,MIN($K99,기준정보!$C$9)-MAX($K99-기준정보!$C$6,기준정보!$C$8)+1),IF(ISNUMBER(SEARCH("인도네시아",$U99)),MAX(0,MIN($K99,기준정보!$C$11)-MAX($K99-기준정보!$C$6,기준정보!$C$10)+1),0))) | M99: =IF($K99="","",$K99-기준정보!$C$6-$L99) | N99: =IF($M99="","",$M99-기준정보!$C$4) | S99: =IF($H99="","",IF($H99="C","본사(소재팀)",IF($H99="완","생산처","확인 필요"))) | T99: 장안 | U99: 베트남 | Z99: 300 | AA99: 12018900 | AB99: 44400000 | AD99: =IF($J99="","출고일 미정",IF($P99="X","작지 미발행",IF($P99="부분","작지 일부 미발행",IF(AND($R99<>"",$R99>$M99),"소재입고 마감("&TEXT($M99,"MM/DD")&") 초과",IF($P99="","발행여부 확인 필요",IF($R99="","소재 입고일정 확인 필요","정상")))))) | AE99: =IF($J99="","",IF(OR(LEFT($AD99,2)="작지",LEFT($AD99,4)="소재입고"),IF(LEFT($G99,1)="A","★ 납기위험(A코드)","◆ 지연주의"),IF($AD99="정상","✓ 정상","? 확인필요")))
A100: 96 | B100: 박술홍 | C100: 나영길 | D100: JKTCW27762 | E100: 여성 트레일러닝 자카드 슬림핏 라운드넥 슬리브리스 | F100: CO1 | G100: =IF($D100="","",IF(MID($D100,5,1)="A","A(가을)",IF(MID($D100,5,1)="W","W(겨울)",IF(MID($D100,5,1)="X","X(사계절)",MID($D100,5,1))))) | I100: 8월1주 | J100: =IF($I100="","",IFERROR(DATE(기준정보!$C$7,VALUE(LEFT($I100,FIND("월",$I100)-1)),1+7*(VALUE(SUBSTITUTE(MID($I100,FIND("월",$I100)+1,5),"주",""))-1)),"")) | K100: =IF($J100="","",IF(AND(ISNUMBER(SEARCH("미얀마",$U100)),$J100-기준정보!$C$5>=기준정보!$C$8,$J100-기준정보!$C$5<=기준정보!$C$9),기준정보!$C$8-1,IF(AND(ISNUMBER(SEARCH("인도네시아",$U100)),$J100-기준정보!$C$5>=기준정보!$C$10,$J100-기준정보!$C$5<=기준정보!$C$11),기준정보!$C$10-1,$J100-기준정보!$C$5))) | L100: =IF($K100="","",IF(ISNUMBER(SEARCH("미얀마",$U100)),MAX(0,MIN($K100,기준정보!$C$9)-MAX($K100-기준정보!$C$6,기준정보!$C$8)+1),IF(ISNUMBER(SEARCH("인도네시아",$U100)),MAX(0,MIN($K100,기준정보!$C$11)-MAX($K100-기준정보!$C$6,기준정보!$C$10)+1),0))) | M100: =IF($K100="","",$K100-기준정보!$C$6-$L100) | N100: =IF($M100="","",$M100-기준정보!$C$4) | S100: =IF($H100="","",IF($H100="C","본사(소재팀)",IF($H100="완","생산처","확인 필요"))) | T100: 장안 | U100: 베트남 | Z100: 150 | AA100: 5710350 | AB100: 19200000 | AD100: =IF($J100="","출고일 미정",IF($P100="X","작지 미발행",IF($P100="부분","작지 일부 미발행",IF(AND($R100<>"",$R100>$M100),"소재입고 마감("&TEXT($M100,"MM/DD")&") 초과",IF($P100="","발행여부 확인 필요",IF($R100="","소재 입고일정 확인 필요","정상")))))) | AE100: =IF($J100="","",IF(OR(LEFT($AD100,2)="작지",LEFT($AD100,4)="소재입고"),IF(LEFT($G100,1)="A","★ 납기위험(A코드)","◆ 지연주의"),IF($AD100="정상","✓ 정상","? 확인필요")))
A101: 97 | B101: 박술홍 | C101: 나영길 | D101: JKTCW27764 | E101: 여성 트레일러닝 슬림핏 라운드넥 반팔 티셔츠 | F101: DEB/ABE | G101: =IF($D101="","",IF(MID($D101,5,1)="A","A(가을)",IF(MID($D101,5,1)="W","W(겨울)",IF(MID($D101,5,1)="X","X(사계절)",MID($D101,5,1))))) | I101: 8월1주 | J101: =IF($I101="","",IFERROR(DATE(기준정보!$C$7,VALUE(LEFT($I101,FIND("월",$I101)-1)),1+7*(VALUE(SUBSTITUTE(MID($I101,FIND("월",$I101)+1,5),"주",""))-1)),"")) | K101: =IF($J101="","",IF(AND(ISNUMBER(SEARCH("미얀마",$U101)),$J101-기준정보!$C$5>=기준정보!$C$8,$J101-기준정보!$C$5<=기준정보!$C$9),기준정보!$C$8-1,IF(AND(ISNUMBER(SEARCH("인도네시아",$U101)),$J101-기준정보!$C$5>=기준정보!$C$10,$J101-기준정보!$C$5<=기준정보!$C$11),기준정보!$C$10-1,$J101-기준정보!$C$5))) | L101: =IF($K101="","",IF(ISNUMBER(SEARCH("미얀마",$U101)),MAX(0,MIN($K101,기준정보!$C$9)-MAX($K101-기준정보!$C$6,기준정보!$C$8)+1),IF(ISNUMBER(SEARCH("인도네시아",$U101)),MAX(0,MIN($K101,기준정보!$C$11)-MAX($K101-기준정보!$C$6,기준정보!$C$10)+1),0))) | M101: =IF($K101="","",$K101-기준정보!$C$6-$L101) | N101: =IF($M101="","",$M101-기준정보!$C$4) | S101: =IF($H101="","",IF($H101="C","본사(소재팀)",IF($H101="완","생산처","확인 필요"))) | T101: 장안 | U101: 베트남 | Z101: 300 | AA101: 11420700 | AB101: 38400000 | AD101: =IF($J101="","출고일 미정",IF($P101="X","작지 미발행",IF($P101="부분","작지 일부 미발행",IF(AND($R101<>"",$R101>$M101),"소재입고 마감("&TEXT($M101,"MM/DD")&") 초과",IF($P101="","발행여부 확인 필요",IF($R101="","소재 입고일정 확인 필요","정상")))))) | AE101: =IF($J101="","",IF(OR(LEFT($AD101,2)="작지",LEFT($AD101,4)="소재입고"),IF(LEFT($G101,1)="A","★ 납기위험(A코드)","◆ 지연주의"),IF($AD101="정상","✓ 정상","? 확인필요")))
A102: 98 | B102: 박술홍 | C102: 나영길 | D102: JNJDW27753 | E102: 남녀공용 트레일러닝 경량 후드 구스다운 재킷 | F102: ABE/RBW | G102: =IF($D102="","",IF(MID($D102,5,1)="A","A(가을)",IF(MID($D102,5,1)="W","W(겨울)",IF(MID($D102,5,1)="X","X(사계절)",MID($D102,5,1))))) | I102: 8월1주 | J102: =IF($I102="","",IFERROR(DATE(기준정보!$C$7,VALUE(LEFT($I102,FIND("월",$I102)-1)),1+7*(VALUE(SUBSTITUTE(MID($I102,FIND("월",$I102)+1,5),"주",""))-1)),"")) | K102: =IF($J102="","",IF(AND(ISNUMBER(SEARCH("미얀마",$U102)),$J102-기준정보!$C$5>=기준정보!$C$8,$J102-기준정보!$C$5<=기준정보!$C$9),기준정보!$C$8-1,IF(AND(ISNUMBER(SEARCH("인도네시아",$U102)),$J102-기준정보!$C$5>=기준정보!$C$10,$J102-기준정보!$C$5<=기준정보!$C$11),기준정보!$C$10-1,$J102-기준정보!$C$5))) | L102: =IF($K102="","",IF(ISNUMBER(SEARCH("미얀마",$U102)),MAX(0,MIN($K102,기준정보!$C$9)-MAX($K102-기준정보!$C$6,기준정보!$C$8)+1),IF(ISNUMBER(SEARCH("인도네시아",$U102)),MAX(0,MIN($K102,기준정보!$C$11)-MAX($K102-기준정보!$C$6,기준정보!$C$10)+1),0))) | M102: =IF($K102="","",$K102-기준정보!$C$6-$L102) | N102: =IF($M102="","",$M102-기준정보!$C$4) | S102: =IF($H102="","",IF($H102="C","본사(소재팀)",IF($H102="완","생산처","확인 필요"))) | T102: 아이블 | U102: 베트남 | Z102: 700 | AA102: 96861100 | AB102: 364000000 | AD102: =IF($J102="","출고일 미정",IF($P102="X","작지 미발행",IF($P102="부분","작지 일부 미발행",IF(AND($R102<>"",$R102>$M102),"소재입고 마감("&TEXT($M102,"MM/DD")&") 초과",IF($P102="","발행여부 확인 필요",IF($R102="","소재 입고일정 확인 필요","정상")))))) | AE102: =IF($J102="","",IF(OR(LEFT($AD102,2)="작지",LEFT($AD102,4)="소재입고"),IF(LEFT($G102,1)="A","★ 납기위험(A코드)","◆ 지연주의"),IF($AD102="정상","✓ 정상","? 확인필요")))
A103: 99 | B103: 박술홍 | C103: 나영길 | D103: JNPNW27775 | E103: 남녀공용 트레일러닝 스트레이트 팬츠 | F103: DEB/SKA | G103: =IF($D103="","",IF(MID($D103,5,1)="A","A(가을)",IF(MID($D103,5,1)="W","W(겨울)",IF(MID($D103,5,1)="X","X(사계절)",MID($D103,5,1))))) | I103: 8월1주 | J103: =IF($I103="","",IFERROR(DATE(기준정보!$C$7,VALUE(LEFT($I103,FIND("월",$I103)-1)),1+7*(VALUE(SUBSTITUTE(MID($I103,FIND("월",$I103)+1,5),"주",""))-1)),"")) | K103: =IF($J103="","",IF(AND(ISNUMBER(SEARCH("미얀마",$U103)),$J103-기준정보!$C$5>=기준정보!$C$8,$J103-기준정보!$C$5<=기준정보!$C$9),기준정보!$C$8-1,IF(AND(ISNUMBER(SEARCH("인도네시아",$U103)),$J103-기준정보!$C$5>=기준정보!$C$10,$J103-기준정보!$C$5<=기준정보!$C$11),기준정보!$C$10-1,$J103-기준정보!$C$5))) | L103: =IF($K103="","",IF(ISNUMBER(SEARCH("미얀마",$U103)),MAX(0,MIN($K103,기준정보!$C$9)-MAX($K103-기준정보!$C$6,기준정보!$C$8)+1),IF(ISNUMBER(SEARCH("인도네시아",$U103)),MAX(0,MIN($K103,기준정보!$C$11)-MAX($K103-기준정보!$C$6,기준정보!$C$10)+1),0))) | M103: =IF($K103="","",$K103-기준정보!$C$6-$L103) | N103: =IF($M103="","",$M103-기준정보!$C$4) | S103: =IF($H103="","",IF($H103="C","본사(소재팀)",IF($H103="완","생산처","확인 필요"))) | T103: YIC | U103: 베트남 | Z103: 400 | AA103: 18798000 | AB103: 79200000 | AD103: =IF($J103="","출고일 미정",IF($P103="X","작지 미발행",IF($P103="부분","작지 일부 미발행",IF(AND($R103<>"",$R103>$M103),"소재입고 마감("&TEXT($M103,"MM/DD")&") 초과",IF($P103="","발행여부 확인 필요",IF($R103="","소재 입고일정 확인 필요","정상")))))) | AE103: =IF($J103="","",IF(OR(LEFT($AD103,2)="작지",LEFT($AD103,4)="소재입고"),IF(LEFT($G103,1)="A","★ 납기위험(A코드)","◆ 지연주의"),IF($AD103="정상","✓ 정상","? 확인필요")))
A104: 100 | B104: 박술홍 | C104: 나영길 | D104: JNPNW27777 | E104: 남녀공용 트레일러닝 초경량 방수 팬츠 | F104: CHR | G104: =IF($D104="","",IF(MID($D104,5,1)="A","A(가을)",IF(MID($D104,5,1)="W","W(겨울)",IF(MID($D104,5,1)="X","X(사계절)",MID($D104,5,1))))) | I104: 8월1주 | J104: =IF($I104="","",IFERROR(DATE(기준정보!$C$7,VALUE(LEFT($I104,FIND("월",$I104)-1)),1+7*(VALUE(SUBSTITUTE(MID($I104,FIND("월",$I104)+1,5),"주",""))-1)),"")) | K104: =IF($J104="","",IF(AND(ISNUMBER(SEARCH("미얀마",$U104)),$J104-기준정보!$C$5>=기준정보!$C$8,$J104-기준정보!$C$5<=기준정보!$C$9),기준정보!$C$8-1,IF(AND(ISNUMBER(SEARCH("인도네시아",$U104)),$J104-기준정보!$C$5>=기준정보!$C$10,$J104-기준정보!$C$5<=기준정보!$C$11),기준정보!$C$10-1,$J104-기준정보!$C$5))) | L104: =IF($K104="","",IF(ISNUMBER(SEARCH("미얀마",$U104)),MAX(0,MIN($K104,기준정보!$C$9)-MAX($K104-기준정보!$C$6,기준정보!$C$8)+1),IF(ISNUMBER(SEARCH("인도네시아",$U104)),MAX(0,MIN($K104,기준정보!$C$11)-MAX($K104-기준정보!$C$6,기준정보!$C$10)+1),0))) | M104: =IF($K104="","",$K104-기준정보!$C$6-$L104) | N104: =IF($M104="","",$M104-기준정보!$C$4) | S104: =IF($H104="","",IF($H104="C","본사(소재팀)",IF($H104="완","생산처","확인 필요"))) | T104: YIC | U104: 베트남 | Z104: 200 | AA104: 17630200 | AB104: 44000000 | AD104: =IF($J104="","출고일 미정",IF($P104="X","작지 미발행",IF($P104="부분","작지 일부 미발행",IF(AND($R104<>"",$R104>$M104),"소재입고 마감("&TEXT($M104,"MM/DD")&") 초과",IF($P104="","발행여부 확인 필요",IF($R104="","소재 입고일정 확인 필요","정상")))))) | AE104: =IF($J104="","",IF(OR(LEFT($AD104,2)="작지",LEFT($AD104,4)="소재입고"),IF(LEFT($G104,1)="A","★ 납기위험(A코드)","◆ 지연주의"),IF($AD104="정상","✓ 정상","? 확인필요")))
A105: 101 | B105: 박술홍 | C105: 나영길 | D105: JNSXW27781 | E105: 남녀공용 트레일러닝 오픈칼라 긴팔 셔츠 | F105: DEB/SKA | G105: =IF($D105="","",IF(MID($D105,5,1)="A","A(가을)",IF(MID($D105,5,1)="W","W(겨울)",IF(MID($D105,5,1)="X","X(사계절)",MID($D105,5,1))))) | I105: 8월1주 | J105: =IF($I105="","",IFERROR(DATE(기준정보!$C$7,VALUE(LEFT($I105,FIND("월",$I105)-1)),1+7*(VALUE(SUBSTITUTE(MID($I105,FIND("월",$I105)+1,5),"주",""))-1)),"")) | K105: =IF($J105="","",IF(AND(ISNUMBER(SEARCH("미얀마",$U105)),$J105-기준정보!$C$5>=기준정보!$C$8,$J105-기준정보!$C$5<=기준정보!$C$9),기준정보!$C$8-1,IF(AND(ISNUMBER(SEARCH("인도네시아",$U105)),$J105-기준정보!$C$5>=기준정보!$C$10,$J105-기준정보!$C$5<=기준정보!$C$11),기준정보!$C$10-1,$J105-기준정보!$C$5))) | L105: =IF($K105="","",IF(ISNUMBER(SEARCH("미얀마",$U105)),MAX(0,MIN($K105,기준정보!$C$9)-MAX($K105-기준정보!$C$6,기준정보!$C$8)+1),IF(ISNUMBER(SEARCH("인도네시아",$U105)),MAX(0,MIN($K105,기준정보!$C$11)-MAX($K105-기준정보!$C$6,기준정보!$C$10)+1),0))) | M105: =IF($K105="","",$K105-기준정보!$C$6-$L105) | N105: =IF($M105="","",$M105-기준정보!$C$4) | S105: =IF($H105="","",IF($H105="C","본사(소재팀)",IF($H105="완","생산처","확인 필요"))) | T105: 성원 | U105: 베트남 | Z105: 300 | AA105: 14700000 | AB105: 59400000 | AD105: =IF($J105="","출고일 미정",IF($P105="X","작지 미발행",IF($P105="부분","작지 일부 미발행",IF(AND($R105<>"",$R105>$M105),"소재입고 마감("&TEXT($M105,"MM/DD")&") 초과",IF($P105="","발행여부 확인 필요",IF($R105="","소재 입고일정 확인 필요","정상")))))) | AE105: =IF($J105="","",IF(OR(LEFT($AD105,2)="작지",LEFT($AD105,4)="소재입고"),IF(LEFT($G105,1)="A","★ 납기위험(A코드)","◆ 지연주의"),IF($AD105="정상","✓ 정상","? 확인필요")))
A106: 102 | B106: 김준래 | C106: 엄창용 | D106: JNTBW27623 | E106: 남녀공용 그리드 라운드넥 티셔츠 | F106: CHR/PEG | G106: =IF($D106="","",IF(MID($D106,5,1)="A","A(가을)",IF(MID($D106,5,1)="W","W(겨울)",IF(MID($D106,5,1)="X","X(사계절)",MID($D106,5,1))))) | H106: 완 | I106: 8월1주 | J106: =IF($I106="","",IFERROR(DATE(기준정보!$C$7,VALUE(LEFT($I106,FIND("월",$I106)-1)),1+7*(VALUE(SUBSTITUTE(MID($I106,FIND("월",$I106)+1,5),"주",""))-1)),"")) | K106: =IF($J106="","",IF(AND(ISNUMBER(SEARCH("미얀마",$U106)),$J106-기준정보!$C$5>=기준정보!$C$8,$J106-기준정보!$C$5<=기준정보!$C$9),기준정보!$C$8-1,IF(AND(ISNUMBER(SEARCH("인도네시아",$U106)),$J106-기준정보!$C$5>=기준정보!$C$10,$J106-기준정보!$C$5<=기준정보!$C$11),기준정보!$C$10-1,$J106-기준정보!$C$5))) | L106: =IF($K106="","",IF(ISNUMBER(SEARCH("미얀마",$U106)),MAX(0,MIN($K106,기준정보!$C$9)-MAX($K106-기준정보!$C$6,기준정보!$C$8)+1),IF(ISNUMBER(SEARCH("인도네시아",$U106)),MAX(0,MIN($K106,기준정보!$C$11)-MAX($K106-기준정보!$C$6,기준정보!$C$10)+1),0))) | M106: =IF($K106="","",$K106-기준정보!$C$6-$L106) | N106: =IF($M106="","",$M106-기준정보!$C$4) | S106: =IF($H106="","",IF($H106="C","본사(소재팀)",IF($H106="완","생산처","확인 필요"))) | T106: IKG | U106: 인도네시아 | Z106: 800 | AA106: 25921600 | AB106: 176000000 | AD106: =IF($J106="","출고일 미정",IF($P106="X","작지 미발행",IF($P106="부분","작지 일부 미발행",IF(AND($R106<>"",$R106>$M106),"소재입고 마감("&TEXT($M106,"MM/DD")&") 초과",IF($P106="","발행여부 확인 필요",IF($R106="","소재 입고일정 확인 필요","정상")))))) | AE106: =IF($J106="","",IF(OR(LEFT($AD106,2)="작지",LEFT($AD106,4)="소재입고"),IF(LEFT($G106,1)="A","★ 납기위험(A코드)","◆ 지연주의"),IF($AD106="정상","✓ 정상","? 확인필요")))
A107: 103 | B107: 김준래 | C107: 엄창용 | D107: JNTBW27633 | E107: 남녀공용 그리드 오버핏 긴팔 후드티 | F107: PEG/RBW | G107: =IF($D107="","",IF(MID($D107,5,1)="A","A(가을)",IF(MID($D107,5,1)="W","W(겨울)",IF(MID($D107,5,1)="X","X(사계절)",MID($D107,5,1))))) | H107: 완 | I107: 8월1주 | J107: =IF($I107="","",IFERROR(DATE(기준정보!$C$7,VALUE(LEFT($I107,FIND("월",$I107)-1)),1+7*(VALUE(SUBSTITUTE(MID($I107,FIND("월",$I107)+1,5),"주",""))-1)),"")) | K107: =IF($J107="","",IF(AND(ISNUMBER(SEARCH("미얀마",$U107)),$J107-기준정보!$C$5>=기준정보!$C$8,$J107-기준정보!$C$5<=기준정보!$C$9),기준정보!$C$8-1,IF(AND(ISNUMBER(SEARCH("인도네시아",$U107)),$J107-기준정보!$C$5>=기준정보!$C$10,$J107-기준정보!$C$5<=기준정보!$C$11),기준정보!$C$10-1,$J107-기준정보!$C$5))) | L107: =IF($K107="","",IF(ISNUMBER(SEARCH("미얀마",$U107)),MAX(0,MIN($K107,기준정보!$C$9)-MAX($K107-기준정보!$C$6,기준정보!$C$8)+1),IF(ISNUMBER(SEARCH("인도네시아",$U107)),MAX(0,MIN($K107,기준정보!$C$11)-MAX($K107-기준정보!$C$6,기준정보!$C$10)+1),0))) | M107: =IF($K107="","",$K107-기준정보!$C$6-$L107) | N107: =IF($M107="","",$M107-기준정보!$C$4) | S107: =IF($H107="","",IF($H107="C","본사(소재팀)",IF($H107="완","생산처","확인 필요"))) | T107: IKG | U107: 인도네시아 | Z107: 600 | AA107: 20221800 | AB107: 150000000 | AD107: =IF($J107="","출고일 미정",IF($P107="X","작지 미발행",IF($P107="부분","작지 일부 미발행",IF(AND($R107<>"",$R107>$M107),"소재입고 마감("&TEXT($M107,"MM/DD")&") 초과",IF($P107="","발행여부 확인 필요",IF($R107="","소재 입고일정 확인 필요","정상")))))) | AE107: =IF($J107="","",IF(OR(LEFT($AD107,2)="작지",LEFT($AD107,4)="소재입고"),IF(LEFT($G107,1)="A","★ 납기위험(A코드)","◆ 지연주의"),IF($AD107="정상","✓ 정상","? 확인필요")))
A108: 104 | B108: 김준래 | C108: 엄창용 | D108: JNVAW27611 | E108: 남녀공용 경량 스탠드넥 베스트 | F108: DEB/ASB/CHR | G108: =IF($D108="","",IF(MID($D108,5,1)="A","A(가을)",IF(MID($D108,5,1)="W","W(겨울)",IF(MID($D108,5,1)="X","X(사계절)",MID($D108,5,1))))) | H108: 완 | I108: 8월1주 | J108: =IF($I108="","",IFERROR(DATE(기준정보!$C$7,VALUE(LEFT($I108,FIND("월",$I108)-1)),1+7*(VALUE(SUBSTITUTE(MID($I108,FIND("월",$I108)+1,5),"주",""))-1)),"")) | K108: =IF($J108="","",IF(AND(ISNUMBER(SEARCH("미얀마",$U108)),$J108-기준정보!$C$5>=기준정보!$C$8,$J108-기준정보!$C$5<=기준정보!$C$9),기준정보!$C$8-1,IF(AND(ISNUMBER(SEARCH("인도네시아",$U108)),$J108-기준정보!$C$5>=기준정보!$C$10,$J108-기준정보!$C$5<=기준정보!$C$11),기준정보!$C$10-1,$J108-기준정보!$C$5))) | L108: =IF($K108="","",IF(ISNUMBER(SEARCH("미얀마",$U108)),MAX(0,MIN($K108,기준정보!$C$9)-MAX($K108-기준정보!$C$6,기준정보!$C$8)+1),IF(ISNUMBER(SEARCH("인도네시아",$U108)),MAX(0,MIN($K108,기준정보!$C$11)-MAX($K108-기준정보!$C$6,기준정보!$C$10)+1),0))) | M108: =IF($K108="","",$K108-기준정보!$C$6-$L108) | N108: =IF($M108="","",$M108-기준정보!$C$4) | S108: =IF($H108="","",IF($H108="C","본사(소재팀)",IF($H108="완","생산처","확인 필요"))) | T108: 아이블 | U108: 베트남 | Z108: 650 | AA108: 52458250 | AB108: 253500000 | AD108: =IF($J108="","출고일 미정",IF($P108="X","작지 미발행",IF($P108="부분","작지 일부 미발행",IF(AND($R108<>"",$R108>$M108),"소재입고 마감("&TEXT($M108,"MM/DD")&") 초과",IF($P108="","발행여부 확인 필요",IF($R108="","소재 입고일정 확인 필요","정상")))))) | AE108: =IF($J108="","",IF(OR(LEFT($AD108,2)="작지",LEFT($AD108,4)="소재입고"),IF(LEFT($G108,1)="A","★ 납기위험(A코드)","◆ 지연주의"),IF($AD108="정상","✓ 정상","? 확인필요")))
A109: 105 | B109: 박술홍 | C109: 나영길 | D109: JNVAW27755 | E109: 남녀공용 트레일러닝 프리마로프트 칼라리스 인슐레이션 베스트 | F109: ABE/CTP | G109: =IF($D109="","",IF(MID($D109,5,1)="A","A(가을)",IF(MID($D109,5,1)="W","W(겨울)",IF(MID($D109,5,1)="X","X(사계절)",MID($D109,5,1))))) | I109: 8월1주 | J109: =IF($I109="","",IFERROR(DATE(기준정보!$C$7,VALUE(LEFT($I109,FIND("월",$I109)-1)),1+7*(VALUE(SUBSTITUTE(MID($I109,FIND("월",$I109)+1,5),"주",""))-1)),"")) | K109: =IF($J109="","",IF(AND(ISNUMBER(SEARCH("미얀마",$U109)),$J109-기준정보!$C$5>=기준정보!$C$8,$J109-기준정보!$C$5<=기준정보!$C$9),기준정보!$C$8-1,IF(AND(ISNUMBER(SEARCH("인도네시아",$U109)),$J109-기준정보!$C$5>=기준정보!$C$10,$J109-기준정보!$C$5<=기준정보!$C$11),기준정보!$C$10-1,$J109-기준정보!$C$5))) | L109: =IF($K109="","",IF(ISNUMBER(SEARCH("미얀마",$U109)),MAX(0,MIN($K109,기준정보!$C$9)-MAX($K109-기준정보!$C$6,기준정보!$C$8)+1),IF(ISNUMBER(SEARCH("인도네시아",$U109)),MAX(0,MIN($K109,기준정보!$C$11)-MAX($K109-기준정보!$C$6,기준정보!$C$10)+1),0))) | M109: =IF($K109="","",$K109-기준정보!$C$6-$L109) | N109: =IF($M109="","",$M109-기준정보!$C$4) | S109: =IF($H109="","",IF($H109="C","본사(소재팀)",IF($H109="완","생산처","확인 필요"))) | T109: 원전 | U109: 베트남 | Z109: 300 | AA109: 14843100 | AB109: 75000000 | AD109: =IF($J109="","출고일 미정",IF($P109="X","작지 미발행",IF($P109="부분","작지 일부 미발행",IF(AND($R109<>"",$R109>$M109),"소재입고 마감("&TEXT($M109,"MM/DD")&") 초과",IF($P109="","발행여부 확인 필요",IF($R109="","소재 입고일정 확인 필요","정상")))))) | AE109: =IF($J109="","",IF(OR(LEFT($AD109,2)="작지",LEFT($AD109,4)="소재입고"),IF(LEFT($G109,1)="A","★ 납기위험(A코드)","◆ 지연주의"),IF($AD109="정상","✓ 정상","? 확인필요")))
A110: 106 | B110: 박술홍 | C110: 나영길 | D110: JNVAW27757 | E110: 남녀공용 트레일러닝 프리마로프트 칼라리스 인슐레이션 베스트 | F110: WGY | G110: =IF($D110="","",IF(MID($D110,5,1)="A","A(가을)",IF(MID($D110,5,1)="W","W(겨울)",IF(MID($D110,5,1)="X","X(사계절)",MID($D110,5,1))))) | I110: 8월1주 | J110: =IF($I110="","",IFERROR(DATE(기준정보!$C$7,VALUE(LEFT($I110,FIND("월",$I110)-1)),1+7*(VALUE(SUBSTITUTE(MID($I110,FIND("월",$I110)+1,5),"주",""))-1)),"")) | K110: =IF($J110="","",IF(AND(ISNUMBER(SEARCH("미얀마",$U110)),$J110-기준정보!$C$5>=기준정보!$C$8,$J110-기준정보!$C$5<=기준정보!$C$9),기준정보!$C$8-1,IF(AND(ISNUMBER(SEARCH("인도네시아",$U110)),$J110-기준정보!$C$5>=기준정보!$C$10,$J110-기준정보!$C$5<=기준정보!$C$11),기준정보!$C$10-1,$J110-기준정보!$C$5))) | L110: =IF($K110="","",IF(ISNUMBER(SEARCH("미얀마",$U110)),MAX(0,MIN($K110,기준정보!$C$9)-MAX($K110-기준정보!$C$6,기준정보!$C$8)+1),IF(ISNUMBER(SEARCH("인도네시아",$U110)),MAX(0,MIN($K110,기준정보!$C$11)-MAX($K110-기준정보!$C$6,기준정보!$C$10)+1),0))) | M110: =IF($K110="","",$K110-기준정보!$C$6-$L110) | N110: =IF($M110="","",$M110-기준정보!$C$4) | S110: =IF($H110="","",IF($H110="C","본사(소재팀)",IF($H110="완","생산처","확인 필요"))) | T110: 원전 | U110: 베트남 | Z110: 150 | AA110: 13566000 | AB110: 48000000 | AD110: =IF($J110="","출고일 미정",IF($P110="X","작지 미발행",IF($P110="부분","작지 일부 미발행",IF(AND($R110<>"",$R110>$M110),"소재입고 마감("&TEXT($M110,"MM/DD")&") 초과",IF($P110="","발행여부 확인 필요",IF($R110="","소재 입고일정 확인 필요","정상")))))) | AE110: =IF($J110="","",IF(OR(LEFT($AD110,2)="작지",LEFT($AD110,4)="소재입고"),IF(LEFT($G110,1)="A","★ 납기위험(A코드)","◆ 지연주의"),IF($AD110="정상","✓ 정상","? 확인필요")))
A111: 107 | B111: 박술홍 | C111: 나영길 | D111: JWJJW27751 | E111: 남성 트레일러닝 초경량 후드 슬림핏 방수 재킷 | F111: PEG | G111: =IF($D111="","",IF(MID($D111,5,1)="A","A(가을)",IF(MID($D111,5,1)="W","W(겨울)",IF(MID($D111,5,1)="X","X(사계절)",MID($D111,5,1))))) | I111: 8월1주 | J111: =IF($I111="","",IFERROR(DATE(기준정보!$C$7,VALUE(LEFT($I111,FIND("월",$I111)-1)),1+7*(VALUE(SUBSTITUTE(MID($I111,FIND("월",$I111)+1,5),"주",""))-1)),"")) | K111: =IF($J111="","",IF(AND(ISNUMBER(SEARCH("미얀마",$U111)),$J111-기준정보!$C$5>=기준정보!$C$8,$J111-기준정보!$C$5<=기준정보!$C$9),기준정보!$C$8-1,IF(AND(ISNUMBER(SEARCH("인도네시아",$U111)),$J111-기준정보!$C$5>=기준정보!$C$10,$J111-기준정보!$C$5<=기준정보!$C$11),기준정보!$C$10-1,$J111-기준정보!$C$5))) | L111: =IF($K111="","",IF(ISNUMBER(SEARCH("미얀마",$U111)),MAX(0,MIN($K111,기준정보!$C$9)-MAX($K111-기준정보!$C$6,기준정보!$C$8)+1),IF(ISNUMBER(SEARCH("인도네시아",$U111)),MAX(0,MIN($K111,기준정보!$C$11)-MAX($K111-기준정보!$C$6,기준정보!$C$10)+1),0))) | M111: =IF($K111="","",$K111-기준정보!$C$6-$L111) | N111: =IF($M111="","",$M111-기준정보!$C$4) | S111: =IF($H111="","",IF($H111="C","본사(소재팀)",IF($H111="완","생산처","확인 필요"))) | T111: 포마트 | U111: 베트남 | Z111: 150 | AA111: 20319900 | AB111: 73500000 | AD111: =IF($J111="","출고일 미정",IF($P111="X","작지 미발행",IF($P111="부분","작지 일부 미발행",IF(AND($R111<>"",$R111>$M111),"소재입고 마감("&TEXT($M111,"MM/DD")&") 초과",IF($P111="","발행여부 확인 필요",IF($R111="","소재 입고일정 확인 필요","정상")))))) | AE111: =IF($J111="","",IF(OR(LEFT($AD111,2)="작지",LEFT($AD111,4)="소재입고"),IF(LEFT($G111,1)="A","★ 납기위험(A코드)","◆ 지연주의"),IF($AD111="정상","✓ 정상","? 확인필요")))
A112: 108 | B112: 박술홍 | C112: 나영길 | D112: JWJJW27753 | E112: 남성 트레일러닝 옥타 후드 슬림핏 재킷 | F112: DEB/PEG | G112: =IF($D112="","",IF(MID($D112,5,1)="A","A(가을)",IF(MID($D112,5,1)="W","W(겨울)",IF(MID($D112,5,1)="X","X(사계절)",MID($D112,5,1))))) | I112: 8월1주 | J112: =IF($I112="","",IFERROR(DATE(기준정보!$C$7,VALUE(LEFT($I112,FIND("월",$I112)-1)),1+7*(VALUE(SUBSTITUTE(MID($I112,FIND("월",$I112)+1,5),"주",""))-1)),"")) | K112: =IF($J112="","",IF(AND(ISNUMBER(SEARCH("미얀마",$U112)),$J112-기준정보!$C$5>=기준정보!$C$8,$J112-기준정보!$C$5<=기준정보!$C$9),기준정보!$C$8-1,IF(AND(ISNUMBER(SEARCH("인도네시아",$U112)),$J112-기준정보!$C$5>=기준정보!$C$10,$J112-기준정보!$C$5<=기준정보!$C$11),기준정보!$C$10-1,$J112-기준정보!$C$5))) | L112: =IF($K112="","",IF(ISNUMBER(SEARCH("미얀마",$U112)),MAX(0,MIN($K112,기준정보!$C$9)-MAX($K112-기준정보!$C$6,기준정보!$C$8)+1),IF(ISNUMBER(SEARCH("인도네시아",$U112)),MAX(0,MIN($K112,기준정보!$C$11)-MAX($K112-기준정보!$C$6,기준정보!$C$10)+1),0))) | M112: =IF($K112="","",$K112-기준정보!$C$6-$L112) | N112: =IF($M112="","",$M112-기준정보!$C$4) | S112: =IF($H112="","",IF($H112="C","본사(소재팀)",IF($H112="완","생산처","확인 필요"))) | T112: 태화 | U112: 베트남 | Z112: 400 | AA112: 20721600 | AB112: 88000000 | AD112: =IF($J112="","출고일 미정",IF($P112="X","작지 미발행",IF($P112="부분","작지 일부 미발행",IF(AND($R112<>"",$R112>$M112),"소재입고 마감("&TEXT($M112,"MM/DD")&") 초과",IF($P112="","발행여부 확인 필요",IF($R112="","소재 입고일정 확인 필요","정상")))))) | AE112: =IF($J112="","",IF(OR(LEFT($AD112,2)="작지",LEFT($AD112,4)="소재입고"),IF(LEFT($G112,1)="A","★ 납기위험(A코드)","◆ 지연주의"),IF($AD112="정상","✓ 정상","? 확인필요")))
A113: 109 | B113: 박술홍 | C113: 나영길 | D113: JWPOW27771 | E113: 남성 트레일러닝 3인치 쇼츠 | F113: DEB | G113: =IF($D113="","",IF(MID($D113,5,1)="A","A(가을)",IF(MID($D113,5,1)="W","W(겨울)",IF(MID($D113,5,1)="X","X(사계절)",MID($D113,5,1))))) | I113: 8월1주 | J113: =IF($I113="","",IFERROR(DATE(기준정보!$C$7,VALUE(LEFT($I113,FIND("월",$I113)-1)),1+7*(VALUE(SUBSTITUTE(MID($I113,FIND("월",$I113)+1,5),"주",""))-1)),"")) | K113: =IF($J113="","",IF(AND(ISNUMBER(SEARCH("미얀마",$U113)),$J113-기준정보!$C$5>=기준정보!$C$8,$J113-기준정보!$C$5<=기준정보!$C$9),기준정보!$C$8-1,IF(AND(ISNUMBER(SEARCH("인도네시아",$U113)),$J113-기준정보!$C$5>=기준정보!$C$10,$J113-기준정보!$C$5<=기준정보!$C$11),기준정보!$C$10-1,$J113-기준정보!$C$5))) | L113: =IF($K113="","",IF(ISNUMBER(SEARCH("미얀마",$U113)),MAX(0,MIN($K113,기준정보!$C$9)-MAX($K113-기준정보!$C$6,기준정보!$C$8)+1),IF(ISNUMBER(SEARCH("인도네시아",$U113)),MAX(0,MIN($K113,기준정보!$C$11)-MAX($K113-기준정보!$C$6,기준정보!$C$10)+1),0))) | M113: =IF($K113="","",$K113-기준정보!$C$6-$L113) | N113: =IF($M113="","",$M113-기준정보!$C$4) | S113: =IF($H113="","",IF($H113="C","본사(소재팀)",IF($H113="완","생산처","확인 필요"))) | T113: YIC | U113: 베트남 | Z113: 150 | AA113: 4299600 | AB113: 19200000 | AD113: =IF($J113="","출고일 미정",IF($P113="X","작지 미발행",IF($P113="부분","작지 일부 미발행",IF(AND($R113<>"",$R113>$M113),"소재입고 마감("&TEXT($M113,"MM/DD")&") 초과",IF($P113="","발행여부 확인 필요",IF($R113="","소재 입고일정 확인 필요","정상")))))) | AE113: =IF($J113="","",IF(OR(LEFT($AD113,2)="작지",LEFT($AD113,4)="소재입고"),IF(LEFT($G113,1)="A","★ 납기위험(A코드)","◆ 지연주의"),IF($AD113="정상","✓ 정상","? 확인필요")))
A114: 110 | B114: 박술홍 | C114: 나영길 | D114: JWPOW27773 | E114: 남성 트레일러닝 스토리지 4인치 하프 타이즈 | F114: BLK | G114: =IF($D114="","",IF(MID($D114,5,1)="A","A(가을)",IF(MID($D114,5,1)="W","W(겨울)",IF(MID($D114,5,1)="X","X(사계절)",MID($D114,5,1))))) | I114: 8월1주 | J114: =IF($I114="","",IFERROR(DATE(기준정보!$C$7,VALUE(LEFT($I114,FIND("월",$I114)-1)),1+7*(VALUE(SUBSTITUTE(MID($I114,FIND("월",$I114)+1,5),"주",""))-1)),"")) | K114: =IF($J114="","",IF(AND(ISNUMBER(SEARCH("미얀마",$U114)),$J114-기준정보!$C$5>=기준정보!$C$8,$J114-기준정보!$C$5<=기준정보!$C$9),기준정보!$C$8-1,IF(AND(ISNUMBER(SEARCH("인도네시아",$U114)),$J114-기준정보!$C$5>=기준정보!$C$10,$J114-기준정보!$C$5<=기준정보!$C$11),기준정보!$C$10-1,$J114-기준정보!$C$5))) | L114: =IF($K114="","",IF(ISNUMBER(SEARCH("미얀마",$U114)),MAX(0,MIN($K114,기준정보!$C$9)-MAX($K114-기준정보!$C$6,기준정보!$C$8)+1),IF(ISNUMBER(SEARCH("인도네시아",$U114)),MAX(0,MIN($K114,기준정보!$C$11)-MAX($K114-기준정보!$C$6,기준정보!$C$10)+1),0))) | M114: =IF($K114="","",$K114-기준정보!$C$6-$L114) | N114: =IF($M114="","",$M114-기준정보!$C$4) | S114: =IF($H114="","",IF($H114="C","본사(소재팀)",IF($H114="완","생산처","확인 필요"))) | T114: IKG | U114: 인도네시아 | Z114: 150 | AA114: 5845200 | AB114: 19200000 | AD114: =IF($J114="","출고일 미정",IF($P114="X","작지 미발행",IF($P114="부분","작지 일부 미발행",IF(AND($R114<>"",$R114>$M114),"소재입고 마감("&TEXT($M114,"MM/DD")&") 초과",IF($P114="","발행여부 확인 필요",IF($R114="","소재 입고일정 확인 필요","정상")))))) | AE114: =IF($J114="","",IF(OR(LEFT($AD114,2)="작지",LEFT($AD114,4)="소재입고"),IF(LEFT($G114,1)="A","★ 납기위험(A코드)","◆ 지연주의"),IF($AD114="정상","✓ 정상","? 확인필요")))
A115: 111 | B115: 박술홍 | C115: 나영길 | D115: JWTBW27765 | E115: 남성 트레일러닝 슬림핏 라운드넥 긴팔 티셔츠 | F115: RBW/DEB | G115: =IF($D115="","",IF(MID($D115,5,1)="A","A(가을)",IF(MID($D115,5,1)="W","W(겨울)",IF(MID($D115,5,1)="X","X(사계절)",MID($D115,5,1))))) | I115: 8월1주 | J115: =IF($I115="","",IFERROR(DATE(기준정보!$C$7,VALUE(LEFT($I115,FIND("월",$I115)-1)),1+7*(VALUE(SUBSTITUTE(MID($I115,FIND("월",$I115)+1,5),"주",""))-1)),"")) | K115: =IF($J115="","",IF(AND(ISNUMBER(SEARCH("미얀마",$U115)),$J115-기준정보!$C$5>=기준정보!$C$8,$J115-기준정보!$C$5<=기준정보!$C$9),기준정보!$C$8-1,IF(AND(ISNUMBER(SEARCH("인도네시아",$U115)),$J115-기준정보!$C$5>=기준정보!$C$10,$J115-기준정보!$C$5<=기준정보!$C$11),기준정보!$C$10-1,$J115-기준정보!$C$5))) | L115: =IF($K115="","",IF(ISNUMBER(SEARCH("미얀마",$U115)),MAX(0,MIN($K115,기준정보!$C$9)-MAX($K115-기준정보!$C$6,기준정보!$C$8)+1),IF(ISNUMBER(SEARCH("인도네시아",$U115)),MAX(0,MIN($K115,기준정보!$C$11)-MAX($K115-기준정보!$C$6,기준정보!$C$10)+1),0))) | M115: =IF($K115="","",$K115-기준정보!$C$6-$L115) | N115: =IF($M115="","",$M115-기준정보!$C$4) | S115: =IF($H115="","",IF($H115="C","본사(소재팀)",IF($H115="완","생산처","확인 필요"))) | T115: 장안 | U115: 베트남 | Z115: 300 | AA115: 12541200 | AB115: 44400000 | AD115: =IF($J115="","출고일 미정",IF($P115="X","작지 미발행",IF($P115="부분","작지 일부 미발행",IF(AND($R115<>"",$R115>$M115),"소재입고 마감("&TEXT($M115,"MM/DD")&") 초과",IF($P115="","발행여부 확인 필요",IF($R115="","소재 입고일정 확인 필요","정상")))))) | AE115: =IF($J115="","",IF(OR(LEFT($AD115,2)="작지",LEFT($AD115,4)="소재입고"),IF(LEFT($G115,1)="A","★ 납기위험(A코드)","◆ 지연주의"),IF($AD115="정상","✓ 정상","? 확인필요")))
A116: 112 | B116: 박술홍 | C116: 나영길 | D116: JWTCW27761 | E116: 남성 트레일러닝 자카드 슬림핏 라운드넥 슬리브리스 | F116: CO1 | G116: =IF($D116="","",IF(MID($D116,5,1)="A","A(가을)",IF(MID($D116,5,1)="W","W(겨울)",IF(MID($D116,5,1)="X","X(사계절)",MID($D116,5,1))))) | I116: 8월1주 | J116: =IF($I116="","",IFERROR(DATE(기준정보!$C$7,VALUE(LEFT($I116,FIND("월",$I116)-1)),1+7*(VALUE(SUBSTITUTE(MID($I116,FIND("월",$I116)+1,5),"주",""))-1)),"")) | K116: =IF($J116="","",IF(AND(ISNUMBER(SEARCH("미얀마",$U116)),$J116-기준정보!$C$5>=기준정보!$C$8,$J116-기준정보!$C$5<=기준정보!$C$9),기준정보!$C$8-1,IF(AND(ISNUMBER(SEARCH("인도네시아",$U116)),$J116-기준정보!$C$5>=기준정보!$C$10,$J116-기준정보!$C$5<=기준정보!$C$11),기준정보!$C$10-1,$J116-기준정보!$C$5))) | L116: =IF($K116="","",IF(ISNUMBER(SEARCH("미얀마",$U116)),MAX(0,MIN($K116,기준정보!$C$9)-MAX($K116-기준정보!$C$6,기준정보!$C$8)+1),IF(ISNUMBER(SEARCH("인도네시아",$U116)),MAX(0,MIN($K116,기준정보!$C$11)-MAX($K116-기준정보!$C$6,기준정보!$C$10)+1),0))) | M116: =IF($K116="","",$K116-기준정보!$C$6-$L116) | N116: =IF($M116="","",$M116-기준정보!$C$4) | S116: =IF($H116="","",IF($H116="C","본사(소재팀)",IF($H116="완","생산처","확인 필요"))) | T116: 장안 | U116: 베트남 | Z116: 300 | AA116: 11533800 | AB116: 38400000 | AD116: =IF($J116="","출고일 미정",IF($P116="X","작지 미발행",IF($P116="부분","작지 일부 미발행",IF(AND($R116<>"",$R116>$M116),"소재입고 마감("&TEXT($M116,"MM/DD")&") 초과",IF($P116="","발행여부 확인 필요",IF($R116="","소재 입고일정 확인 필요","정상")))))) | AE116: =IF($J116="","",IF(OR(LEFT($AD116,2)="작지",LEFT($AD116,4)="소재입고"),IF(LEFT($G116,1)="A","★ 납기위험(A코드)","◆ 지연주의"),IF($AD116="정상","✓ 정상","? 확인필요")))
...

Sheet 금액 요약
B2: 27FW 구분별 금액 요약 — 원가합 · 소매가합
B3: 구분: 의류(J/T/V 등) · 용품(품번 Q로 시작) · WM/피싱(품번 8로 시작, 27FW 현재 0건). 트래커 값 수정 시 자동 갱신됩니다.
B5: 구분 | C5: 스타일 수 | D5: 기획수량 (장) | E5: 원가합 (원) | F5: 소매가합 (원) | G5: 소매가합 비중
B6: 의류 | C6: =SUMPRODUCT((LEFT('소재역산 트래커'!$D$5:$D$429,1)<>"Q")*(LEFT('소재역산 트래커'!$D$5:$D$429,1)<>"8")*('소재역산 트래커'!$D$5:$D$429<>"")) | D6: =SUMPRODUCT((LEFT('소재역산 트래커'!$D$5:$D$429,1)<>"Q")*(LEFT('소재역산 트래커'!$D$5:$D$429,1)<>"8")*('소재역산 트래커'!$D$5:$D$429<>"")*'소재역산 트래커'!$Z$5:$Z$429) | E6: =SUMPRODUCT((LEFT('소재역산 트래커'!$D$5:$D$429,1)<>"Q")*(LEFT('소재역산 트래커'!$D$5:$D$429,1)<>"8")*('소재역산 트래커'!$D$5:$D$429<>"")*'소재역산 트래커'!$AA$5:$AA$429) | F6: =SUMPRODUCT((LEFT('소재역산 트래커'!$D$5:$D$429,1)<>"Q")*(LEFT('소재역산 트래커'!$D$5:$D$429,1)<>"8")*('소재역산 트래커'!$D$5:$D$429<>"")*'소재역산 트래커'!$AB$5:$AB$429) | G6: =IF($F$9=0,"",F6/$F$9)
B7: 용품 (Q) | C7: =SUMPRODUCT((LEFT('소재역산 트래커'!$D$5:$D$429,1)="Q")*1) | D7: =SUMPRODUCT((LEFT('소재역산 트래커'!$D$5:$D$429,1)="Q")*1*'소재역산 트래커'!$Z$5:$Z$429) | E7: =SUMPRODUCT((LEFT('소재역산 트래커'!$D$5:$D$429,1)="Q")*1*'소재역산 트래커'!$AA$5:$AA$429) | F7: =SUMPRODUCT((LEFT('소재역산 트래커'!$D$5:$D$429,1)="Q")*1*'소재역산 트래커'!$AB$5:$AB$429) | G7: =IF($F$9=0,"",F7/$F$9)
B8: WM/피싱 (8) | C8: =SUMPRODUCT((LEFT('소재역산 트래커'!$D$5:$D$429,1)="8")*1) | D8: =SUMPRODUCT((LEFT('소재역산 트래커'!$D$5:$D$429,1)="8")*1*'소재역산 트래커'!$Z$5:$Z$429) | E8: =SUMPRODUCT((LEFT('소재역산 트래커'!$D$5:$D$429,1)="8")*1*'소재역산 트래커'!$AA$5:$AA$429) | F8: =SUMPRODUCT((LEFT('소재역산 트래커'!$D$5:$D$429,1)="8")*1*'소재역산 트래커'!$AB$5:$AB$429) | G8: =IF($F$9=0,"",F8/$F$9)
B9: 합계 | C9: =SUM(C6:C8) | D9: =SUM(D6:D8) | E9: =SUM(E6:E8) | F9: =SUM(F6:F8) | G9: =IF(F9=0,"",1)
B12: 의류 내 비수기 선정 비중 (27FW 비수기 수령 시 자동 계산)
B13: 비수기 = KS_비수기 선정 27FW 탭 N열 'O' 기준 — 트래커 '비수기 선정' 열 입력 시 갱신
B15: 구분 | C15: 스타일 수 | D15: 기획수량 (장) | E15: 원가합 (원) | F15: 소매가합 (원)
B16: 의류 전체 | C16: =C6 | D16: =D6 | E16: =E6 | F16: =F6
B17: 비수기 선정 (의류) | C17: =SUMPRODUCT((LEFT('소재역산 트래커'!$D$5:$D$429,1)<>"Q")*(LEFT('소재역산 트래커'!$D$5:$D$429,1)<>"8")*('소재역산 트래커'!$D$5:$D$429<>"")*('소재역산 트래커'!$O$5:$O$429="O")) | D17: =SUMPRODUCT((LEFT('소재역산 트래커'!$D$5:$D$429,1)<>"Q")*(LEFT('소재역산 트래커'!$D$5:$D$429,1)<>"8")*('소재역산 트래커'!$D$5:$D$429<>"")*('소재역산 트래커'!$O$5:$O$429="O")*'소재역산 트래커'!$Z$5:$Z$429) | E17: =SUMPRODUCT((LEFT('소재역산 트래커'!$D$5:$D$429,1)<>"Q")*(LEFT('소재역산 트래커'!$D$5:$D$429,1)<>"8")*('소재역산 트래커'!$D$5:$D$429<>"")*('소재역산 트래커'!$O$5:$O$429="O")*'소재역산 트래커'!$AA$5:$AA$429) | F17: =SUMPRODUCT((LEFT('소재역산 트래커'!$D$5:$D$429,1)<>"Q")*(LEFT('소재역산 트래커'!$D$5:$D$429,1)<>"8")*('소재역산 트래커'!$D$5:$D$429<>"")*('소재역산 트래커'!$O$5:$O$429="O")*'소재역산 트래커'!$AB$5:$AB$429)
B18: 비수기 비중 | C18: =IF(C16=0,"",C17/C16) | D18: =IF(D16=0,"",D17/D16) | E18: =IF(E16=0,"",E17/E16) | F18: =IF(F16=0,"",F17/F16)
B20: * 원가합 = Σ(기획수량×입고원가), 소매가합 = Σ(기획수량×예상소매가) — 생진테 추출본 기준. 기획수량 미입력 스타일은 합계 미포함

Sheet 리스크 요약
B2: 27FW 소재일정 리스크 요약 (생진테 출고일 · 띤쨘/르바란 보정)
B3: ="기준일: "&TEXT(기준정보!$C$4,"YYYY-MM-DD")&" · 소재마감 = 출고일 − "&(기준정보!$C$5+기준정보!$C$6)&"일 − 휴무보정"&" · A "&COUNTIF('소재역산 트래커'!$G$5:$G$429,"A(가을)")&" / W "&COUNTIF('소재역산 트래커'!$G$5:$G$429,"W(겨울)")&" / X "&COUNTIF('소재역산 트래커'!$G$5:$G$429,"X(사계절)")
B5: 전체 스타일 | D5: A코드(가을) 스타일 | F5: ★ 납기위험(A코드) | H5: ◆ 지연주의(W/X) | J5: 출고일 미정
B6: =COUNTA('소재역산 트래커'!$D$5:$D$429) | D6: =COUNTIF('소재역산 트래커'!$G$5:$G$429,"A(가을)") | F6: =COUNTIF('소재역산 트래커'!$AE$5:$AE$429,"★*") | H6: =COUNTIF('소재역산 트래커'!$AE$5:$AE$429,"◆*") | J6: =COUNTIF('소재역산 트래커'!$AD$5:$AD$429,"출고일 미정")
B9: MD별 현황
B10: MD | C10: 스타일 수 | D10: A코드 | E10: 출고일 미정 | F10: 작지 미발행(X/부분) | G10: 비수기 선정 | H10: ★ 납기위험 | I10: 조율완료
B11: 김준래 | C11: =COUNTIF('소재역산 트래커'!$B$5:$B$429,$B11) | D11: =COUNTIFS('소재역산 트래커'!$B$5:$B$429,$B11,'소재역산 트래커'!$G$5:$G$429,"A(가을)") | E11: =COUNTIFS('소재역산 트래커'!$B$5:$B$429,$B11,'소재역산 트래커'!$AD$5:$AD$429,"출고일 미정") | F11: =COUNTIFS('소재역산 트래커'!$B$5:$B$429,$B11,'소재역산 트래커'!$P$5:$P$429,"X")+COUNTIFS('소재역산 트래커'!$B$5:$B$429,$B11,'소재역산 트래커'!$P$5:$P$429,"부분") | G11: =COUNTIFS('소재역산 트래커'!$B$5:$B$429,$B11,'소재역산 트래커'!$O$5:$O$429,"O") | H11: =COUNTIFS('소재역산 트래커'!$B$5:$B$429,$B11,'소재역산 트래커'!$AE$5:$AE$429,"★*") | I11: =COUNTIFS('소재역산 트래커'!$B$5:$B$429,$B11,'소재역산 트래커'!$AF$5:$AF$429,"조율완료")
B12: 문도혁 | C12: =COUNTIF('소재역산 트래커'!$B$5:$B$429,$B12) | D12: =COUNTIFS('소재역산 트래커'!$B$5:$B$429,$B12,'소재역산 트래커'!$G$5:$G$429,"A(가을)") | E12: =COUNTIFS('소재역산 트래커'!$B$5:$B$429,$B12,'소재역산 트래커'!$AD$5:$AD$429,"출고일 미정") | F12: =COUNTIFS('소재역산 트래커'!$B$5:$B$429,$B12,'소재역산 트래커'!$P$5:$P$429,"X")+COUNTIFS('소재역산 트래커'!$B$5:$B$429,$B12,'소재역산 트래커'!$P$5:$P$429,"부분") | G12: =COUNTIFS('소재역산 트래커'!$B$5:$B$429,$B12,'소재역산 트래커'!$O$5:$O$429,"O") | H12: =COUNTIFS('소재역산 트래커'!$B$5:$B$429,$B12,'소재역산 트래커'!$AE$5:$AE$429,"★*") | I12: =COUNTIFS('소재역산 트래커'!$B$5:$B$429,$B12,'소재역산 트래커'!$AF$5:$AF$429,"조율완료")
B13: 박술홍 | C13: =COUNTIF('소재역산 트래커'!$B$5:$B$429,$B13) | D13: =COUNTIFS('소재역산 트래커'!$B$5:$B$429,$B13,'소재역산 트래커'!$G$5:$G$429,"A(가을)") | E13: =COUNTIFS('소재역산 트래커'!$B$5:$B$429,$B13,'소재역산 트래커'!$AD$5:$AD$429,"출고일 미정") | F13: =COUNTIFS('소재역산 트래커'!$B$5:$B$429,$B13,'소재역산 트래커'!$P$5:$P$429,"X")+COUNTIFS('소재역산 트래커'!$B$5:$B$429,$B13,'소재역산 트래커'!$P$5:$P$429,"부분") | G13: =COUNTIFS('소재역산 트래커'!$B$5:$B$429,$B13,'소재역산 트래커'!$O$5:$O$429,"O") | H13: =COUNTIFS('소재역산 트래커'!$B$5:$B$429,$B13,'소재역산 트래커'!$AE$5:$AE$429,"★*") | I13: =COUNTIFS('소재역산 트래커'!$B$5:$B$429,$B13,'소재역산 트래커'!$AF$5:$AF$429,"조율완료")
B14: 박지인 | C14: =COUNTIF('소재역산 트래커'!$B$5:$B$429,$B14) | D14: =COUNTIFS('소재역산 트래커'!$B$5:$B$429,$B14,'소재역산 트래커'!$G$5:$G$429,"A(가을)") | E14: =COUNTIFS('소재역산 트래커'!$B$5:$B$429,$B14,'소재역산 트래커'!$AD$5:$AD$429,"출고일 미정") | F14: =COUNTIFS('소재역산 트래커'!$B$5:$B$429,$B14,'소재역산 트래커'!$P$5:$P$429,"X")+COUNTIFS('소재역산 트래커'!$B$5:$B$429,$B14,'소재역산 트래커'!$P$5:$P$429,"부분") | G14: =COUNTIFS('소재역산 트래커'!$B$5:$B$429,$B14,'소재역산 트래커'!$O$5:$O$429,"O") | H14: =COUNTIFS('소재역산 트래커'!$B$5:$B$429,$B14,'소재역산 트래커'!$AE$5:$AE$429,"★*") | I14: =COUNTIFS('소재역산 트래커'!$B$5:$B$429,$B14,'소재역산 트래커'!$AF$5:$AF$429,"조율완료")
B15: 박진아 | C15: =COUNTIF('소재역산 트래커'!$B$5:$B$429,$B15) | D15: =COUNTIFS('소재역산 트래커'!$B$5:$B$429,$B15,'소재역산 트래커'!$G$5:$G$429,"A(가을)") | E15: =COUNTIFS('소재역산 트래커'!$B$5:$B$429,$B15,'소재역산 트래커'!$AD$5:$AD$429,"출고일 미정") | F15: =COUNTIFS('소재역산 트래커'!$B$5:$B$429,$B15,'소재역산 트래커'!$P$5:$P$429,"X")+COUNTIFS('소재역산 트래커'!$B$5:$B$429,$B15,'소재역산 트래커'!$P$5:$P$429,"부분") | G15: =COUNTIFS('소재역산 트래커'!$B$5:$B$429,$B15,'소재역산 트래커'!$O$5:$O$429,"O") | H15: =COUNTIFS('소재역산 트래커'!$B$5:$B$429,$B15,'소재역산 트래커'!$AE$5:$AE$429,"★*") | I15: =COUNTIFS('소재역산 트래커'!$B$5:$B$429,$B15,'소재역산 트래커'!$AF$5:$AF$429,"조율완료")
B16: 이재헌 | C16: =COUNTIF('소재역산 트래커'!$B$5:$B$429,$B16) | D16: =COUNTIFS('소재역산 트래커'!$B$5:$B$429,$B16,'소재역산 트래커'!$G$5:$G$429,"A(가을)") | E16: =COUNTIFS('소재역산 트래커'!$B$5:$B$429,$B16,'소재역산 트래커'!$AD$5:$AD$429,"출고일 미정") | F16: =COUNTIFS('소재역산 트래커'!$B$5:$B$429,$B16,'소재역산 트래커'!$P$5:$P$429,"X")+COUNTIFS('소재역산 트래커'!$B$5:$B$429,$B16,'소재역산 트래커'!$P$5:$P$429,"부분") | G16: =COUNTIFS('소재역산 트래커'!$B$5:$B$429,$B16,'소재역산 트래커'!$O$5:$O$429,"O") | H16: =COUNTIFS('소재역산 트래커'!$B$5:$B$429,$B16,'소재역산 트래커'!$AE$5:$AE$429,"★*") | I16: =COUNTIFS('소재역산 트래커'!$B$5:$B$429,$B16,'소재역산 트래커'!$AF$5:$AF$429,"조율완료")
B17: 정영준 | C17: =COUNTIF('소재역산 트래커'!$B$5:$B$429,$B17) | D17: =COUNTIFS('소재역산 트래커'!$B$5:$B$429,$B17,'소재역산 트래커'!$G$5:$G$429,"A(가을)") | E17: =COUNTIFS('소재역산 트래커'!$B$5:$B$429,$B17,'소재역산 트래커'!$AD$5:$AD$429,"출고일 미정") | F17: =COUNTIFS('소재역산 트래커'!$B$5:$B$429,$B17,'소재역산 트래커'!$P$5:$P$429,"X")+COUNTIFS('소재역산 트래커'!$B$5:$B$429,$B17,'소재역산 트래커'!$P$5:$P$429,"부분") | G17: =COUNTIFS('소재역산 트래커'!$B$5:$B$429,$B17,'소재역산 트래커'!$O$5:$O$429,"O") | H17: =COUNTIFS('소재역산 트래커'!$B$5:$B$429,$B17,'소재역산 트래커'!$AE$5:$AE$429,"★*") | I17: =COUNTIFS('소재역산 트래커'!$B$5:$B$429,$B17,'소재역산 트래커'!$AF$5:$AF$429,"조율완료")
B18: 최지희 | C18: =COUNTIF('소재역산 트래커'!$B$5:$B$429,$B18) | D18: =COUNTIFS('소재역산 트래커'!$B$5:$B$429,$B18,'소재역산 트래커'!$G$5:$G$429,"A(가을)") | E18: =COUNTIFS('소재역산 트래커'!$B$5:$B$429,$B18,'소재역산 트래커'!$AD$5:$AD$429,"출고일 미정") | F18: =COUNTIFS('소재역산 트래커'!$B$5:$B$429,$B18,'소재역산 트래커'!$P$5:$P$429,"X")+COUNTIFS('소재역산 트래커'!$B$5:$B$429,$B18,'소재역산 트래커'!$P$5:$P$429,"부분") | G18: =COUNTIFS('소재역산 트래커'!$B$5:$B$429,$B18,'소재역산 트래커'!$O$5:$O$429,"O") | H18: =COUNTIFS('소재역산 트래커'!$B$5:$B$429,$B18,'소재역산 트래커'!$AE$5:$AE$429,"★*") | I18: =COUNTIFS('소재역산 트래커'!$B$5:$B$429,$B18,'소재역산 트래커'!$AF$5:$AF$429,"조율완료")
B19: 최진민 | C19: =COUNTIF('소재역산 트래커'!$B$5:$B$429,$B19) | D19: =COUNTIFS('소재역산 트래커'!$B$5:$B$429,$B19,'소재역산 트래커'!$G$5:$G$429,"A(가을)") | E19: =COUNTIFS('소재역산 트래커'!$B$5:$B$429,$B19,'소재역산 트래커'!$AD$5:$AD$429,"출고일 미정") | F19: =COUNTIFS('소재역산 트래커'!$B$5:$B$429,$B19,'소재역산 트래커'!$P$5:$P$429,"X")+COUNTIFS('소재역산 트래커'!$B$5:$B$429,$B19,'소재역산 트래커'!$P$5:$P$429,"부분") | G19: =COUNTIFS('소재역산 트래커'!$B$5:$B$429,$B19,'소재역산 트래커'!$O$5:$O$429,"O") | H19: =COUNTIFS('소재역산 트래커'!$B$5:$B$429,$B19,'소재역산 트래커'!$AE$5:$AE$429,"★*") | I19: =COUNTIFS('소재역산 트래커'!$B$5:$B$429,$B19,'소재역산 트래커'!$AF$5:$AF$429,"조율완료")
B20: 합계 | C20: =SUM(C11:C19) | D20: =SUM(D11:D19) | E20: =SUM(E11:E19) | F20: =SUM(F11:F19) | G20: =SUM(G11:G19) | H20: =SUM(H11:H19) | I20: =SUM(I11:I19)
B23: 공유 메시지 (관계부서 발송용)
B24: 27FW 출고계획은 생진테 출고예정주차 기준으로 운영되며, 생산도 동 일정에 맞춰야 합니다. 관건은 소재일정의 정확성입니다. 출고일 2주 전에는 제품이 입고되어야 하고, 제품입고 기준 100일 전에는 소재가 입고되어야 합니다(FW 봉제 난이도 반영). 미얀마 공장은 띤쨘 휴무(4/9~4/18), 인도네시아 공장은 르바란 휴무(3/4~3/17)로 생산기간이 겹치는 만큼 소재 마감이 추가로 앞당겨집니다. 이 마감까지 소재 입고가 확인되지 않았거나, 현시점 작업지시서가 발행되지 않은 A코드(가을상품)는 납기 준수가 어렵습니다. CMT는 본사(소재팀), 완사입은 생산처에서 소재 입고 가능일을 회신해 주시기 바랍니다.
